name,turnover,holding_period_days,concentration_hhi,buy_sell_symmetry,volatility_pref,ind_交通运输,ind_传媒,ind_公用事业,ind_农林牧渔,ind_化工,ind_医药生物,ind_商贸零售,ind_国防军工,ind_基础化工,ind_家用电器,ind_建筑材料,ind_建筑装饰,ind_房地产,ind_有色金属,ind_机械设备,ind_汽车,ind_煤炭,ind_环保,ind_电力设备,ind_电子,ind_石油石化,ind_社会服务,ind_纺织服饰,ind_综合,ind_美容护理,ind_计算机,ind_轻工制造,ind_通信,ind_钢铁,ind_银行,ind_非银金融,ind_食品饮料
sim_acct_0000,5.568897884428048,85.61404837250065,0.46104085215621426,0.41913089207350485,0.08714390076036152,0.2277842160089638,1.396287310226704e-16,7.114999514887519e-27,1.935979854876963e-28,7.037052278277095e-34,3.777024468330342e-97,0.00031208144335190334,1.539533194890616e-59,3.3635454138876524e-69,2.6211520382215805e-10,3.643233796367507e-53,4.229764656940475e-22,2.879957903121947e-16,8.791712861681592e-25,1.1362598153466526e-53,5.207212560988084e-51,0.4915731111036774,7.053076464476849e-22,3.3164977316389507e-34,9.88973504636882e-63,0.06712711558982501,4.018839980355555e-39,0.139900502322827,5.917198108584743e-20,1.3753570219835454e-10,1.9132923337703924e-25,2.333387750772407e-62,4.878661040730993e-49,0.003484195472143544,5.128015486514572e-05,8.81336990968419e-50,0.06976749750469487
sim_acct_0001,72.03286065518455,3.026235324534535,0.31276155927135546,0.477258296858422,0.12146736287174091,0.11526565493365824,4.313835742687044e-62,3.1528468325570595e-12,3.5183308105938003e-07,5.6720430385592224e-30,3.109008596422978e-21,7.067870043149434e-05,0.04888317940030352,3.406529758197803e-95,2.5183506920993757e-81,7.094948664576865e-09,0.09787595435703642,1.013849690168324e-70,0.3662534338391859,4.352064191978014e-06,0.32698855252286535,1.5867765528032143e-36,3.2136937560276393e-15,0.0019819434315221105,0.012730815415865565,1.1119077673282164e-06,0.001328990565843254,6.516093725868584e-15,8.624718606761225e-61,0.00017042645360486566,0.022838667898443594,3.4260634604710733e-46,0.0014249513981072178,7.555644235228808e-08,1.16220392656828e-33,0.004180852623538531,8.828280997904572e-60
sim_acct_0002,41.867235269566514,7.094110462754585,0.31731746609238454,0.4509905431248561,0.027423798314457435,1.406845624889569e-61,0.010823389089656665,5.2455079732613075e-25,5.055854979069562e-28,8.679549895736241e-39,5.559290371071711e-07,1.4412698196675137e-19,4.904315866078116e-07,0.3306806352325343,1.3304119985421303e-19,0.045062147339874674,2.4593233052872044e-18,1.19698237374135e-59,0.04375963928835101,0.0028810005639947726,8.012216464110655e-18,3.7546891868456755e-12,3.827833153962866e-29,0.10229711430031112,0.21707904789117605,0.24636883670697113,3.0184438563004094e-08,2.781494933583126e-10,4.981520577385467e-14,3.391586832899655e-70,0.0010461621442109088,1.997159098860602e-31,5.136124007895687e-34,4.861553759501412e-14,6.282588118243722e-66,3.845569780533688e-51,9.506158544929577e-07
sim_acct_0003,7.903129662682168,63.740518350978995,0.4072567514198731,0.5702044556086793,0.09054479637707769,0.14012902268937694,0.0023391514999467162,1.3916221430042155e-119,7.520657012465132e-25,0.00031981520452256353,1.3007629937077112e-57,0.19547165654103663,1.700709347595685e-20,8.844614834195332e-86,6.370151150045128e-36,2.1002134202496952e-87,3.2984868188604102e-15,1.2267014060371e-14,2.4924866176431353e-48,2.6026760923055306e-19,1.3664631108324234e-92,0.05816023277245597,1.0960479589971254e-113,1.1387910423970507e-63,1.594359269321598e-11,0.05119208455020175,2.5433963151985392e-76,0.484094971409005,4.072748780238636e-13,1.7929380149833963e-39,1.881604726523533e-56,2.3666588215439733e-07,7.899916708528837e-21,0.04200650987276596,0.02628631877843997,1.261455573808312e-58,6.181671190766872e-39
sim_acct_0004,97.52074646245781,3.363059047155688,0.4725297328949386,0.4247599191233045,0.1145194316253154,3.680274548275666e-22,0.024341216281503195,1.3244567657305786e-06,1.0671503949098543e-105,1.706937753945681e-15,4.043369059905438e-13,0.0004312716130094555,0.002087064583837223,2.4879563043001963e-52,6.230276968047479e-61,8.273531298611988e-06,0.0001035439117815127,8.908361466489821e-38,0.5774724566251387,9.565555977063629e-10,4.214420139135606e-10,1.0351580996048743e-62,1.6896409029914696e-108,0.15974960160137908,0.0006124219819533263,5.939400299834925e-05,3.631980638798792e-05,6.071054305354892e-18,8.114615883099441e-31,9.323877658197044e-81,0.0011895569513625612,8.385644276384579e-07,3.2269028314102125e-14,5.380436499547844e-22,5.840356619420882e-52,0.23390671470972071,1.628241987483704e-24
sim_acct_0005,36.12929387886696,9.766352514092127,0.40699998672187104,0.4090907207699917,0.03152152765681899,5.953007624159047e-21,0.006804064473310572,1.043331132294273e-20,1.3105885192105228e-05,9.512684013894994e-63,8.358619372192817e-09,2.82209211765978e-20,6.334104354023408e-05,0.2107076524104471,4.531709730267206e-115,0.00010089528501672569,1.0127691623269577e-39,3.8758925424107696e-19,0.001052099908249808,0.2130081382232863,0.037279192106971115,8.608563329780372e-05,0.010928479332051856,0.07548152736529011,0.22997481251209587,0.20387131276580772,2.8422301861615066e-42,3.8302304333506676e-75,2.4087345279458105e-23,8.474352609559931e-43,0.010607767177276264,6.803720415974646e-08,1.51660334227543e-43,1.1423926296749407e-12,3.0002232818502966e-96,2.1449481161367315e-05,3.915656744526734e-14
sim_acct_0006,4.683798720493474,56.787114860212476,0.6298032572828419,0.4098506191225993,0.0594967992473397,0.3022739108316663,7.2420025023304475e-71,6.69077341221212e-225,6.740501391381255e-107,2.868436161947366e-21,5.0498436867899296e-12,0.004288554808472599,1.2378138104332113e-10,8.122537752795567e-10,4.108638164021912e-21,2.9827524427119734e-23,1.499853158544454e-18,0.00010216897514614656,1.6690844488549376e-68,1.0565924483842773e-53,3.0808488502442975e-42,0.20156298612476584,2.0984863558071847e-60,3.598999920961589e-26,0.0077973023374221595,0.17872726263448235,5.936878521360639e-183,0.3037976388515585,4.137854179428644e-06,3.201483299185676e-26,2.6717240232704013e-22,6.114701141922239e-43,6.882107274662571e-97,1.207918302926838e-08,0.001446024561982387,1.4204110854661203e-27,5.628019549093636e-14
sim_acct_0007,95.20443716668629,2.7160457771454882,0.29739694859168275,0.5064829246338357,0.12313708164176106,0.00026572851856923623,1.2818568386540788e-60,0.0004890482814123351,1.7020060042824986e-48,2.621508000633359e-12,0.003671405324868435,0.005364174346365085,0.026560189350911468,2.376845229377952e-28,0.20061454471449472,0.0056077427995895246,0.0011808836912675011,2.1175083602540696e-108,0.512616761795463,0.006350743652075899,0.0005285121757704344,1.2925372563576757e-53,4.565078086726e-79,0.003646995114618028,0.0029629139096304653,3.5377926112402725e-23,8.953878220173455e-26,9.328546740496647e-14,2.3185246058445273e-207,5.234336957118779e-21,0.03467321059915163,2.3704534674915125e-47,7.647861039337879e-52,5.643918479512298e-15,2.4521228661751536e-06,0.19546469355916923,4.105619772031544e-11
sim_acct_0008,37.44881293168716,9.189065703361212,0.4255924661681253,0.4465538847709219,0.029459507541147345,5.777571188379286e-99,0.0005991563790444888,4.0865736542441294e-10,2.8418909864519688e-46,2.0886271921045856e-18,0.08849525914383007,0.0003444593859816606,0.12644570845375175,0.09535778137262872,4.268251900387845e-15,2.2208256740306244e-129,9.369002254491242e-06,9.703632878670934e-10,0.255883553935665,0.06997532128570574,1.7471802502552676e-09,5.834464389010954e-09,2.8753423071156835e-21,0.04872088493854363,0.14934001679218054,0.03595294077774402,1.0826468203678483e-32,7.609302484782799e-97,1.9823117300335168e-13,9.70198996518279e-50,0.1288713842318328,6.241169177817769e-23,6.899191586593497e-78,1.6998887323164435e-135,3.578199699845044e-101,5.275178579041623e-46,4.155339969271086e-06
sim_acct_0009,5.399680392694199,46.823914711996466,0.5333372524376889,0.494644348993075,0.08332863816860164,0.08612496794052865,1.8970948462533252e-94,1.3824352578418176e-50,2.161391109473893e-16,2.991518319156612e-28,4.49363616210454e-46,0.06758073102823672,0.003737393174219388,3.6655856067544394e-29,4.05166479779394e-80,1.0079214964388192e-07,6.452124610728841e-26,9.030313972440577e-14,9.62789603966799e-23,2.757316340943304e-06,0.00040873566143644297,0.13249668589581146,2.3545734162726973e-07,1.0665807436459845e-46,9.274419485682512e-13,0.4717869166745052,1.4053625677957327e-165,0.07172838639087682,5.0081051463514885e-65,4.676894384005815e-11,2.58175939004299e-177,0.15890816907776847,0.0027996744875937586,1.5665635381072713e-05,0.004409518413606177,6.20064168772972e-08,3.930743356343681e-18
sim_acct_0010,86.43131689695495,3.6427395396548103,0.2900624965553381,0.4554959079515542,0.11195763119117697,0.0013313515489503094,1.0749793575453326e-63,5.5443761835370235e-18,7.772394231339531e-29,1.6985158123005327e-47,8.707280109600231e-09,5.083272508862287e-06,0.0037811538926569794,4.192483994452837e-07,4.2169962853431005e-47,0.027248555004302653,0.2585759277093076,3.22153972503294e-64,0.22501054693928788,0.004415102460067004,0.0016952056502981003,1.277600582809742e-28,5.432746405086164e-36,0.17281786634913085,0.11872696187747071,0.0038053812378770415,0.00022772352342348548,6.666922030111156e-31,0.00637788350884817,1.950755574732759e-43,0.0834594257004872,5.40623708715523e-57,9.907878312160439e-92,0.0003238707149487539,3.5801440206362056e-53,0.09219753257641462,7.83399880976512e-11
sim_acct_0011,37.722111014757495,8.159475484744359,0.3967046981745505,0.5119743170149682,0.031242004746113754,8.607157779268943e-33,0.06978228280744693,5.3155557841243544e-11,9.086455818534678e-62,4.592049224263178e-95,3.521741279107959e-05,1.669580674775031e-91,0.03379576110281869,0.5058207705032398,0.00010440004489031216,1.7065826607783694e-25,3.2628961488877135e-12,9.79868124928642e-47,0.025667704336840912,0.04681693466317264,0.0003702774681065989,3.280666832570528e-44,1.3745356847361401e-21,0.09597419366095723,0.16323190819721256,0.02891210645374691,1.7974784406876524e-20,2.0947298270840263e-25,3.803470576328377e-27,4.1448808981942974e-42,0.02916125800063435,5.210054021337355e-06,4.322935322932937e-52,3.1815520308718094e-32,1.6717903472997325e-14,8.843024450741822e-77,0.0003219752376853747
sim_acct_0012,6.600986702708302,53.442000631976285,0.5318205613011219,0.5828574883758036,0.07996574871166451,0.5347303396990829,2.1370287431967088e-16,4.270873280596022e-52,1.655364515545429e-27,4.840049627206037e-45,6.003433005738636e-68,0.047413733048774484,8.73119883754503e-24,0.012831151018515246,6.3489396804966195e-27,3.113712621378477e-33,1.8184471584595625e-08,5.76104490629912e-24,2.950989932168354e-52,3.0455029112000854e-13,9.030871970329348e-50,0.06797973142923742,2.3474053534375865e-06,1.3093025482113553e-17,1.9701733018825948e-63,0.08289147654616412,1.3246781923035109e-38,0.2007735996843379,1.0266853236917195e-36,3.848770275313485e-21,6.890114652142748e-55,2.964900637452026e-42,3.4507641300743034e-27,1.5250808607832722e-11,0.05337760296850698,1.839540936874732e-40,2.218593236368917e-106
sim_acct_0013,89.00639895581072,2.8453083476207004,0.27698680480010823,0.5427855983826883,0.1043277921664034,5.44713111235166e-29,0.0017691805369208767,2.9987971723863665e-07,7.244475920097577e-25,0.008280571037701854,6.978077250541358e-08,0.04885510048130917,0.037237521626080815,2.0288072517890265e-36,6.262633657930486e-75,3.739333274309779e-10,0.00479916593988722,5.582549536924593e-256,0.638754027129557,2.3617219747256472e-11,0.002313007671744729,1.7917853931090055e-35,1.9548759504932594e-29,0.002173427858416128,0.029817641832885246,1.6968673591944146e-09,6.910269860370239e-23,2.1139633491655104e-114,2.3652185693852705e-17,6.791569476099183e-07,0.12080243862559792,5.438429611620704e-48,1.9287567924892932e-05,1.1484912614911818e-10,1.3767764265255688e-50,0.10517757866526956,2.2299677255106989e-35
sim_acct_0014,30.215465464942447,7.76986788296231,0.37369964836253794,0.49681240470290755,0.03756257216774645,9.267843199167116e-26,0.05090458894376398,4.661227818892626e-07,9.965348271905786e-14,4.991227331308566e-14,4.255770031169486e-05,8.953724366209157e-12,0.038783768555875404,0.23729767867812002,5.254145211481774e-57,4.754698720940453e-35,3.901306682788512e-31,2.736598315251902e-53,0.006648046817113387,0.06496970466220306,2.090348631745174e-45,9.152189830349164e-21,0.09947150818525034,0.31273929206373313,0.13211273496805342,0.055563175004003096,8.704662286033075e-64,9.839838321810456e-55,6.287274456225846e-78,3.1536274719307904e-130,5.322323235613904e-05,5.729165144759166e-96,1.154640102669738e-47,6.183935181659604e-66,3.229234923799411e-23,2.4931623518471486e-54,0.0014132550573311882
sim_acct_0015,5.5819951785671,47.66160750697247,0.47910503309834496,0.4595065256853069,0.0628552596230777,0.2890213584171857,1.413443841098956e-13,2.8574931975270237e-40,5.5017413696221466e-117,7.063362771176965e-23,2.0535380849315065e-53,0.018409315274201737,5.117273824647815e-12,3.0917494356254862e-24,2.2600301648272412e-08,3.425966671555608e-16,3.37190529355973e-58,7.971680229974644e-13,5.441034126913769e-87,5.0798943384399233e-39,9.085418952895452e-07,0.1721360496935768,9.651615433854311e-113,4.0002656506700125e-33,8.20058018529256e-07,0.3364845588358941,0.017622102052057713,0.16334854718269287,2.887254755905996e-31,1.0413089355833603e-30,1.2190879975162418e-108,1.7328898206946165e-24,4.8786245111491154e-161,0.0002548914874324733,0.0027177328002675025,3.693050419686955e-06,2.3773715352699316e-34
sim_acct_0016,71.533859907707,3.4261579037299286,0.3711066557017642,0.540502775227509,0.16293433131522544,5.760513240475898e-12,3.3902634782004404e-36,1.3053753468914685e-21,1.3264087870922065e-53,6.858386291641367e-63,0.022205516766816258,9.44309093952886e-11,0.021871879121787854,4.700985833564678e-67,4.534528778924682e-65,0.005598135562861656,0.0005638221126750304,4.53517968170273e-60,0.8047543221986945,1.5192852791758543e-08,2.53702469088574e-09,2.1432588762961923e-29,0.004329634356840749,0.1160417285124855,0.00026384769977328337,0.0014871438801866434,2.392257811879905e-08,3.627536679317859e-24,2.759000423061489e-120,1.0844540744949894e-19,0.0003214998188092039,2.3259444178415222e-27,2.898701059983487e-147,1.050818843084435e-06,0.0005196270538885116,0.022041750339870225,3.8201642614960525e-12
sim_acct_0017,34.23607447364384,5.880363028440321,0.4947607985097469,0.5497254662486571,0.03881299280260813,9.413440963905979e-09,0.3217617255663377,2.3747340089194924e-19,0.0014785175999386994,1.0771866231860448e-29,0.010679299634336064,4.2240863332170706e-29,0.030891614925031757,0.17381047165913155,1.0168447617368962e-08,1.314096120215241e-29,9.431501783537387e-18,2.9238107237099188e-33,7.872127099316916e-06,0.0020817374704849745,9.28967389551437e-25,5.581937084450299e-247,5.854994565265196e-05,0.2313314582438319,0.18754651512703874,0.027793348319991473,4.819730558336578e-11,5.760412178356906e-110,5.454550563876301e-54,1.0236479486955143e-26,0.012558869751039354,9.4791916099597e-56,1.1652643176660987e-35,1.1072578681711523e-60,1.032318313232283e-40,7.033986158135455e-40,1.6552412704509824e-18
sim_acct_0018,4.336967941981273,52.99303331062198,0.37548470846881055,0.3800652115492842,0.06984117816687706,0.10882538676143141,2.0383510814440877e-80,2.1776692222834988e-39,1.5436434001777992e-119,2.0577909047323292e-32,1.8620703631223329e-59,0.007312085892448044,2.437404094850843e-05,2.340179014704314e-39,1.3755648774599943e-11,8.455150672997587e-17,6.739629121687574e-89,3.319185562520793e-136,7.739620653873286e-61,3.418430572419484e-25,2.32451549889524e-23,0.18971003032688166,1.2998059111141077e-89,0.012164407585272721,2.387975091278135e-39,0.0033112202466385287,6.581799524744004e-40,0.6671896145438155,3.135621365879845e-17,2.0310489105480216e-91,2.6172456361410507e-193,9.96340361035344e-30,2.153491158594993e-101,0.011462879230295944,1.3540296535718594e-09,4.482189891839192e-12,6.007785789021859e-40
sim_acct_0019,80.63053762783774,3.4186323027603542,0.27303366581148375,0.5281956609406622,0.09276792677802768,2.6359637224295766e-27,1.9696567429391555e-09,4.58490090015026e-16,1.4957897322562112e-19,1.2187810823417206e-21,0.02526982951127857,0.0007466206264275351,0.10550170230339875,2.953938045258334e-89,0.0012651606415823525,0.0031536780068640666,0.05030879060004925,1.7044720552908001e-140,0.30637099014040325,8.85656683094615e-05,0.013308400430309855,3.5379337031362646e-107,6.611424914009498e-38,0.35581645799170153,0.0018429992612261825,1.45403503296596e-14,1.591216288349958e-42,8.942414698931905e-191,1.8972894388153184e-11,1.197124694919613e-96,0.00017084233621326276,7.971403899857267e-28,5.466693518375978e-66,3.845720467738804e-06,2.970239497142585e-61,0.13615211477312342,2.0057121998807287e-106
sim_acct_0020,49.57559189550075,6.885483593498561,0.31434404028528845,0.5030207711295053,0.03306708089575467,4.659138961720141e-33,0.03889453860794092,4.125686063290836e-05,3.5135823210472866e-28,1.489954362343452e-37,1.233780757891733e-11,1.2293246034416485e-06,1.973465496254918e-12,0.6584277728314205,2.2655144940240972e-26,3.100381436128902e-81,4.111099194692989e-287,8.119664162682564e-08,0.008831322276910787,0.0001161766566380856,2.0291824686670498e-16,4.5479123766794374e-66,1.776234441691026e-21,0.1426035064019717,0.10060141187912708,0.030018956315016596,1.0478355695953992e-21,1.1030590821314835e-06,2.548359289565957e-50,2.8123711190654705e-32,0.020462643358181338,1.5264938590443997e-71,3.2210026234666903e-12,4.8492475933940315e-15,7.783612961176607e-17,2.4995791572674756e-35,1.2142952599303113e-09
sim_acct_0021,6.014432013075672,48.27092096968567,0.45312846394745937,0.4206691392697494,0.0686027554326226,0.042002977144125604,2.8397632866616762e-11,8.267658540085129e-100,3.9129766792749174e-23,5.339826883925528e-34,2.0155846166690653e-19,0.002518191868537855,2.378988236722023e-13,6.32489758379571e-54,4.3440610628624186e-07,2.989256535381353e-44,2.705472477915129e-125,2.7875796382229247e-12,2.0746679185113105e-77,3.4615201584750266e-21,5.623992847248907e-35,0.13252216117174187,5.326721614001924e-31,4.338248572857746e-22,1.903102325336275e-68,0.24087186412951506,1.3837881671017692e-66,0.34988336341340365,1.4146504647914223e-06,7.169682869456953e-138,3.082875333994158e-06,1.114885295014201e-39,6.275103531351917e-65,0.0776577240288489,0.15453878628049883,2.798855623397699e-40,1.2509659216664176e-39
sim_acct_0022,77.06627338184505,3.584473137712412,0.282704019128226,0.5084603762657136,0.13805721561740053,1.3609877050046602e-07,1.4827187267150233e-27,2.4498236620399216e-14,1.7455206100635234e-39,4.4412445068449475e-31,2.0413776077891317e-06,4.192443439194196e-07,0.004766267362833237,2.661662112452847e-130,2.5854182212048373e-16,0.055370608695280196,0.16711764350055597,0.00017337936230237856,0.27976222427154157,0.03711750941455611,0.03278048328274097,5.486376609617019e-24,2.0408827698966852e-85,0.3855086540897436,0.027218211441710948,1.1507469654787714e-11,3.819973486244972e-30,6.526499911830437e-19,8.77195435456805e-59,3.80906703061841e-49,0.010029991261980578,1.2471497997216702e-48,2.91953344013535e-49,5.383329551739209e-06,1.7630740526258198e-10,0.0001470470667476665,1.189308285953329e-11
sim_acct_0023,31.35924653800283,7.02139413314374,0.40839571504083555,0.4617244392505032,0.03714003206030144,8.651656130063499e-55,0.02824236177337551,1.2249395946585516e-69,8.617128159817886e-08,1.155332049390149e-15,1.4063812841611088e-11,1.1526007459525954e-96,0.5011468625005506,0.3048431638697874,5.398491923629024e-29,1.4311637561431607e-15,8.948553501106117e-101,2.8680636734386876e-220,0.012783623178316859,0.0006792538905075286,0.006492432986795138,1.0760883217882689e-12,6.728583511144524e-08,0.10014812038233373,0.012249706666424694,0.0004063620333122488,6.554271021108925e-23,3.4000287200303706e-26,3.5314797842163554e-06,5.0392493255634483e-17,0.03297831547565686,3.648186450267696e-23,1.2719769479528398e-81,3.8258024466043195e-06,2.228648844537484e-05,4.01708646601617e-15,4.34914076014554e-19
sim_acct_0024,5.0277647128892164,44.75072841243542,0.5308316365201607,0.645964219486642,0.05252553990066077,0.513081404935495,4.946910678003992e-199,1.5314386071299368e-33,5.267578607375714e-46,1.1421448990534128e-26,2.009619021114706e-20,0.000154130544468953,1.915389693468839e-55,3.321123314437789e-23,3.032018845900273e-24,1.01744438628854e-16,2.69433421184904e-81,2.833728401450267e-40,2.641566433394308e-67,8.444068022106857e-26,3.7477161546698245e-134,0.21592371753317108,3.171252421022042e-47,9.073720359712404e-65,2.1852648754770334e-14,0.0065512601655090315,0.0052386096446285614,0.18318319087285467,9.51930288756315e-55,0.056829147895933824,9.973847347754961e-57,0.018722984872071004,1.9771859564428e-06,6.138455888985134e-09,0.0002991601203677001,1.4410091065770121e-05,6.735045709359489e-40
sim_acct_0025,106.46432126554237,2.773652171593462,0.31885584277742096,0.5712492976516734,0.10245432059717999,1.5181367369910424e-15,2.3309210274467457e-27,0.010611905884888518,6.032131964555682e-12,2.3409115220723374e-28,4.5041921778707847e-07,7.571854762977803e-07,0.02056903643944101,9.666192338737362e-34,1.54107183072107e-26,0.003815530985192658,4.294058447084271e-06,9.125781694081949e-127,0.6027267592919906,3.5358311778638195e-05,4.7800721865306896e-14,3.39441558185112e-42,8.188476689759796e-10,0.014689875058986114,0.05412687284147545,2.0426753234954272e-11,0.0345077734862479,0.2115394660444775,6.123209372717286e-17,0.0008222357819001092,0.0017953369840459068,3.564404415137294e-117,6.390916969390469e-26,7.146861890865919e-13,8.680266417073738e-23,0.044754346380363894,5.18293826263653e-92
sim_acct_0026,26.338666248053144,7.543486999676668,0.3431269448740838,0.5041260344780222,0.03524114134073245,6.705861165445395e-116,0.0006183280729455885,6.968689528342577e-12,5.4867515216104415e-58,0.00010400741831455583,0.010768236212377212,2.2247012195805165e-76,0.00013419062171737055,0.30198283356523065,6.983892962425278e-24,1.578672091084055e-119,2.1609100880539792e-34,9.407025147198488e-10,0.024269615110990565,4.0728143382686855e-05,0.04744146822020608,7.139133681639033e-190,1.0873612451449602e-15,0.08499708113135471,0.15207585338470855,0.2669649320758247,3.0723686415996676e-09,2.0299971756017004e-12,3.7498155319000015e-09,5.856661504741583e-12,0.02801032199140304,1.1575445166040817e-20,8.97403987097604e-229,3.95799008974755e-20,3.640772626661543e-22,1.3246755069547477e-81,0.08259239627380101
sim_acct_0027,4.545678297619592,48.55265152835378,0.4964430663079075,0.5273118719837693,0.06311979568026108,0.10897049390815022,1.8624094577388946e-20,1.5897279117286085e-17,3.912750466064456e-12,1.1633263159771518e-11,3.087415653367952e-18,0.005535318914180572,4.281996609172548e-73,1.1442034569773337e-39,2.5402036089415073e-80,7.274054836872215e-27,1.2466776114686584e-20,1.402626025470766e-10,9.527798466271192e-26,9.390316281494497e-17,1.236088421129985e-41,0.33419264547191174,2.9778451681106536e-11,1.884044211660408e-29,2.8260161890731346e-23,0.13133484328594502,9.580905574310923e-62,0.15292645629902926,8.362926151616283e-26,2.443427791093132e-65,3.6648117480459e-15,0.00015768224384293467,4.388051898729426e-08,0.26657117885252324,0.00021430762330896223,9.702933499595282e-05,2.337168388315312e-15
sim_acct_0028,76.66543011641912,3.5334011665174865,0.31440975258182097,0.5624284136081018,0.14921023412406778,3.0358990766614795e-25,8.8983130991266e-34,0.00020396719427465192,0.0842616758139039,1.3194806414881127e-57,6.082148684434337e-10,0.02537120313841017,0.0009362112074936462,1.242968076276006e-113,7.106247746645022e-78,0.00025393306248287496,0.0004388953362736646,7.135906763807997e-06,0.49546117035047293,5.016492559788989e-12,0.09466130784113706,1.451180188731569e-66,5.866028232065138e-88,0.0012140396497337836,0.043257091121619705,1.2927852033601665e-22,6.630155019599617e-07,8.779050014477838e-06,5.247069600907587e-91,1.917146204872604e-51,0.009534350606463222,3.9460117633791644e-45,3.206148717310819e-47,0.18000037351161094,1.15979388018472e-30,0.0643892025806119,1.0994845810428496e-89
sim_acct_0029,34.06604384523966,6.783327511515428,0.375190542048301,0.4443587705140262,0.033819029768988824,3.433156451148442e-05,0.002087149388122232,4.139153243658888e-09,1.8825762552508315e-37,2.9766437268511327e-12,3.323422650134268e-06,1.5972043185454172e-73,6.370331334250722e-05,0.21819572984274144,1.0192045356368129e-13,5.743209170167919e-40,3.2950126158966064e-18,5.361582280791448e-73,0.08007248219793779,0.00044810382616236485,5.4152457297417615e-36,1.8558958081632256e-122,9.393517738330494e-07,0.0603742557674115,0.2169011966843924,9.309876495632845e-06,4.1310574713095073e-50,1.9912487924782118e-12,3.973680351282553e-49,2.262472511934312e-36,0.4218089508025931,1.8585816902530812e-09,2.4149016851094446e-80,5.65940274186941e-141,5.269259784214477e-15,1.575128365379326e-94,5.179590553100757e-07
sim_acct_0030,6.899550581843639,63.97913304174099,0.5536474493974622,0.5049822236410734,0.07881625310750012,0.21874621039027262,0.0015417260498199654,4.114528412811252e-16,4.479756104345982e-37,5.679665370570569e-55,9.418018909161995e-12,0.03605591153542001,8.855801932594148e-08,1.617332571179842e-85,9.950855798086118e-18,1.1849569255341568e-30,1.7696254367777216e-64,1.362257072735374e-174,1.3749904619360048e-29,0.12925001368572794,3.094935159420701e-40,0.11007044288428623,3.8029217782932754e-11,1.8316428370082518e-39,5.991347981040507e-06,0.05804699755788218,1.919477868454131e-05,0.3513291761999796,1.0320285525907976e-34,5.217954607897529e-80,8.521894366357765e-31,7.81971409049697e-26,1.6428280572077415e-05,0.00018443932250111455,0.09473337936140577,1.8476207621748775e-36,9.62316508834829e-31
sim_acct_0031,109.89651806153644,4.185186252960862,0.24745869967162276,0.570190119520951,0.1537051750143438,1.189232828996413e-17,9.565989183976307e-15,1.2408200129412733e-17,1.0325562725325967e-14,3.672445264472789e-82,0.2411001442427774,2.4063729565268536e-05,0.011763279678338815,4.7994030635176087e-29,7.270353016854908e-05,1.8892772638194417e-07,0.0001471082812678117,8.659206352274111e-29,0.1335891680665737,0.36966807953489117,6.959834738253878e-07,8.348442399281923e-09,1.6175480507633168e-19,0.08707637973638935,3.111905801876932e-05,1.0744784318992574e-16,1.2706071484526034e-08,1.3734934333039254e-09,3.252152578027229e-05,1.3246316871841485e-30,0.0031646785203453265,4.5272176524832684e-39,5.919865004475943e-32,6.313427921660677e-09,9.129071416923722e-05,0.15323854972905887,2.2708040168144174e-30
sim_acct_0032,46.92339699990154,6.836932103175824,0.3373394163785292,0.5882997544411327,0.029226344070028693,2.441297444937135e-32,0.030835690005994582,8.762894537294672e-05,3.3433281793918796e-24,1.5813617558188849e-12,0.02057779357895089,3.353002616046204e-30,0.04186193959761027,0.47560565907088104,1.7504637626276714e-20,6.141909839516151e-61,4.139817203978345e-20,8.384624615048439e-58,0.028485135800534196,0.0044991884752041,3.132173390702074e-11,1.4332939181486928e-79,2.3613366821963907e-14,0.004173682268045511,0.37937136423403234,0.011884428942656393,4.5977138398159065e-33,6.625313957858167e-48,7.314991633894074e-27,7.210236578727076e-70,0.002617489047790931,2.68236585577265e-25,3.2012738060168127e-44,6.118736090478285e-22,9.699578093797755e-22,2.36472180487913e-19,7.649563207112872e-21
sim_acct_0033,5.498811710264512,54.604575449282244,0.4426616439590463,0.4632902488011478,0.07356581346472037,0.2614170977015019,3.3544460867808364e-29,1.851179789690602e-130,4.4716796795215254e-94,8.321608790745582e-123,0.00013623130431360974,0.20141834724832564,5.996686117037464e-141,1.128553261902392e-28,4.542725042179768e-07,9.127043247648564e-43,7.030821699994921e-15,1.7115952897068105e-84,2.263861898884997e-35,1.0774660878383274e-11,1.70018235102526e-32,0.3329237868401738,2.834466090655417e-20,1.1201984739011085e-22,1.1843405297720679e-22,0.06335578999217378,1.426720260112617e-38,0.11778980078957432,6.973583858570424e-227,1.651275164594661e-32,3.042301182020262e-48,4.72316779977179e-49,2.288526666337373e-37,0.0030061717497702318,0.01925543830482436,3.482895839993741e-57,0.0006968817860562485
sim_acct_0034,91.15681820079111,2.7401032867661983,0.22402198855353103,0.49541871502944335,0.1453623937276811,0.0027745045785481258,4.062412619114252e-93,0.02791133282727524,1.010466002629143e-88,5.038493807606541e-56,1.0746037651493587e-18,0.02544435545267153,0.3169027051681931,3.943730014035447e-50,1.0480759522953271e-23,0.005328111804469115,0.0005091034098028264,5.81481062965381e-26,0.38431697518299607,4.31365394006741e-09,0.06933963938756137,1.4963121110786315e-51,0.0008101823187519054,0.0024064009990293223,0.0677710431234288,0.0032565902049412868,3.436290991098645e-25,1.6093803135736965e-52,1.039820871430789e-52,4.8552820204061986e-15,0.026584292362701312,1.085312186655256e-70,1.4879013918264853e-13,0.002527019787528595,1.1748658715425636e-89,0.0641161043377285,1.634740565265376e-06
sim_acct_0035,24.705820838913915,6.670784954840744,0.3056828857192239,0.5117983048703698,0.032825321231983486,2.2936008640183593e-36,0.47899028096858515,3.4385270373024605e-05,1.7332642197627541e-06,0.00021730419305096666,0.0005816878723271844,2.371480599897682e-54,0.0005621468138417914,0.26985859937226603,2.1051843436237697e-50,5.445865010322149e-37,1.074221005824578e-21,1.8944822030608417e-13,0.032816670561310046,0.01414836525002779,0.01636138276812021,8.205513578955748e-38,5.8267679306883635e-05,0.006383855202472276,0.1731267893633958,7.338627709682041e-09,1.3943803338590605e-06,1.4250604342645874e-92,2.101536298973905e-87,3.347461513958858e-104,0.006857119030638807,4.889902669218823e-11,2.8939100250136644e-60,1.0566203481708715e-36,3.52353808502837e-76,4.21691832139063e-24,1.0622013709985192e-08
sim_acct_0036,6.494761844831022,53.6365633406073,0.4392752742202963,0.4867610399901849,0.06878504606667367,0.3599415062300951,2.815402048147524e-38,0.0001174887187377988,1.5250952886477547e-117,6.365558934280639e-36,1.1720445486186337e-18,0.00044722672449663234,1.462543240420843e-70,2.8138536172595654e-07,1.6196798344580088e-118,1.1219463770141614e-11,3.546393767007538e-79,7.769274331277273e-05,4.2902936232880384e-15,1.1602015947270603e-105,6.545478527891068e-44,0.42729160315099074,6.034519902595527e-52,9.947306070691276e-133,5.319277070818178e-13,0.05457383844932287,1.1258019031691397e-15,0.1352952726336849,2.6266939462074132e-33,5.729252320817185e-105,1.3963848380848905e-12,8.612491202508525e-105,1.5134843663339808e-27,0.016563978583164284,0.0056911113676800865,1.1257942370973604e-28,8.976370310772788e-59
sim_acct_0037,99.9522094133578,3.1181490226690443,0.2686234846902468,0.6195876016357735,0.09881309284285378,2.123684195684543e-09,9.970328711743984e-171,0.015588055630651135,4.2213083971521955e-91,5.3300139241347886e-117,2.1981301979699356e-11,0.01741392139902319,0.09268190772148274,6.99385798033795e-06,5.656547866443579e-33,0.03574284132499384,0.00010137729780025973,6.195635226603797e-38,0.5564689308400629,1.1857887638504702e-15,0.10610915782286992,2.8735248013063728e-52,5.115822412440771e-37,0.008918787248010918,0.0007554163276045262,4.624274376693374e-20,0.05308032423234808,9.273875538065964e-10,4.841792702433191e-37,8.912162922189874e-43,0.0961371196505479,8.45262729180582e-47,8.401919306268046e-65,4.771815042964503e-12,3.5201335826129173e-69,0.01699516356879809,5.836224083329056e-52
sim_acct_0038,43.701973234215096,9.58065894829741,0.39679482674692823,0.4441275702014602,0.03777922330992297,1.772564017035639e-62,0.072342055889748,1.0851059235424378e-21,1.2990998662457108e-16,1.5361611809420117e-62,0.00034567961396199013,3.111421038555703e-19,0.000162695654088457,0.13063309921035668,1.7526696167389437e-16,2.3620825248404247e-15,8.947274120416742e-149,1.5478958310621272e-160,0.006292382046786008,0.06526352303550702,6.7758323781840876e-12,5.384653199139383e-59,2.764078209728959e-12,0.13740260482140565,0.0579010178280283,0.2292216406111838,2.4984255015073616e-34,7.3309390133264795e-56,9.232073667095853e-07,7.515081593655541e-158,0.30043428017718066,3.053523603554795e-131,7.059055219628848e-55,1.3166794123450119e-11,3.236338536650006e-56,1.6455183674268928e-55,9.788167706427239e-08
sim_acct_0039,6.407148234781374,60.121320754867234,0.42519810280416204,0.3964051797970712,0.053791991103406815,0.13603218484237165,1.1422126036451721e-29,3.929830518301872e-20,9.55606079529404e-80,2.0231661503122668e-47,4.649801461714812e-75,0.0013091230869772047,8.077853430283183e-190,2.013241063367264e-52,1.0279165372039337e-31,7.712753527384706e-25,8.804333690215814e-09,1.1060502712174915e-14,0.003696830458703861,3.2524241135161455e-16,1.5260442335464616e-61,0.32913593336815905,6.903487831110421e-73,1.6006288346258495e-15,9.682416947355829e-21,0.3016691951555509,2.8800674350694475e-113,0.2269597967935363,3.1896264813768125e-10,5.546745178601791e-29,1.3743908080327078e-08,3.3414075888206386e-25,2.7008286991344787e-44,0.0010022344434842331,0.0001946789755385907,2.6604557483885588e-24,8.460937654877486e-12
sim_acct_0040,76.9798845525,2.983413560363754,0.22610604726137104,0.3979787474234453,0.10091917562540095,9.920860930449473e-05,1.838564496930927e-22,1.0823752316929925e-07,4.300388679739515e-08,0.013769594673706817,1.4368937040741497e-06,0.0019207823296137874,0.040307173649170906,7.713008419560721e-27,0.0003943067234859573,0.00043993280606516517,0.03717920029699271,7.765652109174757e-24,0.18716603076067292,0.0002090169851548754,9.231859133323088e-05,2.0877653931632977e-45,6.57191572682273e-166,0.053442868056139056,0.0012240376461426844,1.529343275666181e-14,1.9597359767977068e-70,5.045046910853913e-92,4.966547511623579e-08,2.821676257044825e-31,3.2417388091951315e-05,9.101962308612597e-92,1.458727830966946e-24,5.746921947285754e-09,5.2367652911577706e-51,0.663721467936599,6.909765740558819e-21
sim_acct_0041,44.28425510282013,7.855575679958812,0.46489319811170343,0.4733202279405256,0.0453156782376841,1.4099453673498508e-44,0.1723615976636526,8.467444807515257e-09,2.509496624490517e-109,6.1534205500602855e-30,1.630388485364241e-10,2.8746760266666973e-93,0.004650158125235051,0.03714795436784107,3.602031264078993e-22,0.031242109587847674,8.714614367546645e-11,1.8456462830052033e-12,0.03617484523000622,0.008255526726930544,3.4352018336249295e-13,2.866225705805019e-140,0.04118000339114844,0.18274089396985124,0.4041356035525148,0.045994093546600896,2.6918051487106607e-65,7.367404509742948e-08,2.247195881275024e-62,7.1162135231578e-14,0.03611704938081932,2.53093439732553e-25,1.759967712917989e-08,3.1091482524624708e-12,9.738316164066718e-132,9.37911985550077e-85,6.446083078904967e-08
sim_acct_0042,5.638703707355669,52.70714882056742,0.3976195778845753,0.5865719316023513,0.07548649963816707,0.05427828878720755,1.947351538137092e-08,6.027349224738664e-40,3.263879382427629e-30,1.9899879578431346e-19,1.4356731161291276e-106,0.18122165446811986,5.1461167450521974e-45,1.3922064471741766e-08,4.4928979407771533e-94,0.004367445615600588,8.355202022323119e-60,0.013707500206681558,2.9330140565532e-44,0.006046703602977112,8.789536282773006e-18,0.2492730207386129,2.9728981920641686e-46,2.7955100529461297e-06,2.417326938294173e-56,0.2305654623110149,4.35522885229536e-05,0.13815109783792526,1.0217058635479317e-51,0.0005719626935029063,1.7280750820498648e-11,9.089009072566477e-75,7.445228048270388e-124,0.09014824184310179,0.031622240535757046,1.4806196086515293e-10,8.587728081435155e-65
sim_acct_0043,91.18953297014525,3.1144572436344045,0.31559167571719865,0.5226039319526226,0.1309778873225901,0.01830488260474611,1.0563521351548539e-43,2.4659213444079743e-12,1.023945668957643e-16,0.00029759062004456916,1.7502007476072964e-06,0.0031290735851245183,0.00458496142199002,8.326159213096943e-15,1.5401315343567172e-09,0.00010824712474199035,0.00010359458502070088,9.278378664772737e-09,0.7346106308204782,0.07245020916340493,2.4205555710682615e-08,3.382706640093909e-63,7.262185884818661e-05,0.009898452755002242,0.0007517464494366594,1.7464437980458468e-09,1.7740075365195794e-07,5.193566661669795e-55,1.7165202840823082e-35,2.2232148815350728e-35,0.0308808316525379,0.00014479772522619198,4.060505339685382e-25,4.7614022025473006e-08,3.478627948589208e-33,0.1217747917070289,0.002885555937861647
sim_acct_0044,40.482339581600314,7.600486642522007,0.4110617556269184,0.48735394218163175,0.03362487232177804,8.576967276228334e-66,0.003273192737291279,8.811251494746046e-11,3.558704013334112e-49,1.6751341923318312e-131,0.003922166762662907,3.1763548752824295e-11,0.0004369624256138056,0.5738100634139421,1.4634907643743711e-33,4.32665989391407e-25,1.0064153173059019e-16,1.4997755326600836e-24,0.000978118271906561,0.04095396244110719,3.018427431612662e-29,7.235938041790996e-89,3.4326283396609905e-13,0.09705931847231988,0.15855155154818099,0.019322939308635205,2.8893060286981757e-06,2.1510065918654237e-45,5.224091746675002e-74,3.6955715761536395e-11,0.0915937267949222,2.58775224651977e-78,0.009382145996699235,2.6879299499937356e-68,3.683343365600954e-45,1.7662573533342682e-07,0.0007127857377793206
sim_acct_0045,6.824509430580683,80.50619876494208,0.441740339476398,0.6163218367377343,0.07171289813499467,0.1494143002772508,3.037181693404557e-11,3.974005091773403e-07,4.130857381604132e-45,7.526405925348996e-24,1.400402979680454e-19,0.0017193441435123548,7.861218702086608e-09,3.810519438378941e-36,1.030024384909994e-212,2.1360768691721403e-127,7.781327264731205e-10,1.7432362654378155e-08,1.571851685175378e-91,3.21469697546272e-83,7.263878949767223e-86,0.18289262477498255,9.656286759952269e-51,6.134093479992548e-08,3.2078454906205544e-47,0.19526868031358693,1.13316950224811e-21,0.42286187593875185,1.3836962877959472e-21,2.413899789221705e-48,4.671261429387851e-71,3.15276386175689e-71,4.810336122366406e-16,0.02686288328792709,0.02097980642045834,1.1981429636938365e-59,3.683533729652164e-91
sim_acct_0046,112.68536189518764,2.9732495507957872,0.2662231379180914,0.5456497011700733,0.12537110467425475,0.08368681098797626,1.5505828137425148e-42,0.02855878928026347,3.840046061141767e-15,1.2890966676861847e-105,4.433127723954258e-22,3.324502190149634e-05,0.2614169683450545,4.564707864365579e-156,3.1515528118902777e-52,0.002965694244016815,0.00013273960078086816,1.865651359532041e-60,0.42064774518309567,0.00016256685386904643,0.006613353347170151,1.1478730571184235e-176,3.5079495729319364e-58,0.056063376899148476,0.038338790435637884,0.005167233372587612,8.430995749015829e-32,3.4102892737110576e-50,1.360446381699604e-11,4.818371722173722e-37,0.07520779507099533,8.61976620248651e-05,5.541475399108283e-11,8.148195387660562e-17,5.189748015370366e-67,0.02091869362645431,8.049618073136801e-80
sim_acct_0047,35.74739163582163,7.830800613645347,0.34121536200690983,0.47397000500214564,0.031906466617243306,7.472181967136696e-15,0.01673068499042475,1.81485609248855e-33,4.477880285066707e-07,3.101884406571792e-17,0.00030521137543046233,7.403330749410844e-20,0.0023805839953397415,0.4062231268981136,3.505369339945842e-36,2.465547891502511e-13,3.906428231251914e-30,3.5528664482337196e-163,0.004196079797046134,3.334232977771857e-06,7.427619879787883e-51,3.7201498101063026e-23,0.0005066671337002824,0.3126539318544966,0.22176810008362202,0.0013743556670728072,9.560013694784143e-62,1.8075340040607557e-46,0.0038022472279156524,1.4721333709376865e-108,0.028758996596291688,2.3419237838142525e-83,2.527304473701764e-06,1.8076466789295972e-34,7.398862236127711e-19,1.3812136556135652e-49,0.0012937050548122902
sim_acct_0048,5.916435252440503,77.05389048781049,0.5180100670490686,0.47670415099589863,0.0810759822990052,0.048743909569256706,1.3608091033956184e-08,2.8746207785935063e-34,2.0437755947948698e-107,1.3102643296998166e-85,4.929951155142654e-13,0.13852382134843688,1.6639335424931938e-73,2.635586051257404e-07,4.981393623193798e-50,3.1928014245637656e-46,1.9072950103358425e-49,0.005701164185640363,5.007584407797483e-26,2.7730222220492993e-18,1.0502251554221008e-184,0.02111977888965813,4.193624392052638e-53,1.1361539215129145e-26,5.213751351517746e-36,0.23093959351044183,8.865525517257603e-38,0.40749452445793943,7.173324279880324e-104,7.17166582864344e-76,3.937676362942899e-63,1.0869385640339295e-35,1.3983372264183934e-52,0.006713776019778375,0.1407631548516591,1.987848165933935e-38,1.3334251589303786e-46
sim_acct_0049,75.14974835101052,3.220457711274286,0.220960478718018,0.5075773366651157,0.1397708373215503,9.891161255482125e-09,1.013322546477877e-08,0.00043917144212650893,2.4812560879593672e-27,0.0007428698165257733,7.116395639349015e-07,0.006057477188260637,0.012561505231419688,0.001455648228974888,8.860798601871436e-21,0.0007006470689003544,4.566144396649949e-06,7.690571539705856e-125,0.5871329609292489,0.030034938812418234,0.0007039065090084516,6.94636946608823e-52,1.4177100545965099e-227,0.19587207902460713,0.03519905764523341,2.7141277871532007e-09,0.0010466965159192116,0.0007566200617195239,7.972917116727867e-06,5.701916555108366e-08,0.0003068755517522406,5.6119827331585535e-49,1.9590583385754626e-11,0.02505563606343479,4.2582274233741e-44,0.10192057943210216,3.870727443502593e-43
sim_acct_0050,40.875182237941395,6.590136572184205,0.3927488034498434,0.47252453804743205,0.03357208569208289,1.9967259221860106e-08,0.04480757607986496,1.4559641113442641e-06,2.472076822844018e-13,3.0663791007251874e-45,0.04471199726269316,3.3797550026625903e-46,9.424541241469174e-05,0.1994566372950833,2.4990860344324796e-12,0.002113745191155392,4.319219225500408e-109,4.9446858406527915e-17,0.0012090906680904837,0.0030760024788426947,1.6360323436635355e-18,6.322377407978752e-15,0.007798918043631946,0.2153159369665859,0.4364748858944885,0.0001270317644319971,4.8375343271095274e-33,1.852239705265849e-10,1.933177917357108e-22,1.4466788619238818e-161,0.044793980201052706,6.591457925255288e-51,6.761362029467644e-42,6.918309286330401e-31,1.8476622269789882e-05,3.034186315041e-57,4.729927665563281e-14
sim_acct_0051,7.893063277076289,55.53789000177968,0.454091671598453,0.5632139318318707,0.05725964771161159,0.06919120207042463,1.9165391913975995e-53,9.331499362121922e-180,1.454838433480604e-74,3.671106506118646e-25,1.4961748079443606e-72,0.01068698098516494,1.481080993039016e-13,0.09326905643950514,1.71748457157914e-85,3.204194987983295e-36,4.708598550022659e-12,0.00034355733831916476,7.242859035014252e-30,2.7381285119316187e-84,0.04095758121577664,0.19838208766401746,5.0217224511721516e-64,1.4749130425053838e-40,9.341826339476166e-59,0.22553372113529188,9.598857130392315e-111,0.2700383830886381,1.0590243732360916e-122,7.635898356012294e-88,2.234963129164675e-134,6.97670721671772e-110,0.0018640012430698684,0.004875177728461819,0.08485823560613195,1.5480341664299654e-08,2.2461482936168306e-114
sim_acct_0052,94.17706617295701,2.3386120250563818,0.2567031469641121,0.5912823096788984,0.1361936472920917,0.0005746143304857088,4.164364321450441e-65,0.0027187418835133716,4.241365238787979e-67,2.7751875477948235e-18,1.2237092723414037e-05,0.0075641619411814486,0.010928750527264889,2.1751558595176777e-92,7.431290406696142e-09,1.7444870486722124e-05,0.009504620855008738,2.8264597029567132e-18,0.7240447809251372,2.34329636758229e-10,0.0033381047432223905,3.5805425500743005e-26,9.160658825843179e-07,0.036733727278626005,0.04534618232495274,1.600246915703465e-08,3.798384859571471e-32,2.9609549411394602e-52,1.623202490076204e-60,1.6265596670008824e-67,0.03644581251272912,8.756205164817718e-51,4.509728976067959e-36,0.048498332134517395,1.6525976714035637e-19,0.0742715488461792,7.941183757021206e-42
sim_acct_0053,38.457947442384814,6.135150226286996,0.5236088057831029,0.4817341997580262,0.04155042521037884,5.201096169001794e-58,0.3790005753696836,1.8880272979124997e-07,7.879422227738222e-11,4.998419102159463e-43,9.729065449695819e-14,0.024083133106530732,0.002226503774519469,0.02156512514261459,6.656597948344999e-129,5.945772765942059e-39,1.0534767637432392e-15,4.765160479175686e-67,0.06158735338114155,8.793469503889385e-08,1.9252762931007563e-19,4.544890947671191e-15,4.905190133114989e-10,0.057561390377454245,0.05975087590205228,0.38889885709689764,1.3674743118115491e-13,1.9290546667517867e-12,3.505045186315691e-247,5.8832754341554915e-24,0.0007600694545920011,3.34989258547662e-22,6.10288999572839e-16,7.124168027810622e-47,2.837707887607103e-31,2.4524010125610966e-07,0.00456559384550522
sim_acct_0054,5.650560168754123,61.17613208148796,0.39065140193496567,0.48197924626062116,0.06785702879259006,0.08411370258330231,2.0813112652749642e-09,1.4262482998727043e-58,1.712231836115509e-65,6.261334489016178e-07,0.02226113253989457,0.05539870310393979,4.555049414757852e-13,4.5064667025064053e-13,6.386820878752976e-23,0.004721487743673801,2.5105091641963555e-26,7.641376371158659e-06,1.9859110187155637e-25,5.40394319024988e-13,1.1411738547056918e-16,0.09831447577957295,9.585445074230042e-99,1.6175714591009792e-150,5.304115051196793e-19,0.2666878049288957,4.375124931836795e-41,0.46706919181762757,5.132265538529427e-85,3.4406896622505385e-15,8.20991151950127e-22,3.474497267834391e-09,1.3424362096465642e-32,1.0906140695419536e-07,0.0014193714710596086,5.747903548234098e-06,2.4540706427172366e-142
sim_acct_0055,109.39112473783743,2.832300811939177,0.2783137225503379,0.4530376700805212,0.141385483443908,4.971400739320697e-13,2.6197160654702507e-10,0.002277892557128358,1.2358456595500558e-18,1.9670656878634736e-07,0.03877496948926237,2.3701212440595593e-11,0.12180446149627902,5.0342313033918855e-05,5.3288481779211905e-20,0.007973237787844633,0.23673936785752067,1.8840228551392802e-11,0.22115760491687494,1.8886672506790616e-07,4.697511515133598e-08,3.04085261733564e-25,1.759880054215412e-09,0.06720223230130791,0.1940962108993589,1.7139984661845024e-11,1.5232922546835499e-05,2.793055432447603e-46,2.753078573873432e-06,3.3165739660197494e-12,0.007826103318182568,1.9305745565465117e-39,7.058287206333278e-05,0.002729356317059689,1.0895665062048266e-49,0.0992792172392073,6.27636756263413e-34
sim_acct_0056,29.810478302900318,8.738387942068137,0.34166325156007193,0.447845660090317,0.02969971553162885,3.455905288233487e-88,0.00016387193112042854,6.258648207809084e-17,4.214816058830479e-28,4.003771979846205e-50,7.805784180274635e-05,3.4666871852154114e-54,4.2492319476610605e-05,0.28310586302583607,5.473931576739109e-40,1.0732198699312904e-64,1.1693979927138603e-25,2.260810892632521e-87,0.03062732180464359,0.1269120101308684,2.708692584329188e-09,2.675746157581264e-110,3.2711272169159605e-11,0.25549729241848956,0.30170522320931453,0.00011630170730814479,0.0016006375361769993,2.955190151332456e-39,6.407622897815692e-36,1.2415111333660955e-40,0.00015092492242393935,1.6471551346915543e-63,3.514028980862265e-14,6.46440807852666e-71,7.23137139031452e-24,3.169620689386991e-123,4.1109989604333444e-10
sim_acct_0057,4.855655838233629,85.50965831916923,0.48627951653551,0.4000064232668811,0.05923901619218624,0.032854208481468444,3.033913559138449e-28,3.1984055346548535e-72,1.2157539443474546e-83,5.193341794073576e-38,3.796707663805567e-39,0.032402989082988644,1.8596297565177384e-33,3.4453178819618604e-177,1.1040623976188716e-38,5.748369373557979e-50,4.373706412446238e-106,3.08224053104444e-08,6.944266518906927e-08,1.4237521570104697e-83,6.826932711825462e-97,0.12439501420765789,1.5665451788410637e-18,7.437640040648702e-46,1.0260903476716604e-08,0.23018910666347875,1.896489941542988e-90,0.5798100537108405,7.06689039384516e-31,1.313688183640311e-94,1.8839668574700342e-08,2.9391616999615577e-05,4.280423375914946e-39,8.365732877960346e-06,0.00028706565120084697,2.3675486844891674e-05,1.3393430877658684e-29
sim_acct_0058,76.60434406264454,3.2963023751487386,0.3655597053745898,0.5491493418774797,0.12419327655218285,0.017421434979928305,3.9453572846902106e-05,0.013025848135609254,5.1899216271250864e-76,1.1120656323123832e-79,1.8118239681457465e-14,7.034349676677162e-08,0.10943228982511963,7.500770489321869e-172,1.7739231769954475e-07,0.0006745985673003351,0.10759407354031707,8.705693352577455e-37,0.610427997621608,0.00010410880114914647,3.251342324579408e-06,3.852582252236186e-57,4.808083849779957e-52,0.0003848854126392467,0.00030574734725357386,1.5293769541648905e-15,1.2795206982411713e-14,8.335577080696479e-114,5.8956562096552465e-12,0.01027565815955032,0.09636081497862331,7.331421795426319e-30,2.30542688735962e-50,9.276890035778052e-06,1.3414741105360111e-24,0.03394031308395186,1.910939359751757e-55
sim_acct_0059,37.354956356682855,7.2845105112970305,0.3072655883297546,0.4964068287122481,0.030033051965047266,2.0507126174238074e-41,0.12857070131432166,0.1652876160500787,1.0643494765149071e-06,2.315871023415104e-24,0.07829438131365338,2.0439680752707418e-47,0.013639894373936968,0.06294179314630623,2.803802401562797e-131,4.777281144229814e-107,1.608886513487475e-07,3.076300187384434e-11,7.964475842079388e-05,0.021764192115469705,1.426762520811929e-10,1.3672075833500204e-83,3.619349874871498e-42,0.473515671200504,0.041657947323062335,0.014241595208567858,1.0414117244613626e-42,1.3722909425448606e-13,8.096673341138038e-43,1.0078967495679163e-83,2.549374710582809e-06,2.7421112276198004e-06,4.886449092914647e-156,5.215080143305323e-36,6.573353408956976e-14,3.458564073620578e-61,4.629797021724073e-08
sim_acct_0060,6.132115575473759,55.53114530294686,0.5908659295773486,0.5366761168373072,0.08888784039455291,0.5664388846986992,4.363386056704908e-45,3.477963977585439e-35,6.581275733975909e-54,0.07425932612460642,2.660642144603739e-70,0.017336590485396406,1.4437936112272067e-27,2.173334592328517e-24,3.3968889474760717e-10,6.312301187897569e-55,4.953635766306787e-13,1.0538398230896186e-13,9.562580246654438e-100,5.42688762210874e-31,7.443814270726689e-70,0.14932074012149477,1.0486964353002378e-47,9.44263229749942e-22,1.657078674247325e-43,0.03986508917388854,7.998315919433177e-33,0.12663523196452434,2.326170785004325e-77,5.411900122503468e-32,1.462135606304088e-121,1.1546066891367928e-39,4.758222142671033e-18,2.046059205240938e-08,0.02614411663050843,1.5601243743662344e-83,3.6714468190664786e-67
sim_acct_0061,98.33484698649202,3.6748937421841115,0.24585029447092077,0.4867948155358914,0.14336364832094287,0.002906799013158823,0.012837058058176486,1.0411535799019406e-05,1.3231401269551471e-17,5.616115998772002e-72,2.0697376549387287e-13,5.505865103101639e-06,0.3145824845270046,0.00041337105913197725,9.167966102221187e-58,0.041361033017932466,6.961795047118846e-05,3.8913438987145254e-29,0.37037635162825894,0.0006834587162838394,0.0003800387295982755,8.534367751384877e-27,0.00017928648983379458,0.008359127307179049,0.2357092645492604,7.495952031405791e-05,6.678644189182607e-06,1.3830889039243192e-11,1.3579083792453154e-64,4.003177293574408e-16,0.003437757428522757,8.838372093831261e-07,2.473016854786914e-36,8.331601833590693e-05,7.784044292740903e-18,0.008522596090198568,5.2681917910427465e-37
sim_acct_0062,43.34289235816275,6.123102456235159,0.291567509955848,0.5230378276547794,0.03916587213191415,4.814163041320647e-05,0.01604255347799347,4.045854532041049e-09,9.015989149595646e-06,8.549710847442034e-11,4.411508041282421e-28,4.931443852180251e-94,0.0005893866106831976,0.5201260061126336,1.1488752134955563e-10,1.0021343511910921e-32,7.4683698745818005e-31,5.1246725739807775e-06,0.009973407816564304,0.0001703478927955514,1.1399938047655013e-05,9.260699996098522e-130,0.00021104421854529503,0.15884140733646684,0.1550233083527897,0.045472585046661296,6.12697458300247e-18,6.77955079106411e-28,0.0923674262820547,3.705069910650146e-107,0.0008029056662973203,1.3345262849608008e-103,0.00030593471009124503,1.373596803975693e-68,5.178716294634026e-53,5.262921111475969e-32,6.62246192024818e-26
sim_acct_0063,5.366541758529035,55.00926081647215,0.4830839474489531,0.5964486466247823,0.06433116243734552,0.16843923480274267,5.56610676531018e-10,4.5069798346058545e-26,4.921121021252384e-09,1.485638378074316e-19,3.386049084597838e-163,0.4104433428706748,8.972270211576647e-10,0.05100892693323738,5.372814137930165e-67,1.5542437884835996e-08,1.3424662345116274e-05,6.859750346868616e-189,0.0003501341868358861,5.982503564864706e-55,1.5363799476992918e-47,0.14818086281643264,9.969924161465294e-52,3.6149886622595254e-27,1.694376267270808e-44,0.04772708243224396,3.897554665692691e-99,0.09521266462291819,3.992175500511606e-114,1.8476833821929456e-22,4.995992954024726e-140,6.968702261540827e-38,5.177075684700089e-15,0.0010534550470098407,0.07757084970815799,6.711722194857467e-34,1.8698662663037072e-29
sim_acct_0064,86.54861159724511,2.8772352538226307,0.3258968360890623,0.47086079407624687,0.10686721128199436,9.862587665023714e-11,1.0775054040588209e-58,2.259112860957717e-08,5.752400364490402e-17,1.3386785894797906e-31,4.172474587905124e-05,0.053723624017175925,0.06929004380626586,4.0599478626677994e-92,2.1567606528653783e-11,0.13853098030133904,0.0028272909287088152,1.479627166247269e-36,0.5045336056821483,6.35890122101163e-07,1.0254929029854603e-09,1.775446655019196e-52,8.923902775861954e-31,0.10401138890116765,0.03976158030323476,4.785635034851693e-09,2.8325694882527835e-14,3.724787124909053e-29,9.205070816021212e-65,1.5172323518731474e-15,0.02488847016166136,7.481346506027574e-26,7.013752702423456e-11,1.5128271812522398e-06,1.698654640156988e-63,0.06238911384249848,6.245256833725962e-33
sim_acct_0065,46.48075553081867,9.854296319881481,0.4192333748198764,0.46057934093707154,0.03211672727371395,1.0025649163718048e-30,8.728190698067492e-05,8.017998000249558e-37,1.1542819014954551e-21,2.2980704358740374e-87,1.9108789070227843e-05,2.2754343011954773e-46,0.0026127997214200603,0.11755309108198056,7.654716473031818e-34,2.6479509276236315e-128,8.314437399895738e-63,2.5567044113715942e-11,0.00879133126424585,0.00020868451932808213,4.078988763000478e-29,2.238431989248862e-87,7.017052611483265e-17,0.3277736540316681,0.31375945397976135,0.14771082999106852,5.507723698819364e-20,5.010890233301412e-21,2.5758561440469155e-44,1.3098714884104846e-24,0.07234843464758584,1.721150607945711e-37,1.0512812392677662e-22,3.9595965582779414e-13,0.00913532125949611,9.229697115291719e-56,8.781431551108695e-09
sim_acct_0066,5.006601617998449,46.65661708533852,0.44682255692243866,0.5274491338191621,0.07910932400242322,0.2998172086344272,3.4946660625221337e-10,3.542980897617232e-19,3.3536476217855053e-19,3.8081280719058466e-47,5.165658206924019e-48,6.028472166104011e-05,2.235946908762647e-87,4.85233217103028e-72,4.6267034636398045e-56,0.00010459186509869361,1.4058243313855185e-08,7.403216932013076e-08,0.0010335718186037816,8.384748031958236e-156,7.939569924373635e-05,0.2729466492280787,1.206505321354793e-30,7.961112560211188e-05,1.4686673524136346e-13,0.23508121708022173,4.14065270126607e-18,0.18444314709320345,4.223418205470213e-90,1.1017232736977781e-28,1.8954776513427365e-17,8.137978419571073e-81,2.160429584919451e-35,0.006354171611819236,6.26820140420348e-08,8.149535349628305e-46,1.5126476379016708e-21
sim_acct_0067,89.0494193536249,3.680812014461166,0.3887850204525324,0.49926578843336605,0.14372034023798494,0.14837493312456224,6.320251941711107e-100,0.00041232188328360923,1.2191380511032503e-93,7.579027296694906e-05,4.282088121696792e-13,4.2632368783951174e-11,0.017278930370756434,3.9789197378083795e-17,1.724902209240749e-56,0.035148077587512115,0.05869670840174438,4.5362097946452495e-12,0.7294026219050145,1.22285733459859e-07,6.390212326134137e-05,9.261043622270712e-44,1.7753108811485713e-63,0.0007591303479153522,0.0011747955392519614,2.8194743149392206e-30,6.7517209164993064e-18,9.765362433065715e-58,1.4671047005598093e-53,3.945962623766061e-37,0.008076134925313819,2.5883165875198886e-53,1.2337412863657974e-78,1.1696339900412854e-08,1.860178892009387e-33,0.0005365194189841375,6.976290813473664e-11
sim_acct_0068,38.01959455171144,6.630132197461059,0.3866158994153431,0.4425237633954526,0.031522546029283026,5.293372753730518e-100,0.17297042483602768,1.0134973694614476e-20,1.795051513272567e-16,3.1062716304245944e-42,1.0462577874612908e-05,2.527158577598758e-105,0.07712931061498,0.43316522274964486,6.246080127002045e-24,3.71246116168225e-200,4.549024637264742e-128,6.437302112983073e-57,0.05758334852354981,1.3441548084191978e-05,9.041315942970948e-10,7.923301427712067e-30,0.00012245192040467038,0.06753499831102808,0.13856442642271716,0.000662834856426636,2.459891762528041e-44,2.6693047108223626e-13,2.6792986523778862e-09,5.421218670586427e-31,0.04382394496275252,0.008409491908088661,7.718790182663276e-06,6.22844401227506e-45,3.1162981881603978e-15,7.383724573476699e-57,1.9183945384032114e-06
sim_acct_0069,5.6695375319268715,66.05037748820783,0.4412525253473296,0.7384954448226442,0.0674122133329473,0.2181830293495051,6.85948809851833e-27,1.2584349396080061e-08,8.698400308654034e-07,2.879717233744122e-17,2.6723831038291493e-71,2.2326280109337164e-06,2.038579426894678e-73,3.55464631436195e-30,6.115966194325346e-109,4.6110502144563215e-82,2.423794890441674e-27,4.5046540548522287e-07,1.2392636071714622e-64,1.2117111601200328e-08,1.0837798166272871e-21,0.38583167936721713,4.202657322972021e-32,2.0925061093254697e-64,6.685698154271882e-18,0.008497969300833555,8.301871351103672e-19,0.3498169746776185,2.5838550782796898e-70,5.9649135195469744e-24,2.1842189994415444e-14,3.3694932629715e-94,1.0739007262510969e-08,1.0088918391287617e-07,0.03766665804170427,6.051612936572121e-19,7.775565728862897e-60
sim_acct_0070,85.77717211449841,3.8197282021367163,0.28974661951713804,0.3752020532799165,0.12555251125589612,0.003226346722483589,4.5598214310619425e-61,0.03440635121839459,3.4350858062374985e-95,3.4389044232670735e-47,0.00013218218541862983,9.587682793592274e-07,0.053975269758621054,5.178520389720396e-08,1.802800535782695e-20,0.12493167903443614,0.018698935053551812,1.3483922216013994e-10,0.7030985299655607,0.0018233440407142301,1.6841070441419985e-07,1.286598028643085e-53,2.2652930458914573e-19,4.9676631892829785e-06,0.0013274157190305063,0.03832958853230746,1.0620234124977166e-22,2.4298472575776433e-22,5.0559062215927014e-33,6.633548073116108e-156,0.01946800889506576,2.434440492575298e-08,2.244953481420743e-11,0.0001700568989124337,1.365041993207504e-05,0.000392470426500511,2.612931535757493e-26
sim_acct_0071,38.12402593280281,6.900120216110744,0.46201500769742826,0.6732801486879233,0.04929460182300378,2.265602564871692e-67,0.009333859589802606,9.026058820764233e-06,1.8057693161858406e-25,0.12882034870614242,7.669826700061809e-08,1.7383014830669562e-46,0.0001697594764750249,0.18959263318269082,2.602569912675331e-75,3.037047262301315e-34,2.0449520577945833e-79,5.826481058837815e-17,0.004955236308778478,0.011224781896995564,2.1946666182785331e-10,1.4244919504717674e-138,1.4378814834196016e-06,0.510681353284393,0.10530159668651248,0.03232633101525764,2.298384925148043e-06,5.922564776963716e-46,7.619837550180995e-15,5.6638987777388596e-21,0.004435235484875148,5.811151497066824e-90,8.50777125749315e-45,7.689742753015419e-32,7.521297524985366e-15,8.278266364208684e-62,0.0031460251250985034
sim_acct_0072,5.492024052029326,49.74679195133314,0.4927966868597005,0.5282936936394724,0.06730029200040137,0.09915473874346634,3.3563817799909194e-15,4.7996190607664e-42,9.343778614939897e-25,8.356318636492348e-121,1.5677240918840562e-07,0.02302167095772747,6.890372729532732e-13,6.51876967523568e-63,0.0011160874676013123,6.498576684694649e-89,5.950961755428567e-09,7.469132317800202e-19,2.244601598125387e-33,0.00014104845151797794,2.628781246032027e-30,0.04228939560199496,6.463219451173942e-61,1.7570180392529932e-40,1.434444882592744e-13,0.0769435420919153,2.148191031194933e-27,0.47236953948384375,2.981289818631111e-94,7.688944130404984e-31,7.977081356430786e-15,6.175356288811485e-143,0.0004924795990575785,0.0001694273813644505,0.28430190749729617,1.5997156642100542e-214,1.3642888139065485e-212
sim_acct_0073,80.64943961187231,2.3116366391068124,0.2650846316508102,0.6581362997477346,0.13516907049232826,8.959724664099093e-09,1.66235640723938e-80,0.009478418576205723,2.4131615932359442e-27,4.586163576314598e-39,9.728132978026135e-05,1.2360924060166622e-05,0.013264736154748378,6.232041998504967e-05,1.7222037525961816e-11,3.20392885267095e-07,0.0024186860472391446,3.144688986119662e-26,0.7234227995406699,4.153056604912212e-25,3.540911486412592e-09,0.000310637364497312,2.395529054692235e-14,0.0764882957021747,8.274291412091377e-06,0.0015511270848012654,7.402497697155854e-15,1.2497466798103495e-20,5.0208352820978635e-50,1.048314655172342e-49,0.009921001175123767,1.7512184559643916e-39,4.6883914799391107e-08,1.6099385828182538e-08,1.4895869275660033e-19,0.16296364174668931,2.3748537221679204e-08
sim_acct_0074,33.48449146362897,7.884069048811778,0.48205263145003896,0.5802679403495158,0.03387861503593008,0.2785807412742348,0.0630610190137972,7.412873030112353e-07,1.8531650694463143e-32,3.2734011215679543e-13,2.4394761375610807e-07,5.095038622901964e-58,0.01457973863607441,0.22114789846284935,2.8464649044937265e-06,8.588990747687158e-93,0.00036944549400573284,2.723281847056672e-208,0.007258316431754667,1.2594259331420504e-08,0.002041546918602259,1.0337397569856112e-13,1.9076346799055374e-06,0.15545342474461604,0.25097521379553533,5.999189459668576e-05,4.2937448691853946e-128,3.5622968932434504e-69,7.558958087859512e-116,4.282371559403946e-32,2.9529678890887435e-06,2.6789299654031022e-11,5.409117434821887e-26,6.446195013285781e-86,2.574765941517851e-56,1.8943080616724807e-23,0.006463958410063964
sim_acct_0075,5.720486492857158,61.98708454609663,0.5898391328390007,0.5270398715233723,0.0649511734236709,0.05064882895190132,6.735192096198882e-33,3.7642600931725536e-07,1.6817186587634153e-31,1.1143478085221047e-54,1.437433989847982e-210,0.041348520929818125,7.147794037291328e-16,3.29721823485763e-61,1.433264169574456e-85,4.081748479844111e-59,3.7922515859227017e-13,1.2207839000627652e-07,3.7266085621585725e-20,2.2988707900808628e-122,7.588371305005601e-35,0.21969460938834748,4.449536215974832e-119,2.135764222922115e-10,2.604252406639648e-44,0.21790674249453482,0.002910500664530947,0.4483829482361028,2.4108951473439252e-17,4.7067768584044616e-43,1.6918528565161307e-20,1.3439994068750526e-70,3.9113631818252605e-07,0.019100570395642752,6.389084448016215e-06,2.772164776473258e-97,2.115058328166309e-55
sim_acct_0076,94.67475813906597,3.9100591204545645,0.22275999778944988,0.5720682691164614,0.1219553423720178,1.501310736423837e-14,7.578170020585028e-80,1.7332134306383728e-10,5.425128475733786e-32,9.412281606383784e-41,2.9917830047924568e-12,0.0014211894095022316,0.0007453830824334973,2.0781731366494315e-67,4.009979284017092e-90,0.031029583575461258,0.0006535266602064834,8.292582445399266e-13,0.5216614163722803,0.0009779239415844787,0.0900883849125246,1.723803469710605e-59,4.729978775817338e-64,0.011306344039457626,0.09156527198666171,1.962597333752333e-12,1.0609956785529983e-49,3.501593242110903e-31,4.0726293526639583e-107,1.1048386217274189e-88,0.04673909568855952,1.0895243039028478e-27,3.928467751796477e-90,2.5080403949374165e-09,8.80375317524209e-71,0.19233186668639263,0.011480010957775375
sim_acct_0077,37.75842904238162,6.154420022436981,0.40200917456916696,0.5453925875314062,0.035751123235532194,5.104779313941724e-05,0.017467703219880597,1.6976795829587077e-10,2.30743234416638e-63,7.421337398215541e-97,3.617189362227569e-05,2.115253596597642e-25,0.00013615067166700343,0.40004484071678387,1.028952406262771e-08,1.755619077508922e-27,5.244589895191299e-125,2.976698184290439e-15,5.643802573663962e-05,0.01928495662657334,0.0001272215435278086,1.2905141924695135e-73,0.01862531276012895,0.11996848918302193,0.351863684994667,0.016203191779089705,1.4497223275801335e-08,8.567699929788321e-08,0.00044276019821440246,3.5548294349106066e-12,0.055691919923885336,4.778058596560989e-16,6.115297259820985e-40,9.163344913760933e-199,1.142391584301453e-20,4.742608091233933e-72,3.298882652136287e-11
sim_acct_0078,5.358654162929966,58.2799486368389,0.41967270572833454,0.6147379284238764,0.06451839563866117,0.17774770700236953,3.869981958995776e-111,2.775717610986611e-28,8.463684019364513e-159,3.362778317685974e-11,7.568140421933613e-17,0.0040410569719715956,1.7969048425115843e-05,6.013375778380053e-97,4.77821671328798e-68,2.212930061232671e-131,1.5423909791485013e-36,5.239282612824577e-43,1.655551009290682e-05,4.42658919737236e-38,0.001313700689782782,0.19281184964282702,1.736652830917473e-278,1.4049976569064018e-14,1.9938620918869062e-37,0.36102574972675633,3.228455494483869e-23,0.2382408865205157,1.949581457341475e-13,3.712194548846343e-169,4.7617351855700025e-63,2.3339218691155634e-66,7.400408917850755e-132,0.00609420432554628,0.01869032052787589,8.102936534069235e-23,2.2393832466474713e-97
sim_acct_0079,98.48383197672521,2.667914136718671,0.3037067414624524,0.5915750806222305,0.13292196997577443,2.054596244631809e-07,1.481342093468081e-20,0.07440332848887214,0.004562678068369194,4.052206187279117e-40,8.659403888233121e-14,2.8434455862658145e-09,0.06729570513406453,1.1188247369083117e-27,2.536778479323763e-17,0.003353920951832624,0.006333636788971359,9.27158877000897e-128,0.5728841451629503,1.3896060466465377e-09,0.0011752731164868832,1.8053216580172246e-45,5.662396761127859e-32,0.029613869208887113,0.02584062345381741,1.0285898124383077e-16,0.01323001531385436,4.713523015516437e-96,4.8897392831823953e-17,9.318920494840406e-37,0.0008482288949975777,9.751616691895475e-18,3.095688008975834e-26,5.841186331183508e-06,1.2976793515335692e-13,0.20045252453767287,2.9848371391991084e-17
sim_acct_0080,33.02523062443057,7.096229729384285,0.42565588811917304,0.4884163404597062,0.03838412565586645,5.761815862888137e-85,0.16281725300422883,4.999108801026423e-30,7.896654423963743e-24,2.5053817233469772e-05,7.1627111953813706e-12,5.3880098042837456e-21,0.0004225024745179231,0.2395658508038264,6.192417923261897e-25,5.3501998262222995e-27,5.54411874597486e-22,1.9874702972929924e-156,0.09895495599359054,0.009150146259696491,1.2649390481646383e-08,6.536376824463262e-19,3.651354505567052e-07,0.28060494531686114,0.06989798730294239,0.13745963178898923,1.4431195527583752e-76,4.5914662364601966e-32,9.309632514146036e-19,1.8196376753435182e-31,0.0009365420229127113,1.7748508481987873e-80,2.3937700479428533e-26,4.6220432082737455e-24,3.6390390746637276e-51,3.976427938120038e-61,0.00016475342319713775
sim_acct_0081,4.741943903493602,64.78520347618769,0.5786272892799609,0.6365389598747256,0.06244569153201618,0.07266963860273787,2.4424673819988944e-111,1.3227748594590402e-30,1.4262117600829836e-05,4.6386656286522483e-26,6.426411358830038e-107,0.173341946492512,2.296334171080167e-117,2.517168457579305e-38,2.916792043805575e-42,2.97374555184936e-51,4.852113633229092e-07,3.795901373092141e-22,8.48122023961122e-42,8.996176424775189e-05,9.453190752879776e-112,0.18043553413875832,1.228369707832675e-05,5.284892917321669e-45,1.1074268437039164e-17,0.49503144134292254,5.929726464934513e-37,0.07795074896855236,2.492301561002629e-31,1.8714734987205918e-92,3.27069996121239e-41,2.06155525209135e-08,9.616583110624248e-07,0.00016106102359232343,0.000291654366770904,3.412657643460398e-22,6.393917662759467e-24
sim_acct_0082,85.04595025251236,3.8166490513674445,0.2915302272828417,0.4986838762431729,0.11249703202708825,0.0002747288749448141,5.635414528322664e-91,0.09755157061833744,2.6334433223362068e-39,3.5646559039445128e-62,0.04711159695361137,3.2942174019411556e-13,0.1141918827327023,2.643759109928332e-19,4.219385842444375e-33,0.24314939854027917,0.00041190206325814174,9.903012651253197e-75,0.29955452089312096,3.161546357434034e-13,1.2035254712304575e-08,5.068350791457315e-33,0.00035272447284693707,0.08065548975031726,0.0005891829325950609,0.0006574032362587585,2.0491642002141117e-17,4.061223946671334e-15,2.4447301276189117e-17,8.834666687298332e-37,0.03363454115623773,3.4934147293233187e-09,6.89817572304103e-90,3.2829841192425274e-33,5.782557761083726e-64,0.08186504224608712,8.398704136740882e-14
sim_acct_0083,45.096196590656696,7.111400050629529,0.3558235968765144,0.4035191464684141,0.043677260677977954,7.264212171617315e-24,0.10854593584569763,5.213031456844768e-74,3.086165171545599e-30,1.3587209591158835e-83,0.0002327797623874504,5.441412185674496e-28,5.2722020794028795e-08,0.07185788380875067,1.3323020694998073e-32,0.12946016726422216,3.1327350184154334e-15,8.495275728806784e-08,0.015811569622618923,0.0001580402757423397,0.08935537084067095,3.140693745095244e-73,7.380447439299726e-27,0.17261897991830294,0.3556579021233611,0.00357811057851988,2.2719793520352663e-29,1.2151705584777033e-41,8.959073536931365e-47,5.570191939330864e-07,0.03975541906175538,5.742459024656559e-61,7.521975360082942e-55,9.37941662709854e-06,5.205815641097184e-10,0.012777383059255664,0.00018038320753118852
sim_acct_0084,5.602075972975017,51.24947081239268,0.5399234943552955,0.4689824729980406,0.07704536282742423,0.12653241380865277,4.564845782799687e-32,7.116260579936713e-17,5.986600029507283e-14,0.22125574486770996,5.240102513459288e-18,0.3379068410958213,8.328231323029768e-10,7.031091367991491e-97,3.291989177076386e-61,9.062638920268874e-41,2.202970767072682e-52,5.917663380792672e-13,2.630590010598138e-19,1.2864160577750686e-41,7.712624039980374e-29,0.09964062783657203,1.3656792614752656e-38,3.2077412669516066e-30,1.4061500066389244e-26,0.06536911137246826,1.9016113197333247e-15,0.0946513678687665,6.782394134796557e-06,5.662367783936311e-65,1.175344678958128e-19,5.372482574558829e-152,0.0449055277396433,0.009235455783258528,0.0004961263994947582,2.3846669303711832e-49,1.0673836730472552e-15
sim_acct_0085,74.38193100185046,2.8993317113734176,0.20706647201555098,0.6207881793280395,0.14784769363848896,3.9715848504330965e-06,1.1146633265023947e-23,0.00022494482588364132,1.6870094441370782e-62,8.302552164486474e-139,4.3903193778149e-05,7.381661968731395e-18,0.008657466859669024,2.0992471576691283e-08,1.6527409388021956e-55,9.963475223040722e-05,0.00015100403901652736,1.2821301756292717e-39,0.5786916086921454,0.0011425212021853094,0.0003680183865874867,4.576242968692011e-40,3.2387055578075014e-35,0.37476148186845676,4.558867453752008e-05,1.6421906536784405e-25,6.04171124730884e-28,1.143672572309975e-68,7.914620028182074e-54,2.9299298961999036e-57,0.002052178964638173,1.3939537598456845e-118,4.154153628930739e-09,3.4511407413013735e-07,2.2604201051295116e-24,0.031305196180320606,0.00245211051500106
sim_acct_0086,30.97542951523999,6.742492435840967,0.3398827083760549,0.48281717349954334,0.04551856714161653,1.345690017569211e-27,0.000895761458343441,0.0036313676264831288,1.0525389684651285e-21,1.3125314256596042e-73,1.3715705863262143e-21,1.505961319088522e-47,0.00473739768851623,0.2879589510619073,4.567919761956202e-25,6.327498490399789e-19,1.4564400260913354e-20,6.031221614343666e-37,0.010357133081329125,3.6259142406002875e-07,1.1801553516012395e-10,0.01754849843812714,0.009198954920447611,0.07097653483915822,0.02382750387919051,0.1595439379862787,6.199895253930129e-21,2.640436397648449e-75,1.4129902863323145e-16,5.428838840449785e-33,0.026988799669585797,7.53324688259614e-40,0.3843284125696314,9.94953842832949e-49,4.0077439837896357e-22,4.00383629887361e-07,5.983687931720785e-06
sim_acct_0087,5.764113185259893,65.4475382702288,0.43725141458689193,0.6466921888218229,0.08105535565768217,0.20797897528610293,3.77803387663263e-29,1.1768144736927414e-109,0.07329028485387054,6.442879510587993e-13,3.0507987269604933e-31,0.013258512439722476,6.351124024627018e-146,1.4779435791913763e-33,2.3292321753357994e-30,3.955301193237852e-45,5.813454020703831e-26,3.6174454622270836e-42,3.417397488980602e-40,9.394374955554878e-23,7.188576372361891e-33,0.1327054203966021,5.90743647514567e-07,1.0762663371419161e-122,2.1811295154921672e-20,0.28917318732219804,8.318551438289136e-40,0.250150079586035,9.782762278566455e-16,1.5650192968530592e-30,1.7405330479446882e-11,1.9026766538020983e-124,3.839047529045433e-13,0.0015495952272825348,0.031893354126104466,3.678677613938414e-20,1.685621354021438e-72
sim_acct_0088,103.9967205168183,2.711127100579376,0.3023169199306677,0.46393874240914557,0.0883319371862491,1.1200210966898812e-10,2.998161472392882e-51,0.004800766570234276,2.8923251968346393e-10,2.62772799991977e-10,0.0008919769250049663,0.0002615144930106843,0.00895456806438473,8.500374617151474e-91,4.0431580434101365e-16,0.13274649977335568,0.0035260810104432556,2.700021429343536e-91,0.7878743556754392,8.144656279248434e-06,5.8927908734410346e-05,7.199631470453364e-12,1.0886710333682147e-31,0.00237691282665053,0.0027774026803264566,7.511250771501829e-11,6.961588732653628e-11,6.861587805247056e-99,3.0293213998360603e-29,1.7015326618229295e-06,0.010087910515185644,9.727014060189535e-29,1.3544910244481457e-22,6.620319188370569e-24,2.572538605814278e-228,0.045633236552353254,1.0555090111885269e-57
sim_acct_0089,42.417392936162486,6.769810246699412,0.30735770165827486,0.38007537876126996,0.04587086005286,2.6793630426666935e-33,0.004628700813970879,1.8347764938662509e-09,3.756830602551293e-56,1.913087405389989e-46,2.641799083318447e-06,0.005894115005093192,0.32110781246133446,0.24463824779639295,1.099453601906424e-50,3.770880164759108e-44,0.002980135706981291,2.000513690495628e-13,0.008250893041669502,8.115607419841885e-06,0.06607654330436244,1.636520668866015e-08,2.3936054181432306e-12,0.03541427903598111,0.2737604109864599,0.001632422062028623,1.7008559675189674e-146,1.930079175069161e-49,2.5402962190364384e-12,2.3072530410980365e-38,0.0356051050890401,1.0462153538603188e-81,6.849074909490846e-25,1.6200543060354316e-07,1.8848325792372433e-39,3.8487937145468653e-07,1.2200263434484623e-08
sim_acct_0090,5.370468449754513,40.43941127546813,0.40054954464324516,0.413477696427746,0.06718003437828796,0.13435660614275588,2.0251693238951572e-77,1.538355119006497e-06,0.0023716857185149404,4.1622515257921156e-41,2.5731326519091764e-25,0.04018298254992821,4.2972839203662386e-13,0.002140370197009429,5.6019749684892305e-39,4.555709983321142e-197,4.695805875454437e-114,3.5460525762854894e-129,1.3810275124047325e-73,3.483089876594138e-100,2.7052313204211095e-12,0.2537640914180264,6.905180003349402e-109,6.594796418415644e-08,5.2164904782685885e-64,0.4151287865955008,5.24089032424616e-102,0.15198674532916961,7.76692581346884e-49,2.7208832367513195e-26,1.4485119371244393e-180,7.84477645842473e-12,1.4838072293337216e-07,3.096996141433937e-05,3.600939289448788e-05,5.364425580226084e-103,1.1739113256918042e-155
sim_acct_0091,94.25660592302016,2.8564072984736626,0.22967948780783126,0.5005372939927946,0.14248463313310814,1.4065488710408267e-06,8.78669062690645e-25,1.8736014395838177e-17,8.344028381948321e-40,3.181243997670861e-20,1.8083475663449486e-12,0.00522746145900085,0.14432449917521678,5.4528500860779655e-93,6.119217600491078e-47,0.0020111345569732327,2.5534001769286545e-07,3.3098575682058907e-23,0.6430427145124651,0.0006141133423453888,8.793747719144608e-05,1.0609033611456416e-31,1.3803091651852873e-58,0.032948510140009615,0.010538938585467608,0.002071765624282022,0.015528474008024333,0.000999103354705391,2.5619079422384794e-83,9.78147554350925e-47,0.013201314499066601,1.3799589185707802e-37,0.011537688345993903,0.004686511073167509,9.67191948494791e-11,0.11310927437809423,6.889748057971285e-05
sim_acct_0092,31.034269768824313,6.578408655915985,0.3221529616983598,0.4920025196710597,0.03155338756610746,4.212713831883056e-57,0.022176051829954455,0.02122444034326579,7.8076979096863e-10,1.0180959611081404e-17,4.4751049323373996e-07,1.5254342366727591e-18,0.03886046603473472,0.06114330666268764,2.298587925440066e-77,3.8048268689984984e-16,2.271785255462021e-31,4.085660481737994e-38,0.20538930914469475,9.551838503849984e-06,1.6950566439537347e-31,2.2088652473382125e-12,0.007644239439421838,0.26702242189962117,0.09726364882284694,0.09467204643122444,2.2124544744435508e-72,5.42992203842651e-96,1.1235085854889375e-28,5.1862706182731386e-37,0.18454748160770396,1.79999042287221e-40,3.684510539998912e-30,1.4348544197668603e-30,4.0769257797922624e-06,4.1857337559386264e-40,4.251072608847e-05
sim_acct_0093,6.25134297960221,51.23841742239249,0.4605384334807696,0.6859843617343733,0.06299811979765406,0.06443528919525807,4.7278346105406847e-66,5.557835599683827e-120,5.876608181018824e-14,5.663367555696606e-07,9.040839597457425e-115,0.039254676825876744,8.923117465662442e-07,3.5250593443842354e-40,2.92754729136816e-60,0.00016737873843842793,1.1700967611340778e-183,1.3442875773628803e-42,8.018176784282415e-74,0.013959463413148972,2.8323056107679964e-49,0.6043794894999399,1.3355137916900838e-09,3.6839738425357597e-72,3.0254130767860253e-68,0.09361187369011702,3.1058625028465855e-201,0.0752949812737955,2.294464841491944e-25,7.122161779969986e-33,1.0363501558240819e-20,1.0707453123561951e-19,1.6034683190133652e-49,0.00022299141412053004,0.10867239596523026,1.5262496303024692e-21,2.850721611266421e-38
sim_acct_0094,116.63830732055595,3.396403985554066,0.32196469019921364,0.46154095113169946,0.13132969214513823,3.273493043599718e-16,6.842753772993949e-27,1.1388392062383184e-10,4.7902101493587373e-57,9.318200663025465e-30,0.000531054430828404,1.6437812700761424e-14,0.0008152574163266512,5.288511134786958e-59,2.3931505003926848e-89,0.0026963395076096235,0.050262339072941455,1.1810634587362023e-94,0.4134204225027708,0.007582466341642462,1.1578781277470961e-05,3.848584479719194e-29,1.1900607668696687e-06,0.35568839837379557,0.0006583316592098844,5.6996922266685015e-09,2.9946719432205498e-12,1.060690927197132e-109,7.140285024822132e-86,4.015047745937639e-30,9.151085989371498e-06,7.858415630099655e-29,2.0775700866513333e-16,0.001018048378606985,1.0663116413616986e-33,0.16730541657164666,1.9981644561981447e-65
sim_acct_0095,56.60270198323592,5.886729238697464,0.49811970876394457,0.4767460618000936,0.03984113307861087,3.106568141653242e-40,0.10645154070583764,0.027844724971714384,4.307993115781054e-09,8.26412596682779e-13,0.009782847422815998,2.634285735049144e-36,4.33603376830073e-05,0.1083006701556063,9.403176075058147e-32,4.422265607922022e-45,1.711403415750243e-38,2.020734263932463e-154,0.003287750983442054,0.0013038155888352124,8.669927639539588e-09,2.9577925866061674e-36,6.796323714774405e-34,0.08481904785214398,0.46902575400648205,0.07604760092014412,3.191245691664835e-35,0.004241947468858874,1.2717921640913375e-11,2.158904462612832e-55,0.10885062298280487,1.3170964262668366e-58,1.3300724985868749e-15,1.4630784370758367e-40,3.9597635409316824e-17,3.0357250882715314e-07,3.965625298798199e-11
sim_acct_0096,5.461001288009056,59.72511774468014,0.5467521566859812,0.6049346208455528,0.07092844441851459,0.1816540504145536,9.223492608664564e-26,4.845198033781394e-21,2.0345246661434792e-57,2.773066988451805e-127,3.6590837239735553e-81,0.02334193391443611,5.2180282396904525e-68,6.304416179831e-14,1.1394132339939584e-98,0.000835509992736004,4.002525731966385e-85,0.0001649766661032174,1.1981365185729044e-40,0.0003306419956488029,8.551664628885675e-83,0.5505739445152108,2.3266042243216637e-53,1.921235424919918e-27,1.3138993646887266e-40,0.09557303359172627,2.0947808090291637e-27,0.13001452136387245,3.6017329429807885e-30,6.948942700567336e-12,2.204555271969319e-62,0.017460692567053314,3.070860206412233e-65,5.0686435244156514e-05,8.536403328363369e-09,6.652241452682317e-36,5.155625319478153e-86
sim_acct_0097,90.51751935969594,2.632519070134393,0.3357109958952622,0.44163592862238166,0.1273426249578768,2.7851685395752592e-08,5.438382033370239e-79,0.00010136533033033775,3.5208152864614385e-27,1.2649170069553576e-43,0.0033686374612571543,9.812481220331866e-05,0.13125680720825839,2.9152298137498155e-27,3.9885304843885107e-95,0.008909151055396898,7.404475752570893e-06,2.895879082004088e-08,0.4623408210377629,3.253017901872041e-11,2.929835811824654e-05,4.736335524553131e-11,4.327541266451918e-20,0.0004257966201240901,4.93347618489844e-05,1.2849053997388268e-14,3.176675799369711e-50,9.632051321461407e-112,2.1091275550542107e-19,9.431069669740413e-08,0.003639390776545102,2.268047673410301e-43,7.733049455375181e-81,2.075437347456172e-05,0.0005451460212923042,0.3892078165065558,2.9595472904554654e-54
sim_acct_0098,29.314212602726474,9.095830600247892,0.44175634921712476,0.5465990257738115,0.033621169901093095,0.005286528549239555,0.028577480621846462,1.8273595328909677e-28,3.9410254083872574e-25,4.9926412199112444e-176,0.000638577711066345,2.0521109113818404e-07,0.0002738556776368451,0.14449854527431405,9.917337918508637e-07,5.048964503078138e-52,1.9145660150810086e-109,3.768543947467336e-06,4.15920119211362e-05,0.00011290523114909687,2.7252545532232952e-28,2.17e-322,5.214769643847799e-29,0.3272839248919765,0.40160045456336724,0.014340427634779407,3.4778325898808947e-44,7.366237057797338e-25,2.4602004182770263e-27,1.3080223103271112e-09,0.07734070694336555,1.8288733691098676e-18,1.6277133105400103e-28,4.548443048536147e-47,1.383948889559284e-48,1.1044754025872757e-55,3.4092485007392114e-08
sim_acct_0099,5.934514935432541,72.14113190983335,0.3748979662093219,0.5221402953015025,0.07244278499538302,0.16400986612915414,9.956229087188336e-47,1.6028015059251153e-79,2.760957860201321e-27,1.1216368305986155e-18,6.651523326338602e-26,0.000486386815821861,3.1399282767795657e-15,6.983704123679615e-34,4.569388828107678e-70,1.4730705180843993e-33,1.7799493222657283e-60,3.00844942750409e-61,4.0377429982957524e-49,0.0017386152241326066,4.998923147071354e-24,0.142009973445462,4.989938345598185e-06,9.005491011592397e-56,8.882925938421726e-34,0.007891241898460166,0.0011088852257773027,0.6560846344074164,1.2449854157477266e-14,2.7181217902736223e-67,4.815555353808239e-43,0.019547128605073228,1.8424504781841765e-14,0.003796852425493634,0.003321425884818508,1.0749822457701428e-14,1.111633963619105e-102
sim_acct_0100,101.90934360468347,3.189108808884852,0.2589431006515232,0.4098678581892004,0.14096813045498746,0.09169589729063833,1.493384060993135e-97,4.23087301385229e-07,2.7307079704361682e-08,1.8780872542179937e-19,1.525878942500511e-09,8.861380475773032e-20,2.327070351848414e-06,6.502855243553063e-54,3.6664554077830286e-20,0.11772966191999729,0.04353721081262754,8.483215268038817e-06,0.3136919695876975,0.00020253427341745015,0.19191029837451132,4.103931700533591e-40,5.1107864822828465e-64,0.13103330640052274,2.467683512044246e-05,3.2187196187234756e-31,2.8163807238390673e-05,1.1631085120599886e-27,3.1397160649240264e-50,1.9807603071222436e-31,0.055468443391468183,1.0758780254973917e-20,2.9388426585473424e-15,0.00036246339354322794,3.153452846479264e-50,0.05430411170733454,4.821862323635479e-44
sim_acct_0101,42.53105123038454,5.5310099851490815,0.44349597138868335,0.37678436310090224,0.031049594727066324,5.766133146397039e-85,0.01192975806777291,1.55484757790892e-13,3.3167302318582825e-25,4.805264193626293e-69,7.186813206124162e-05,1.3707099427474763e-60,2.7630535655749033e-05,0.5046704772424421,0.09185481574061115,1.7748091953208318e-25,2.594699727356997e-41,1.3369097647593259e-43,0.00021357867356112354,3.8954096295908e-05,7.346627177022276e-48,1.6715336415049442e-285,2.7726278378432024e-10,0.1149344460606515,0.13482725639584936,0.09267700603777483,9.97993470837898e-27,9.614475099085454e-25,6.549909571383676e-91,1.440211721046989e-63,1.3829140350610337e-06,2.777031769091838e-43,0.041602263412287746,9.627142996865679e-40,5.697963980648763e-95,8.680282249550498e-49,0.007150562413583108
sim_acct_0102,5.194489214791414,53.15729204392352,0.48049461989730136,0.5158499022906331,0.05404954217951542,0.31997368446110663,0.14891343693809841,1.7182659998101125e-62,2.7891862607659266e-140,5.243590898427322e-18,9.572212303262972e-82,0.019873935370632798,4.300635105731828e-75,5.143426931904927e-15,5.898836016473152e-57,8.54944177182538e-15,2.493381277205181e-168,0.00016693218925495302,9.777462097572711e-28,7.220822116689843e-07,2.4889852708249593e-66,0.16933712568756293,3.9801481773015936e-143,6.608039772156081e-21,3.0980573931135413e-34,0.10454849711357722,4.800261281152148e-45,0.20966034826995913,8.013978481388487e-24,4.201557588342181e-34,6.432440610240246e-09,6.824073526790689e-34,0.00040483717809968367,0.015093663310897914,0.012026810966143863,3.4324449949603593e-16,4.954979027904121e-21
sim_acct_0103,92.84281523891872,2.636259116436961,0.22729663210642834,0.48257097202309207,0.13902631661529485,2.829395612921583e-23,1.2150855586512819e-29,0.028477683643343625,4.6319127137757857e-26,7.48677673143388e-17,8.029749819048399e-07,0.00010379139661881689,0.3027997957776542,1.9749926319534559e-22,0.0971058463090779,0.04038241445312347,0.0037029842720122637,1.5176531539567882e-08,0.2146485496413517,0.0038778792522898655,7.180678929426815e-06,7.995234324832894e-69,9.407009433292777e-16,0.030523955898483446,0.05161649425698318,1.0401092681734023e-09,1.847906732050333e-08,3.0053178515412674e-49,1.1386090191233035e-93,2.284521016667562e-35,0.03638070312941236,3.97928618364891e-05,8.595216729067908e-39,3.7795310875216742e-06,6.520327752133808e-25,0.1903283112271044,6.39219156780707e-100
sim_acct_0104,43.61352485839302,6.035786353725615,0.48019401515314675,0.47533942132637547,0.02947244680628216,8.776778863045371e-55,0.007612002212755225,3.74587867129055e-50,5.298367275481446e-41,2.4121120886916185e-44,0.00011826858515548051,6.272673954348199e-28,0.00013973765884209806,0.32328421035817917,0.09665069591952945,7.748288213150993e-27,5.2081875547533356e-45,7.527509753714713e-52,0.029056936776006317,1.9207617010234278e-05,3.992215075122461e-21,1.8481572268849223e-45,0.0770136715560395,0.3279829445332929,0.11970032071662416,0.018404339100083218,2.3015972443215377e-15,1.3878945466457682e-41,3.557919798506436e-42,2.875883185842066e-41,1.7664961162116032e-05,4.338105196098616e-14,5.600308467784462e-100,1.1266952067072382e-114,9.09955546146195e-13,8.157420240448867e-30,4.3645900695672725e-12
sim_acct_0105,5.597720903677728,67.50057864530196,0.565379886697402,0.4745288157859872,0.05382339856447406,0.0363875050558947,5.989740568490907e-20,0.001717939779808466,7.390552655565921e-29,1.4025063032531638e-26,0.002102742014155621,0.0018561121611743673,4.1379118392517484e-68,5.0938574322745536e-70,3.938611300596155e-11,0.0038758594140238848,2.8759644685059775e-37,1.6335711279762274e-10,7.84079320605259e-05,3.401294961874464e-07,9.712235669582374e-30,0.5768257251060255,6.404275138954569e-33,2.715971467869639e-46,3.080034628875797e-05,0.13356435457873456,5.387153874215345e-10,0.23157140792346184,1.0150718942440308e-16,3.0278209405228e-60,2.929334062244501e-20,1.788268669262256e-26,5.861088939709904e-54,0.011988556691194648,2.481261862127026e-07,1.1496051404436914e-59,3.5922166827024994e-14
sim_acct_0106,100.8995912184961,2.4933015621564536,0.38525907846454477,0.5443715830723624,0.0990616724972526,2.5720084068273557e-05,0.00018494386119801939,0.014541931809581864,1.2518064774555024e-36,2.151073997823251e-65,4.453108434831619e-08,4.307357415920358e-06,0.0015147202615196005,7.683248324403713e-32,2.7409434748400478e-31,3.4164565780211236e-10,0.0034451378852338845,4.1409712743586764e-27,0.8573280858056338,1.158373386571245e-15,0.008235668011580691,2.0826816277902302e-100,6.3322103976801196e-71,0.0014768102386978833,0.03898674122888182,5.750551810082188e-31,4.025081216564281e-12,7.320421204382338e-51,2.0698438243169255e-165,4.8827794942907955e-42,0.0013094678199793651,9.222092296355806e-25,0.009958684520163632,2.73370789451089e-22,2.722497441100448e-39,0.06298773623928883,8.001927583975848e-17
sim_acct_0107,29.75216066075998,7.1872579679694875,0.5209836775181051,0.47496800883857704,0.0372580328164135,9.387112405908274e-54,0.03453528564478639,5.415716477611929e-06,2.351665816999856e-51,3.8275538453116504e-11,0.00045387679886767327,1.950496387207242e-05,9.31326829816206e-06,0.3184586234718772,2.1248610409164154e-136,1.7176261420815922e-81,2.388571372136206e-59,3.021270901279283e-39,0.020910378073476017,0.03143221581783186,8.375917999624433e-05,1.6391975199394278e-16,1.2728882585978596e-19,0.28007842187843196,0.2500385401679101,0.025070631502575574,0.010936305565448967,2.198717255606546e-13,1.3817967146828884e-49,2.536661810277921e-32,0.027967188358682234,1.262030418513283e-26,7.268745868339093e-51,1.3907080648282765e-31,3.959598921615067e-17,2.1410680330251246e-214,5.395529723346514e-07
sim_acct_0108,7.896646697416845,52.96054795746309,0.6327859839703869,0.5374963936921752,0.061615954151835045,0.41267912563025183,2.8218403018659066e-51,6.915181187286468e-135,1.2858326192704114e-47,2.1734451273652993e-16,4.578129719575734e-32,0.01616937067655369,6.727344089039636e-33,1.9052287680185035e-97,2.5145737727041422e-76,1.2001374051588711e-57,8.93592050340706e-11,7.087628980951806e-16,3.615006662286206e-26,2.1013570774370737e-142,1.922771352208079e-130,0.11881752264689649,1.4116951650693253e-33,4.9416785689400584e-80,1.1386298344409537e-123,0.21029343530608866,2.574517842585224e-67,0.11129126051667677,2.2007227485267297e-20,5.4310793129913366e-27,2.001387218947593e-117,6.402591278511233e-58,1.3727485239063537e-76,0.027791172552291327,2.279687920584238e-06,1.3064811719356034e-32,0.10295583289396053
sim_acct_0109,63.2575087531043,2.5732576619629333,0.26603393381122104,0.567979202699314,0.1419982881330176,6.304897862280641e-13,6.814661251146911e-61,1.4300002653446317e-11,1.1428263981543435e-35,2.588936544048328e-92,1.0975350940334968e-11,5.202953431558357e-06,0.03547196826738261,3.597378037361745e-85,2.7838675349573454e-21,1.778539699042389e-05,3.1327548101800844e-05,5.127572061737945e-29,0.6886972986896152,0.1339436867945557,0.0025629236996519856,7.179948195472574e-77,2.4114760367142487e-92,0.053719284428700546,0.010545347186923418,8.04473653936335e-33,3.675723685602844e-30,0.0003465465302499043,3.4143456131660706e-13,7.768643839233581e-11,0.06463129145654439,1.1306940542363851e-72,7.487079123543491e-14,6.434363002228174e-28,1.3829441733046687e-23,0.010027336943844002,1.7209458500595297e-57
sim_acct_0110,39.10904503268658,9.264530937703574,0.4042983539990019,0.47625999331988234,0.02955214884286334,3.694375869609067e-38,0.020196082359355532,1.5697674390982884e-13,0.00027752089598627753,2.7085416007784307e-46,0.00010572759791500384,2.353587376387383e-10,0.01568466899358931,0.2785342580401254,3.9310311166924165e-31,1.6641166450477358e-59,2.023764289517404e-36,8.109740297827564e-06,0.11157298340002067,0.001193099714100803,8.434310495852201e-09,5.020383104749692e-92,0.01383076714707275,0.23055272946499122,0.006943523089498341,0.25186902860623134,4.4930636920961874e-08,8.64879726418958e-83,5.993397649559117e-08,4.554349265836375e-95,7.234426081258667e-05,3.1444105999167766e-77,2.53331132581277e-06,1.6147918296569732e-21,1.3407058329969753e-71,2.5030945257241055e-47,0.06915650984423753
sim_acct_0111,5.234040077999653,64.49818248787433,0.4863869654281728,0.4638936465191318,0.085143486782305,0.07290365028371655,1.7005318365323413e-57,3.969255099835422e-64,6.720021200368919e-112,6.072195969403789e-19,4.110172911382312e-24,0.01722673954842808,2.978488907199211e-98,4.552234327552163e-07,7.380763538544814e-39,2.426632932120573e-19,8.584375787738827e-36,6.933223241446625e-22,2.599668183529489e-20,4.991605095688124e-61,8.30534302806403e-45,0.3044674003108305,5.205068385413728e-07,2.914874781849955e-91,1.9652012647088576e-28,0.35888945632325425,3.186768266799114e-32,0.2324241230496051,5.527220965654892e-55,1.0565666922326044e-35,1.7302259324356908e-21,5.89839699094476e-19,9.234702020016449e-37,0.0002874171934077698,0.013800237481915863,4.5485190511500705e-78,7.85702953670486e-11
sim_acct_0112,80.28260952127529,2.985359173738794,0.24037210527056324,0.5153822671693808,0.12482824469833097,1.6048860202835386e-07,1.205036459616331e-06,0.0028068250475792415,3.223059833849616e-73,6.982871303360652e-55,1.7382953876387573e-09,1.0422759807327682e-05,0.028272150984381458,2.2779528279456562e-48,2.454046636262635e-76,0.012980090417643739,0.02890361811153608,2.4662749548125006e-93,0.28605503949152544,0.045422341996308964,0.008994218600813283,9.533420323007634e-100,2.1543399118026154e-143,0.27368044199911234,0.029234921716116604,1.3354291234781765e-05,3.365622841194007e-15,2.975264165955681e-05,1.1704318931150618e-128,1.4449777454944723e-49,0.18440691049840313,1.5237025811831472e-63,9.114554549101967e-11,0.01756746970678181,3.5106485868245857e-34,0.08162107438259009,2.7280953289197075e-44
sim_acct_0113,39.60585916345673,6.303956663919047,0.4255543535543888,0.3837579179993211,0.04054161681442321,2.2897215011591403e-08,0.14120239215944513,1.935558297949841e-41,8.847922740924615e-43,3.4095592573510475e-105,2.205227638773951e-11,2.3718479164779404e-15,0.12331720900069171,0.06426034405423284,0.00014324419825506617,5.492075757754797e-53,4.359247198752379e-08,4.795821261018602e-07,0.021933174780188684,0.10827010083031657,8.73927578663593e-19,8.000303587751972e-134,2.0332912504502852e-10,0.15327422376155284,0.06686529490997702,0.11019353912001374,2.3808041459939062e-12,0.0003112078283225595,0.021960527307383383,1.810517750000843e-19,0.18825106624521606,2.2568899975594254e-13,1.7129504600852477e-05,8.018324025237985e-81,2.4903253750918488e-46,1.1746845898358473e-60,3.259012331236485e-23
sim_acct_0114,7.2958597160468415,55.52514633542372,0.5569462211852031,0.6430212924530654,0.07804586785088642,0.4107405605556726,8.401100287484632e-21,2.962283482056124e-31,9.958544261435568e-24,6.151387197473029e-53,1.7718449491337563e-75,0.0027009955363451357,5.0130219345357164e-33,9.710099025771786e-80,1.383352567060012e-23,7.332124503309937e-17,1.1474525513843626e-49,7.514076334714271e-55,1.884229529849311e-41,1.8770481161134672e-35,2.960943853900485e-45,0.04175133452412317,6.466658324215904e-23,6.771844500206437e-11,1.9649035296183004e-21,0.1745723212884243,1.5589286735706843e-18,0.30948163742718054,9.65136443706833e-05,8.731252961415338e-66,2.286743824238354e-34,1.958978451308784e-59,3.590025151409261e-40,0.007230290100300673,0.0007447770964917078,4.907453921061447e-129,0.05268156975937277
sim_acct_0115,95.08976245611855,3.7402592504510457,0.37731350669382996,0.4201419969334536,0.12970436170922392,1.8941646841745708e-06,2.8368577441858628e-21,1.124352957563596e-05,1.1580599685535008e-10,6.109015143401794e-45,0.03732045800346865,2.275494277413732e-09,0.26030322501797093,1.2033994366215192e-68,2.8231674525020443e-07,0.00023913469790720488,0.009956365127803728,3.42774775054244e-19,0.2547632955727898,8.372671764377322e-06,0.003155691363302701,3.2378705903454158e-18,1.6965414862132344e-74,0.0654173005259446,0.09463492263137058,7.817968637443334e-10,1.2110829373619397e-16,9.31737286234901e-23,1.4106146835362463e-150,4.822886912172301e-74,0.03252981739775112,1.1944843894784035e-135,9.930812508587534e-18,7.119210174217117e-12,6.504997598802216e-08,0.23619962698413866,0.005458301764590212
sim_acct_0116,39.580917970408734,6.987862704117076,0.41508158002552986,0.42863425256585225,0.038080601052472546,9.074680988075883e-75,0.0689055729462323,1.4536237121476352e-15,5.479063830986181e-35,3.4286527309677453e-10,0.002985030584570934,4.597197409178472e-63,0.08019839128569846,0.26826584750507637,2.302352918780524e-140,1.5937769953989739e-49,2.152494289907351e-22,2.869212721851463e-26,0.2804487431845265,1.5310552285850688e-06,1.8176161201006403e-08,0.00019744933864350678,2.4098369571792565e-13,0.014787776104812111,0.2058073402259664,0.002541323800802143,3.07747828209191e-45,3.3517130889730245e-65,1.6215319034531374e-54,8.965168547833922e-45,0.0007563358679415712,3.342119769724053e-18,6.66243270808372e-86,0.00022823047313317652,1.4182790274015942e-61,5.7700646011170677e-11,0.07487640905039837
sim_acct_0117,6.102762060733957,53.33165433682358,0.6776459668194339,0.6483712157667371,0.06699074700343105,0.5827666516991783,1.5543477573573345e-17,2.272926593174228e-08,1.10604803295269e-26,3.001174122334215e-29,2.4426791111916262e-57,0.041509625752281745,0.0011429522650557502,1.5075187101392121e-44,8.417290860439718e-24,3.4615794893093736e-52,3.218285752932352e-09,2.5094972231240865e-56,2.0056006090216548e-70,4.351472655035772e-64,1.561777933754219e-33,0.011774950628751555,0.0007810349000405493,3.2885272193961535e-132,7.650347907566927e-101,0.18186383747481166,3.918553060425531e-30,0.12671309306006368,1.2072449376359812e-18,1.8025802034617575e-18,1.1552036712459874e-09,5.3215531549401644e-30,0.053415589695540965,2.6127258745924365e-06,2.9609157095454216e-05,8.160783650244957e-47,1.5538550364606636e-08
sim_acct_0118,94.14056130090034,2.8958274893312668,0.3310680101231929,0.5216080926234111,0.16526348354012757,0.0020274331732897393,4.418919351346602e-21,0.004942661740301743,5.0151944555226306e-88,9.231262239434239e-34,6.833656290668586e-10,0.012730405199543169,0.0008892636458197021,1.0808708572901748e-65,9.575908873794776e-12,0.015365864621689013,0.34317956066392263,0.0008079295173247259,0.18872400824184743,1.9099062681148757e-07,0.005882243872614681,6.477963325471719e-10,1.8476070510625413e-58,0.38133863822340447,0.01923121161228555,8.38589875752065e-08,1.8592734032839893e-36,9.37184255257314e-69,2.2148668781818524e-78,3.4766275014441396e-69,0.0004837663042487525,3.3846857769134714e-67,5.258984476802945e-181,0.014479406109826544,4.262673829288892e-09,0.009917326620855788,4.670547508968515e-19
sim_acct_0119,36.60667658286661,7.013081431575043,0.4177711954776348,0.44820131837437455,0.034318206244313636,1.7207758218091402e-12,0.03798219521063655,9.13489810297412e-05,3.012157319434941e-210,3.7315368622733455e-27,5.074125347456558e-11,1.4957007761235516e-12,0.0011038684204729518,0.30219261591032137,1.1629888175950097e-12,1.7222317819178254e-10,1.4130288036222368e-07,1.417284610374033e-35,2.461810597283368e-05,2.5193007249787516e-05,7.440015200642115e-30,4.3406970865298736e-07,0.08388096627474824,0.2042719006637484,0.35471730852504874,0.0026434338210815705,6.137215540675346e-09,1.6431200547120952e-35,7.247012313383258e-59,1.9882502804661604e-30,0.005926330840889499,0.007139638497333139,5.83027060723702e-153,1.3186694173308214e-49,3.9922234018797216e-23,4.3183883772754224e-12,2.1027822298550911e-16
sim_acct_0120,6.865563454368101,63.28676454487826,0.6112966194262716,0.5333089218617151,0.07716853999758562,0.38178405789231323,1.3434269983454957e-46,3.0019414122985677e-22,4.7050064254488573e-54,5.81812768036866e-116,3.2447138646918847e-75,0.0595060142248315,9.962390025462754e-15,2.3938536323974684e-07,2.9305012906804226e-37,8.358552080195042e-63,2.5494102369053557e-28,5.164924130502592e-71,1.0289027477378925e-17,6.302385488699059e-39,9.811752447504939e-37,0.20052755220064142,5.269627477552385e-56,1.6149557625450173e-12,6.301196058472324e-10,0.006578084981140236,6.892375409342505e-11,0.3445168424727955,2.417599056746014e-62,6.951868484057065e-21,1.857620674919593e-11,3.373966902818466e-124,2.2188574091250195e-08,0.00010223847030440247,0.006902044775795007,3.530291547832624e-23,8.290268899697202e-05
sim_acct_0121,88.40125450660847,4.302128409589451,0.2533085334855783,0.4561750983509629,0.12723923120773148,1.5000758808355057e-05,1.0511604686267904e-110,2.5884368913479594e-11,3.1124230710704915e-61,2.3310864547481073e-18,5.9669226809802895e-09,1.772703634185352e-05,0.002366367696691631,0.04922869238351634,1.200718623510006e-35,8.694357569858825e-07,0.006114529187140955,2.499442853949693e-07,0.46627211638728017,0.010397568187376631,0.00046804826644817395,5.859107872691367e-211,1.3738473821794972e-29,0.023465244847294016,0.10328858160919555,0.09469531247361493,0.06689365580936506,0.002011216339115904,7.213733383440313e-11,2.9404402694469168e-18,0.019640471377120723,1.6737368453417876e-29,4.885983946190801e-13,1.616460871273466e-15,8.024796937419312e-13,0.15512434219441038,3.115953528263554e-42
sim_acct_0122,35.414379728542734,8.4885823576721,0.2908387074863271,0.46361579193416513,0.03939451008185561,1.2290738245947654e-50,0.04584867278666038,4.691383004026068e-18,3.232217481015001e-20,5.155361568616963e-28,5.512991118404436e-06,3.4007301615221835e-107,0.14384967662039128,0.09599732492340159,1.2407324711075671e-15,4.044631189402367e-14,1.343068244145219e-45,2.0423465805936895e-35,0.027293219050794734,0.08916357512204744,7.725603870733935e-07,0.01645001588170382,1.0331944277691159e-25,0.028294119420056413,0.4451694826320397,0.022401647028544226,4.252758831533924e-106,1.540954318027098e-24,4.560326415836911e-18,2.185680930537238e-31,0.08552598098281312,4.661927812035284e-81,1.1097216415820108e-67,9.541611499787605e-78,1.1863995845844912e-40,6.265650179480162e-36,4.8667970608067124e-32
sim_acct_0123,7.190546886540337,69.21793670892626,0.45558172579153267,0.5355207792707962,0.08325282251414985,0.31401347575153665,6.13997220350988e-37,7.642530892777156e-23,4.753479838831238e-19,6.506455508567534e-87,2.1227247227930062e-50,0.04512562512947424,5.939837772673333e-09,1.295915991260543e-37,1.3911237233110523e-17,1.2604121373050299e-11,3.047068772401961e-233,3.460772471120189e-22,3.236864517780652e-170,1.903691341671927e-55,2.9723416379708547e-66,0.1346707007157471,3.087570205391537e-84,2.351812866639923e-38,3.398005804997581e-10,0.10320140103022667,4.273906218132945e-58,0.382739672795397,0.010760951444426957,3.3720289583873343e-76,2.8642519363049184e-82,8.48051826800964e-83,2.023139894816341e-61,0.005116703379893938,0.004370988769387748,4.339949912618599e-65,4.7469166721486334e-07
sim_acct_0124,59.780626985628274,2.7309647092764493,0.30621910056351154,0.4928632097100987,0.1315614557837539,0.1429887674440742,2.707586831593614e-81,4.331291933791735e-22,8.513832137512075e-09,2.2416411989710404e-05,0.011749374407670989,6.521714281812442e-05,0.049816423195526156,7.808018990610396e-67,1.328753692569771e-125,0.02361225124140124,0.00027969197921319,3.888025726888217e-21,0.3410220571188326,0.004652159591250438,0.003233336981167838,8.087472999466254e-97,7.069737105009614e-91,0.020447820779168104,0.012838327790101411,0.02876734559262989,0.009911254306441021,1.1794058582336512e-10,1.1651238891510797e-17,1.0038226261918349e-25,0.21627015279869205,1.051879129712764e-11,7.39771459229129e-57,0.00026941942776637095,7.777472750468872e-63,0.13404809774920504,5.877399760290588e-06
sim_acct_0125,41.44817040941681,8.179435452914927,0.31513551194691464,0.5068138441798654,0.04344002601463118,6.48229085097076e-200,0.12565535961314186,3.998138665109625e-36,4.683250739660243e-139,1.866067744185619e-176,1.8779066564600366e-06,8.6148711744386e-96,2.4533095249355742e-08,0.1768132695656069,8.028300546211506e-21,9.653603970800956e-34,1.47239143651243e-87,0.0004062878290259848,8.269238306784317e-05,0.2637579903410046,5.509218177010719e-18,1.2187606115025379e-45,2.594896523772829e-12,0.18747098921627767,0.24533157089532254,0.0004634469243505711,7.59803836115186e-30,8.535769843073146e-98,7.896096570629167e-84,3.45422744080339e-122,2.1808785225720503e-07,6.04013120232483e-08,8.159258121555728e-21,2.7204833952899785e-91,5.326287337029898e-42,1.6212300691137215e-05,5.68164606684849e-23
sim_acct_0126,6.3286010585737165,67.52630260025236,0.5364422160292949,0.5102304207833187,0.09600915367524844,0.08215675390542078,1.1490553833009618e-21,7.339629910585564e-20,6.461422086215214e-14,2.4844755770483152e-45,3.1467925054549654e-28,0.14181780516241452,5.776803418062115e-58,4.282087642266089e-130,9.773495144935974e-05,4.880499859558211e-16,1.2129345169592908e-66,2.5362825188985948e-52,6.817391863277089e-73,2.5793743669977717e-11,4.0194965529131286e-38,0.11330850581144444,4.264193302359991e-12,5.230441405249005e-54,1.5010162888674539e-36,0.03525770480235759,8.253603865570714e-06,0.40372843511535483,6.593471617589694e-15,1.6634363015717433e-23,0.011448795049578187,1.4833934157317744e-30,4.0267976458488514e-166,0.07019850193283078,0.14197750963448136,6.731248129947515e-13,1.793994900425492e-17
sim_acct_0127,95.8080561948276,4.081890578434063,0.2343979538210501,0.5208960633013815,0.11622158643972623,1.9277351653376716e-06,2.178587577878008e-17,0.008023677578421338,6.949798590153108e-19,1.79891429832238e-70,4.934181587519475e-08,5.716950479855492e-06,0.24724871364456502,1.3514593057741967e-61,3.5579900405093393e-44,0.00029956301647846413,0.08074068558706911,1.6929622379756115e-88,0.6016640695765273,0.0003615583561750193,0.00018325643268348322,1.777532596403076e-41,6.503189952703529e-07,0.0005499604294359214,0.00013846026537865606,1.625887441482447e-07,9.926750805803014e-11,5.390396303410099e-21,5.93184496731989e-06,3.452250997386613e-21,0.00911696693119729,3.8032871406223723e-118,2.3880343133049346e-13,6.843541862066825e-05,1.2079362331976053e-92,0.05159021388377368,9.163415830256835e-21
sim_acct_0128,42.92785826693024,5.935818478302263,0.5468241466074844,0.5106185513602479,0.03800897988386112,2.9212177376019066e-06,0.13763665205145018,3.818860278926593e-21,1.2019988932763665e-20,1.699368499624235e-14,6.67599544427378e-06,4.471317941178849e-195,9.66691894309556e-07,0.06620460209192841,4.736932497475188e-19,2.568105956447145e-11,4.1771641086813955e-09,5.303586189233422e-109,0.021194882527857124,0.010827904309557598,4.639735962025061e-05,1.0640569959078154e-23,1.0001221865091732e-33,0.15288677539870502,0.5624048907695928,0.031433348300433234,2.4920500224277093e-13,1.3577717078099391e-27,5.351955140202568e-22,4.8559079005152286e-43,0.017353959801626292,1.858618336509884e-08,1.0147264279289759e-22,4.3595215822613473e-23,6.948581129682366e-10,2.2404022017470907e-39,5.928241697288191e-22
sim_acct_0129,6.818884798160753,56.412527177013594,0.577839552761042,0.6436857540935926,0.07087514276433958,0.023287694888030532,2.510421952626587e-12,1.58137759324934e-28,1.212389562904445e-06,2.6680707710002024e-44,4.174157989519964e-11,0.20334976770679214,1.1419566455223012e-63,9.219678003901999e-18,3.4368047989054208e-50,1.8270611143635517e-122,9.187220670526552e-47,4.686370509240703e-16,1.2193283658997627e-19,8.913072790287804e-220,1.7879804255784553e-10,0.21279156269836275,3.837765981848707e-57,9.640300367509847e-49,1.4051248857686848e-07,0.04011369634374055,2.254943212039101e-13,0.45356307248035105,7.384290903603986e-11,3.51094933315255e-35,4.436706334289564e-14,2.480118583028628e-47,3.6641324884056346e-34,0.0668928525245089,1.5899943949535288e-10,2.5976586545957976e-80,4.0126039607996833e-22
sim_acct_0130,72.57355236797666,2.9262571468294385,0.2730870879843177,0.7628333801836044,0.11956176252014875,7.413206986788053e-11,4.566328615553316e-111,1.011672482494879e-13,3.5474193149605658e-34,4.270515691778932e-31,1.0391550568815414e-07,0.004034716963896992,0.016185461139396812,2.1104477452477e-82,6.5201018275181256e-24,0.000880145918021446,0.0021492170212005796,8.01687500623255e-21,0.8782675355275857,0.0035456985842294026,0.015799537209854032,8.939026437861332e-34,3.3383496366190037e-07,0.0005054010153844153,0.0016224771887913885,1.452953541431998e-10,2.654383156801992e-10,1.2711822983401902e-10,3.2787285167125942e-108,2.030391105569629e-93,0.05926252596567546,1.1126032253522496e-29,2.2254388816575784e-41,3.584595107529786e-14,0.010888045338851415,0.005672070227057879,0.0011867295374643025
sim_acct_0131,38.482359490983185,7.0911805588231065,0.43059166257954157,0.4786473966032149,0.03501622321174914,4.2185881858918906e-13,0.06925301162940725,1.8933161676997742e-06,1.518237203730267e-106,4.64639604747715e-11,3.4602659846805924e-11,1.4758639505944351e-13,0.07169545495306996,0.4284282400942978,1.313161081735797e-60,1.631714558014015e-88,6.956440162379786e-16,7.3356110964842115e-28,0.05519158379112969,0.007664439961768908,1.6813411441312026e-10,3.9498366098025686e-80,5.763697766148351e-07,0.15558535897879827,0.16977501302005724,0.018100785607954823,0.0001910875835712669,1.7137591982730418e-16,3.224700374292161e-16,1.4125978490502117e-95,0.023946592393364923,2.3294894316841428e-38,7.628282155108873e-204,1.0596321522077098e-84,9.66181351403685e-10,1.3799875587442275e-105,0.00016596108468310502
sim_acct_0132,5.951923019931089,58.84814015461924,0.4367244798610294,0.6655291258799494,0.06431173907424438,0.22633582172304997,1.0772185962424043e-134,1.890590806894382e-26,2.1098309289227166e-261,1.3613908295522394e-29,9.597803952549415e-105,0.04329450119611832,4.3839042906733896e-09,0.004803671610217626,1.0305165900306718e-32,6.343726726161233e-31,7.571096001897157e-19,2.5215477323047686e-64,0.0002478391720393311,1.43168138550242e-06,3.288279208048195e-20,0.17870603861920445,6.829765828031126e-71,1.4006478683492748e-14,5.976562105532146e-17,0.48159456854923793,9.271674871832661e-68,0.046432163996225836,1.5654029973156514e-32,5.079710809548075e-52,1.3334296419651638e-120,6.025506110000852e-90,6.571571345341797e-72,0.002272361841583059,0.016311597227019664,4.8899923561480377e-247,3.4873603652421295e-20
sim_acct_0133,88.87115648889862,3.0714666917071933,0.30450779476083073,0.577075947540139,0.09295036572036856,1.8716838502321844e-07,3.0199803071016664e-07,1.8210531400113742e-05,0.0013360171849677333,1.68227602707826e-85,2.0731874566423584e-10,4.936344675686077e-06,0.02290573527464224,8.503181520499374e-24,5.535107581787559e-146,0.0002750675668830459,0.05853310427954529,9.250239929679519e-152,0.12165675144938354,0.00019488361318244695,0.09218454354513708,5.902460916568542e-28,6.186535644380262e-150,0.078525861968204,5.219715031865011e-09,0.18087243496796637,9.63017087622681e-49,9.127719983888825e-98,1.12352280872497e-49,8.473694650771523e-109,0.046954243982394485,3.642450790917514e-71,2.202877843883893e-22,8.466945117325524e-06,4.07573807958075e-28,0.24795522552652147,0.14857402222652955
sim_acct_0134,46.414018190384624,7.200211503156535,0.3143383800331232,0.40746665211816346,0.032359735681736355,2.2756025033593483e-25,0.0031005786117604267,1.7899749074640417e-34,1.314631187537238e-57,1.9727230775519996e-43,0.010205175455716595,5.966899367021055e-53,0.003677027461866568,0.09259576185407414,1.2118137947613023e-41,1.9101156352287104e-62,7.794118659506248e-09,2.9088736544497285e-26,0.018090159394290057,0.0006557261509078071,8.447126254318685e-58,4.9413638953492995e-16,9.195180625126413e-07,0.09240766734985845,0.41301689374012357,0.34203527732686284,7.501136930249673e-68,1.677662030342016e-16,2.6590509789486598e-98,2.088424226481779e-143,0.0242148053423576,5.677205395820289e-65,1.819004898754287e-58,1.3063119535610024e-31,5.793875050492162e-52,3.6386539182746646e-132,3.1001203231414983e-21
sim_acct_0135,5.577967684790057,66.39720850092544,0.5378411639052867,0.511279042442506,0.07930858682767934,0.10379767058164525,6.952210031315059e-40,3.402573805509531e-93,9.798458960349266e-60,8.143261716796317e-92,1.6622939504618226e-33,0.004321224189073216,4.4813232992941295e-30,2.499655350940008e-57,3.2249850063078423e-22,2.343282999399111e-81,1.927682632387678e-96,3.8097955606783195e-42,3.6279556629364986e-27,1.9822976158983804e-14,6.338202597043181e-45,0.429951132074035,5.548313426120931e-49,0.006695395481920548,7.825521907656886e-21,0.24276660603577005,7.275100989204569e-12,0.19759310151673296,9.23310634445192e-149,0.00997538469022761,9.90414610859841e-82,1.6967501249102177e-55,6.702215491199761e-113,3.2324374721611336e-05,0.004867161023818749,3.968643472654581e-25,2.475998504506669e-11
sim_acct_0136,103.91326751207724,2.8158870303940735,0.2693598985740219,0.4698502758474535,0.12459190631245731,0.01432188198596947,1.2331738085649499e-27,8.755897899657942e-05,1.2807868739594441e-09,6.618846674876737e-53,2.568976999145637e-07,4.656473928680583e-10,0.07151887469424618,2.2529552697400998e-10,2.589956634385951e-26,9.887572314401598e-06,0.0001547491835412871,1.5296304214358597e-33,0.6024013395259225,7.533692714450208e-09,0.0006081019594102879,2.525150990837368e-48,3.935970538026841e-38,0.00021400285302092657,0.14815119966351034,3.867836658196436e-17,3.643473321408019e-15,2.766080231027357e-10,4.3480294865714506e-86,1.3161073721703335e-10,0.03205690751194305,1.9595943334099273e-22,8.223998164057401e-22,1.017468412742327e-05,2.9430126140885736e-26,0.13046505457565286,1.1154803583235428e-101
sim_acct_0137,36.135340107171125,8.059609763672004,0.3766080718788712,0.49165656954390835,0.03847638583997757,0.006647239680860618,0.0015742358350986,0.007366936336982038,2.0816149060822584e-48,1.3571737913103112e-07,7.072460880821652e-08,0.00019639662123455945,0.05414736793552188,0.4046505524329129,2.7378548572095012e-86,1.5242430788086206e-13,5.440086063910821e-35,7.761368462972349e-53,0.01216463393388036,0.03451217457763516,1.5807291844136675e-36,2.492289735274102e-14,5.879217352524972e-10,0.061470237954105125,0.37160635529491787,0.033213900292924446,8.503908201901038e-134,5.833837262544093e-69,1.2924959595943847e-220,1.938123781996401e-11,0.012399665817991953,7.013419941314514e-08,5.978123565380407e-22,1.0784340553989663e-05,1.5646071650263293e-137,2.0003619184596482e-26,3.9241761712744446e-05
sim_acct_0138,5.937585018612384,52.84235491186812,0.5305396248928684,0.5399053861569258,0.0678279202275656,0.17662551890148073,2.012612987743411e-60,5.773232243491378e-06,7.495387551395184e-13,5.797020101056107e-57,1.5071891003403093e-19,0.14236569587115272,3.239761562441341e-26,3.5747098913449333e-09,1.1008331954529785e-62,6.51775298423843e-25,1.4952932630913406e-147,0.001925905833192761,1.002499740017558e-36,1.697072794536918e-58,1.4510486147493748e-90,0.47307873120609906,4.507996414312577e-14,6.806857285335272e-66,6.049010902280438e-13,0.06042834109825263,2.1722749263332574e-15,0.1383538603560553,1.9107354284024186e-11,5.823141161746812e-41,6.711594517396261e-93,1.9884278356490908e-178,2.7709743201393185e-15,4.5102766449065657e-07,0.007215718878637267,1.4565803952359806e-94,6.396051132657979e-25
sim_acct_0139,99.36441095476786,2.7415482859310303,0.20206048679143232,0.6485186348102714,0.12901657189520538,0.0001113406679019246,5.002840804364106e-08,3.399568059921542e-08,7.153890004460541e-91,3.2381542063334282e-19,0.026877458080024386,4.556729122277327e-07,8.682125924684936e-05,0.0002799196423943888,6.821369246555138e-11,0.048721745268710745,2.1179177607919493e-05,2.5309607094707745e-05,0.3666137616653317,4.472596851169517e-07,2.0309655076608916e-06,0.00019915799882233836,0.00038319167994519917,9.45082089094938e-06,0.0977649210900748,5.692569719799902e-07,1.606420806384561e-75,1.2806605590367803e-16,1.009152880986757e-65,5.841420548397287e-20,0.2076245502527905,8.088849411620734e-72,2.5179085854187622e-36,0.024297847561469757,9.849442153015385e-43,0.2269797579024222,7.789209204732452e-11
sim_acct_0140,33.2780372229965,10.860171619384339,0.3337896925086897,0.5430192580952375,0.02669477717413194,5.398415585486408e-80,0.041213248413165045,0.0037658967465345186,2.4014926202363848e-12,1.094511467566923e-21,1.2777365087901238e-08,2.1905120663843093e-33,0.02617404623276718,0.20122790653138312,9.264459632747137e-17,1.4087136474120697e-35,1.7743379266136477e-49,1.3168910573351794e-78,0.13944316947899657,0.06643306785751925,5.890186474428046e-24,9.74298356799626e-06,1.5773340513607948e-73,0.345417944522043,0.14121978485294517,0.02832290088452561,7.076521195387954e-54,1.144494631562227e-59,2.4224333673825764e-162,4.2284224735068565e-133,0.005064376104319263,8.37236801912764e-16,1.0046944320028983e-137,2.7908485013678706e-16,1.6474667513918133e-18,1.1373632351498786e-43,0.001707902612465589
sim_acct_0141,7.4990820851674895,52.66813629834399,0.6352941546136127,0.568442857080059,0.06528917724762061,0.029933003611866967,1.8406430812779183e-11,9.001095384444897e-111,5.58965843313667e-30,9.865265732863652e-15,8.560302861531433e-77,0.2607558049037056,3.255332953295813e-40,3.431020975501141e-68,2.6382813897043357e-17,1.3053116943912911e-11,7.869048713472401e-07,5.339937926436436e-72,2.8482869576257002e-120,4.891888221070247e-48,8.396562186488239e-52,0.14800868142634374,8.068605355795318e-07,9.562180066347641e-91,0.07184993950054377,0.2506372579068781,6.157276441360416e-48,0.23399929516589107,8.219397074816135e-19,9.013408344642121e-12,0.004292919873479613,7.594570279040031e-33,8.043040261257817e-137,0.0004560663258157604,6.54374795704462e-05,1.0105502716148963e-29,1.5260388325950834e-14
sim_acct_0142,102.37818191183094,3.4712277596005374,0.3008162860416516,0.4648477934550854,0.1287478564071831,2.7956029678733887e-10,7.908838187405464e-24,0.11173061606396313,1.0164814990318678e-10,9.842987457549415e-13,3.440951903176825e-05,4.918235745168056e-10,0.005401476075554861,5.46265265307168e-100,4.453380820932797e-10,0.04061244255282079,0.00040066216196125705,1.7869936532722745e-61,0.32565804045425295,0.09431706906327864,0.0009988674646083976,1.3244770018908456e-54,6.424789478883219e-53,0.20758582594680433,0.0011346537826614938,4.93200089246473e-11,4.7702881660244437e-45,1.9227136564411896e-06,8.269654936166533e-08,5.771036526351754e-19,0.02284459831298273,9.076928333860542e-05,6.184996412597522e-27,2.1562267717168788e-08,1.4840042780360585e-28,0.18918854097759322,9.508016892815204e-136
sim_acct_0143,31.995899211474768,5.648597445942365,0.4032688670471613,0.5659312581909423,0.055015318428789886,1.90948422273871e-47,0.26375211983053365,0.00013030906365080316,1.4575298223799438e-13,3.701865469895031e-21,2.5372406930594303e-09,8.204040951364717e-110,0.04217885869155133,0.35564676194311956,6.0577042028259616e-55,2.8403631329427167e-30,8.300553872034779e-70,4.225480570901944e-05,0.03395303900312286,0.0875325976309141,9.565896289590367e-09,5.661848782484046e-59,3.1349587676858144e-09,0.018331037282526493,0.029662153212454186,0.1684489931969052,1.8144840656611762e-114,8.543663410726773e-18,5.899332539341805e-86,9.937599878453302e-11,0.00032185996614604817,3.752748861795957e-68,9.01318949751431e-46,3.574909574352164e-11,2.4358221662312835e-18,7.011895202941615e-42,7.678165215626073e-18
sim_acct_0144,5.1180886899886,62.423678620402015,0.5582001900436335,0.6260161271062747,0.07680004720522256,0.007553640534322789,2.2280592642798222e-39,3.878570809237609e-05,3.479661557846225e-08,3.8552574764798855e-69,1.1707188687527911e-06,0.052598806403530596,2.170534108665186e-34,8.45855916211369e-15,1.6758412316770294e-51,3.182905081312238e-12,0.001153283711007013,5.305454277626468e-69,4.768017457146872e-31,1.9355776790165746e-45,5.4645280333654705e-33,0.4260314186607511,1.8157379650728323e-44,1.2961933562779297e-08,6.50740872842145e-57,0.3537807363541116,2.7911701213930122e-11,0.1584640296238723,9.325807323940396e-48,3.12778937845061e-61,5.779318318766525e-44,2.300773294811976e-30,1.182168037802352e-31,0.0003271795716270552,5.09009239154528e-05,8.203472223167739e-46,2.485945864860851e-13
sim_acct_0145,92.16931493559015,2.7937371077974853,0.2104692183892466,0.4721454069567429,0.11776379704510041,0.02832783132371077,3.274279062051601e-35,0.004903127128037957,3.021016332799445e-18,6.0066451944145985e-31,1.4966219273212845e-06,8.581762763895364e-05,0.016575139741644294,1.2148591350181319e-20,2.0878469154373966e-83,0.01690212583077345,0.2929339870707187,6.803465858077504e-86,0.5316046972864812,3.305243270968614e-08,0.002225251721534771,2.043708652197347e-09,1.7644996358314144e-05,0.0705848478010259,0.03307574299973297,7.324955350455826e-06,5.513256414631385e-05,1.3403866235162009e-17,1.594276005689941e-20,4.286441078787662e-56,1.6126274052700486e-05,2.6718483937400686e-109,5.821933647622953e-37,2.1147666519053063e-20,1.1312374551673782e-148,0.0026836709607243148,1.135253502227411e-26
sim_acct_0146,42.70692235450363,6.443819861770356,0.3967283232144551,0.5062025269232531,0.03419309393385264,1.4679261168488786e-32,0.006173620034173031,2.1891082264195424e-14,3.4419419943119585e-99,6.948643786595987e-20,0.04725629684403632,2.7745157990349474e-64,0.13922381365418923,0.10049034365178926,8.225426987851783e-16,1.0199054243864961e-08,4.0567038306818913e-47,1.06716926892923e-26,0.019800597788007582,0.0016431561249013271,1.3037230732013605e-07,1.707503391593131e-33,1.1733908831962613e-08,0.1296417472673863,0.1645802215914123,0.001165050996941597,3.5270791367536605e-06,0.026707822333678233,5.049960100277066e-12,3.4300363039300597e-40,0.36331365032400464,6.597951088207333e-103,2.2357122317328216e-16,1.4429389374821314e-71,1.262007437127441e-32,8.649104756560438e-83,2.9913395145745805e-20
sim_acct_0147,6.614719639758258,64.7794365327169,0.5228985868879313,0.5036975906961424,0.0679166719026603,0.2529447398223775,9.186405627297752e-206,4.353370492978007e-23,1.5940281363338636e-156,1.192209702398179e-49,2.991119127421383e-10,0.005979101813478769,6.398234619001667e-17,2.1641995090279005e-49,1.028416481421504e-40,3.4248251646092157e-103,2.281409728930106e-101,8.563647858799784e-99,1.7345452385992575e-45,8.352228062456787e-09,3.9314275612145403e-59,0.5597083971117179,2.0103816927523196e-18,5.347093788673813e-16,9.569827177276822e-35,0.02831332512702767,9.830869830123872e-49,0.08549202717552737,1.0908992948323411e-14,9.780701755442639e-91,8.37266049605933e-176,2.5999221265535204e-53,5.890966375648056e-80,0.03770336780045859,0.029859032084973664,4.130869236041993e-10,3.641986253597843e-41
sim_acct_0148,96.1507598835883,2.876970525621106,0.2810950505945287,0.5647805755588129,0.1538014426087616,5.911644240888501e-08,9.776031682594106e-51,0.004855958243552303,1.2895172338088013e-09,3.0041634042457316e-61,0.0027848382669397377,0.4141493509161482,0.06652581522530042,3.5066471975391056e-29,1.7696980945038733e-13,0.08160083126019083,3.300053527034518e-08,1.5430047034098659e-30,0.33043953608341337,0.009571880479246548,0.007185835446588973,2.228543171471234e-40,3.3428819920426285e-95,0.0006770873747055542,0.012428798338008664,2.170146677654324e-06,2.2933195413527908e-15,2.3241896827278014e-55,2.1397054209811706e-73,1.9944017808569377e-07,0.031890359134721005,2.3083964329848485e-12,1.0809656994110505e-07,1.8037355344430267e-10,2.019159302954613e-194,0.03788713795840298,6.98044728985402e-46
sim_acct_0149,33.95081931446235,6.494420744812402,0.4678843990645575,0.5161423835226959,0.032484050222918705,2.177415532175889e-15,0.029550126847733692,6.344614112398526e-15,4.723570236984339e-06,0.0001269629390844364,1.6074743042974983e-06,2.309210093437505e-173,0.022179196000792715,0.3369136355557996,0.0045291980939639286,1.639545753838284e-05,2.747014509064862e-16,4.699775572444402e-05,0.004081230646740464,4.572533269962526e-05,7.604985011323644e-13,2.4633381019639806e-73,0.0018901514317144212,0.33199938433048,0.0852868315523202,0.10391336890412123,0.00548766620496998,1.0159551216350647e-37,0.05999077625365992,2.608349294010904e-96,0.012295485966198623,1.5764478370136976e-27,1.833865743955815e-32,4.3493972697182204e-160,1.909038211496762e-82,0.0015770703119246882,6.34653692233233e-05
sim_acct_0150,4.6095715211315635,71.80484518579766,0.6627977225326213,0.5873649369984567,0.0773166306413895,0.16752334258418064,6.801347148591836e-06,1.7962089684584837e-43,3.877887141833717e-40,8.466731613139662e-07,3.631999253802422e-31,0.13627199491174302,5.95677521987394e-114,2.957403557964354e-83,7.5687444903064e-54,3.3122157805333924e-05,2.637725082946641e-87,3.1152514359836806e-24,1.9077030938016993e-81,0.0009702481633382929,5.925884873451994e-09,0.24264440252666836,2.647064414193474e-34,3.1073454168591817e-21,7.256269899518392e-103,0.1082058666485046,5.950921832415906e-39,0.3442291943628621,1.1237883758388765e-69,1.3136878600138192e-66,1.9390333823119107e-101,6.045153071844977e-08,3.9966428373660815e-19,0.00010408697151170879,1.0027275660587914e-05,8.149229653852314e-25,1.497050407816495e-20
sim_acct_0151,103.65923601000952,2.5827659672874392,0.22723327707836308,0.4152615766103927,0.10856264977274972,0.053848943218070384,6.55742690942072e-05,2.6233822995201993e-10,5.182017378137698e-06,6.337478027856547e-172,8.843019430816448e-07,8.215013061731042e-05,0.0020622352088048614,4.18860642650511e-51,2.427686396570117e-12,0.024256798714535493,0.011562115205497112,1.3904101265288918e-28,0.6038281549686639,5.541041869222888e-10,3.3147942635215854e-07,1.0582168573944145e-22,3.721577497819037e-69,0.22410378213752755,3.4232244494652927e-06,2.9245840666282987e-10,9.840216338158707e-13,6.925929858094712e-19,1.0741474033198346e-70,0.0015615969046036578,0.0011815063461604726,3.669639227053877e-07,8.660435736076345e-91,1.959453434485514e-09,4.2453346306429385e-87,0.07741419351895783,2.2758318581373607e-05
sim_acct_0152,37.19317631229386,6.9474850952527465,0.3964182334308229,0.3888539230518022,0.031111769721957696,4.9021800028157465e-23,0.06007894610228546,2.0823319351127704e-06,3.31105707373801e-17,6.625634767222993e-65,1.5019505642605548e-07,1.8205243545278907e-91,1.1610663542310226e-05,0.2555784802243782,4.85869036895036e-103,3.557206127286271e-104,5.55011822458643e-119,1.879229007167627e-09,2.9188293233651942e-05,0.03560232912571987,4.4789048840035655e-08,9.262225818996485e-77,1.0127494469447129e-13,0.07421614706409693,0.27351867849024064,0.281012465490438,3.3853595553573625e-06,5.841895994790531e-37,7.530970837265039e-20,1.4176862687333954e-21,0.01992463268637773,7.62824385112634e-96,1.4304847022535202e-31,3.950730032118025e-54,2.1578114873889612e-05,3.713244777707739e-95,2.7918988726731297e-07
sim_acct_0153,6.220465013714886,49.8446168203114,0.6160865834498692,0.5569589416693802,0.09511628367125051,0.1000382084780222,2.7881093069921906e-68,1.1286783152955155e-49,5.649581435010223e-135,2.9520102302830535e-50,9.470793194726089e-59,0.24458355928074316,9.343135759599334e-08,8.656484563425645e-21,1.70500673492199e-73,0.0006207175871872332,1.564333873684557e-62,1.4019361710611554e-31,0.0017226705729795622,2.793146563387617e-13,1.4241520378231592e-25,0.1924090191645233,2.2750748632233403e-12,4.0522383202213035e-83,1.9747505056285882e-10,0.01033906309159059,5.575587645692125e-107,0.42876468282520724,3.0935251041476946e-11,6.970165387460383e-21,6.281440149364475e-47,2.031116381805442e-05,1.1107410134076496e-105,0.0007963218865314288,0.017540278594827527,2.4123657287559675e-28,0.0031650736922476403
sim_acct_0154,112.42466411962604,3.1174325097793956,0.33249534652864876,0.5378335897550142,0.1424522900186241,6.949785517628029e-07,5.070596192730151e-59,0.00012492990894460735,1.230140183733568e-54,8.901326291058146e-23,0.02221416224947501,0.009058196537990943,0.012921564337688908,1.7963522784904118e-110,2.8214091000684885e-77,4.162399608499861e-05,0.00491742722856723,6.204211916616183e-106,0.21506225283531746,0.005699406178812751,6.2817381774686585e-06,5.339737234423647e-15,3.062552618939173e-47,0.006371049912357056,0.4593730759587434,0.0007015779046658125,4.574556206265225e-145,2.83573816832273e-27,5.317226031359215e-73,2.659001246625392e-07,0.0002706341010004306,1.0527628718836369e-13,4.948341847745539e-74,1.2940299428128258e-11,1.5142619013626884e-137,0.01457168031602794,0.24866517590441872
sim_acct_0155,39.71839408497371,7.009469173947063,0.3482440097115689,0.5153788881572599,0.03804756295485845,4.059811076426495e-65,0.027634206695710928,0.00045855704688423137,1.658946512317741e-07,8.413157598483293e-19,0.10846130961598638,6.389038081972639e-06,0.38925978997852934,0.06523680152368841,2.21623350605406e-56,2.7871826302896014e-19,0.0010023797612758625,6.023195451320516e-06,0.05347236656639511,0.013231265639012214,1.3310180253025652e-27,2.77482081028829e-44,2.146027855803764e-52,0.08777400566725914,0.14180910850931958,0.09433409410433083,2.09666484256592e-46,4.357384985262188e-26,6.911024835313125e-55,2.0083313549188615e-37,0.017209375660884277,2.8291187059040346e-30,4.616086716113153e-30,2.910599960776071e-45,0.00010303655426272889,2.9014573362929836e-93,1.1245482762752484e-06
sim_acct_0156,6.836369159747351,65.63580898746265,0.319736172796878,0.6474864190149007,0.07656465353547585,0.40954222938444584,4.681564411580021e-09,2.992790299956361e-47,6.025860455169576e-07,4.856583738854925e-25,1.963332016922192e-37,0.08630170463097607,0.032311620770765936,1.5533617890859426e-72,1.5407681875192024e-08,4.762588982502757e-49,6.185493533021938e-31,2.389442994199379e-108,2.0746188758509233e-56,4.8889516688949684e-101,8.479649848363906e-15,0.052064011300292604,2.173959542045035e-74,1.39638836117236e-11,4.214441818120265e-83,0.01317853579388269,9.227547893821434e-40,0.2169190496179355,0.10436740271839268,9.383688235485604e-90,1.7453225523751004e-42,0.00012713774890310895,0.0012296927786731044,0.025737089977754063,0.05822090258871403,4.261393511373613e-74,1.6930364622415733e-30
sim_acct_0157,81.9509491953577,3.1007899091532014,0.3014199375498254,0.4843543786921704,0.14597147769377575,3.735877834260927e-10,4.3674068670726795e-05,0.004453015479880484,1.625628509810777e-57,1.183741429217203e-49,2.2741949802932614e-24,0.001896202724324711,0.0029340871401724567,1.162889776188133e-55,7.639099145715278e-06,0.029256750737305208,0.014256099997861841,1.3840192241314125e-86,0.8110553084925679,0.0011823002449678228,3.9260551206686956e-05,5.606703046913218e-15,2.9971125117488526e-44,0.039800393939830536,0.020208277617950285,1.4150772974925259e-40,2.1257748901184065e-08,6.956734894968967e-49,3.085648691295823e-11,5.2871717359494236e-49,0.06891631974928333,3.7100140868129054e-37,3.2449999686518314e-06,5.793524324864496e-10,1.469224041022175e-15,0.005947402915311079,8.839333525798581e-41
sim_acct_0158,48.363496349926386,7.142218916166012,0.3618241482048375,0.47979501897756566,0.03265612317996353,4.300873020441436e-17,0.07474833572505353,1.1524147601176205e-21,7.120121680646718e-67,1.3355650295709723e-102,0.04560716887096765,2.9984962141598206e-122,2.2456921844922662e-07,0.2605408943783196,6.146726177967255e-38,1.2658555166080893e-79,5.1743502705537453e-08,1.8131913176640378e-67,2.8731993824110883e-05,0.00014116877830491333,1.1121501615387945e-08,2.807675424687161e-65,0.07081757688526889,0.02538649563591664,0.38232942458497776,0.05582100169755506,1.2053826925332435e-22,1.578471061599815e-39,1.0707475949995962e-07,4.738659594512228e-24,2.956282839896147e-06,3.721400254020725e-115,6.319849538009723e-74,6.057304614184416e-17,6.97479474435086e-70,0.0845758505839609,7.402882395496304e-11
sim_acct_0159,5.396256117086625,52.99357595312367,0.34792526902522514,0.49903124732241116,0.06403193798276736,0.4683472764675569,2.118023625825915e-55,7.514812814724967e-21,5.6549926112097054e-77,3.009624150864808e-62,1.998867298866794e-113,0.00042224194888699644,1.100710335952138e-17,1.3594862436033182e-56,2.0116196108771686e-14,9.766708376064115e-54,0.006719870065109296,8.685586591409353e-20,6.69354549209821e-35,5.871788357078913e-19,1.033230260840004e-45,0.16097372895843617,0.0023413059342930974,2.989902826003158e-132,2.8794004767203006e-28,0.07492167660854726,1.1229433604976532e-05,0.24506779841231383,0.00010286221539665256,2.569578960333494e-07,4.760051097464542e-15,0.0001853887864095905,2.322062362897035e-86,0.04088611715733955,2.024705418442203e-05,2.905543610632207e-18,7.951115575216612e-25
sim_acct_0160,76.72725092334898,2.649269638346121,0.2756590626810645,0.6383862007379446,0.13078446425351567,8.131797005039311e-16,4.1007564628129725e-17,6.799898065910028e-11,5.082541324810744e-57,3.205710588798989e-38,1.2321264430534949e-08,0.0015922981385052778,0.025710619861226473,1.0800712264211481e-148,1.6166031385351613e-66,0.06010967462870566,2.951141400218752e-05,3.7770116151721953e-109,0.281999008396003,7.341427245354079e-06,0.0007621466715251459,0.0012601083700270607,1.2356163773109395e-25,0.018612432863597296,7.933422271826497e-05,0.0016975918697352689,2.4624606558979334e-22,2.1774192513473016e-28,3.0555548294407454e-20,0.0003959781319647356,0.38381194274908864,1.0036301075729976e-134,1.0162009471688906e-06,0.001688753761754302,1.4835625055464515e-39,0.22008685376175738,0.0021553751419325124
sim_acct_0161,36.58641346527152,5.347104475226196,0.41444327944503606,0.5000290388559181,0.03489858738148734,0.0009200888985083988,0.014098433299440273,0.007414925268355827,2.8669337109043704e-116,6.175750704054896e-68,1.5276669220616925e-06,4.191760120663761e-33,0.00028444562290961205,0.5189865941686728,1.9657023974814943e-13,4.03682772568854e-33,1.3294863283566143e-136,8.692626387500226e-50,0.03346924903818663,1.31472725546741e-17,3.571280413333411e-27,1.5853025737901697e-05,2.3039353425437723e-25,0.26431146740234623,0.11152322555995385,8.81721299960615e-05,9.041803548566779e-05,6.530150368469661e-13,3.816351408991382e-120,9.936432199827e-10,0.048795598888991855,2.826422881739642e-97,1.9438827158933003e-56,4.8910050554038e-23,6.86889895719549e-26,2.426349956900331e-54,7.817746244167049e-37
sim_acct_0162,5.962483887243824,72.38797596581017,0.48849926780033165,0.6062658888955301,0.08967158406145752,0.31652225891789587,1.2666014015872018e-20,1.428641587487937e-14,5.13769836177487e-16,7.589128685707303e-16,3.307124852441498e-57,0.0780194754588865,3.795677484247557e-05,1.105249590991791e-58,3.0698966141452104e-53,2.1889533982666436e-17,4.376910989663544e-56,4.495660152965114e-73,2.0631332013993218e-125,1.460309356430034e-51,2.751157619975025e-29,0.122773632056589,1.6308510264578682e-17,1.8968751492111307e-75,6.2897094485063735e-43,0.05875702684623958,2.6710203499492316e-05,0.4213574051132525,2.889021691047891e-19,5.044376219504566e-246,0.0012198259920571761,1.196241876897068e-89,4.894026533989184e-23,0.0012644565481076996,2.1235921260109373e-05,9.791258438948848e-20,1.6167354165424875e-08
sim_acct_0163,84.96102780473666,3.467149984395862,0.3311798312795867,0.5529154201932933,0.1101856261066657,1.6688254386583483e-06,8.977702039836456e-55,0.0059623947709820995,6.9940136809128765e-15,7.500643408730553e-08,3.450884387564354e-13,0.5047103306159592,0.011848260364490172,7.820882416196807e-55,2.47638796848692e-22,0.009136458855892893,0.011483410741856697,1.0485232280155025e-25,0.31888255567182056,4.141202337537435e-07,0.00032553108198964906,1.8070965863123547e-21,2.1172385573527876e-75,0.00025307813439882926,0.005561329560846764,0.005139607986230363,5.662001774926912e-28,1.322724453737869e-91,2.375318631277203e-62,1.0241629291599154e-13,0.109665624469179,9.514834238327634e-64,9.438610447251992e-30,1.4937557329488562e-34,9.54105826231982e-07,0.017028305687966542,1.2919736412434656e-42
sim_acct_0164,37.33443566084123,8.949247426873068,0.29346084061287503,0.5050410694173398,0.03967953747993009,1.953447265501572e-64,0.15833267265879766,3.814960987238387e-12,1.5839112112324256e-80,6.529952140758186e-11,1.945388095624102e-05,1.9220941436601136e-76,1.6944432855023742e-10,0.5939753366682435,2.1863077431730434e-57,2.1614577767212638e-41,4.802532309029619e-69,6.480402716841857e-26,4.390901759485671e-06,9.117909220164773e-05,5.618844355744982e-07,1.5831893748597696e-63,4.280663792763157e-22,0.07058650789837423,0.07897063162020518,0.033531158568911736,1.8791975887658813e-34,0.06368624845045946,1.838409172264012e-52,0.0,0.0008018581368481674,6.363289468508935e-67,8.384170342942547e-52,1.6729951940793212e-36,1.4265845078735704e-21,2.68860745844381e-14,2.2148871059157658e-13
sim_acct_0165,5.113256472651572,63.87061101576941,0.3747979209879544,0.4824560783647146,0.06624864606894502,0.09193879457490645,2.2070972842079286e-172,0.0038362036293000407,3.932539071603403e-60,5.318699969864409e-06,4.043103976749649e-23,0.17815695027473755,8.083302933125616e-13,2.0596417422003015e-07,0.007826737752814762,8.12056953096665e-45,5.87213770826301e-18,6.196644165878423e-10,7.145197435606933e-06,2.8338584993541625e-83,9.743692381252293e-64,0.2027851607953815,2.2748084558777756e-117,9.497779446500009e-80,4.532791070841522e-10,0.06285503084709382,4.307666182316263e-115,0.40454721735389443,1.120095491857341e-78,8.63437420018926e-25,1.7141953248925366e-16,0.0006571157198947655,1.1618660797355063e-45,0.04725047882446946,0.00013363929217545843,3.942290561845675e-36,2.09808529842186e-52
sim_acct_0166,69.28543151041139,3.558891259958178,0.2536927505639019,0.5004113602655871,0.13559584930488836,1.2495526394718355e-09,1.2378068943145083e-118,5.347973935508863e-07,3.496002977803965e-08,8.917589151793992e-29,2.75234160875229e-12,0.10441518994484414,0.011038174830263363,3.67035021293713e-30,1.0227122647304684e-37,0.01848004405478969,0.13692763832262766,1.889727807352736e-70,0.5049150625967931,3.314447720870294e-08,4.797287678239965e-07,3.074376717954741e-84,1.2830882249512471e-85,0.02546233250375925,9.623005897184046e-06,1.4442961125915324e-19,0.0040842227027748906,0.047421599955080794,0.005153327165074538,7.914349174664422e-39,4.596135446460146e-05,5.246241822565207e-162,2.424024873165879e-40,1.5425448124185517e-12,0.007203160312381656,0.1348425793667332,4.895105278575531e-34
sim_acct_0167,39.429747045344115,6.671113475375378,0.41332532252430865,0.6330724873800341,0.04031461177783677,2.713151026994585e-45,0.06630403983878037,9.589186692391434e-08,1.9845672499775982e-46,4.77762612803858e-56,4.7402028125235496e-07,6.15833829456285e-110,4.257377704745785e-06,0.31655837422670935,3.4415456483410147e-34,2.4590973014434863e-36,1.3171623686626382e-80,2.8847379124091653e-81,0.05413724217119182,2.689670832819126e-06,3.043808005002108e-07,6.066015129379385e-104,4.524161222213781e-27,0.0643497884304802,0.22422356034692845,0.08956136286824176,4.401428683747627e-23,3.677949820559433e-25,4.410989911777212e-83,1.4710271423803675e-13,0.18484993135246022,5.808230032994254e-35,4.95310296742028e-21,5.536532696057332e-98,2.1029388330101055e-19,1.1802138935424997e-36,7.87942357447147e-06
sim_acct_0168,5.7534781163957,63.9220980108231,0.4726381483430032,0.609509366922104,0.06935458593802842,0.10722665385384797,8.47721766887074e-19,3.8107459163550826e-135,8.475866285005007e-12,3.386472454728941e-29,1.7262121012318912e-37,0.028307783361391867,5.803762313833353e-07,4.795363284502478e-24,5.600718659680464e-90,1.5667375146363236e-38,2.94337839116827e-20,1.0418683430306549e-66,6.6673087259375676e-43,0.0001042014645091809,4.548716562995956e-06,0.6267097736146001,7.135924756415716e-63,2.2867995180882338e-74,2.814668382482072e-21,0.08322736460103994,6.506077856794276e-16,0.13937689644609688,9.556135667466892e-09,2.381031704146733e-103,1.779775459155548e-60,1.0961542492319271e-16,1.0570236431723098e-32,0.0072147990306388335,0.007827388970468438,2.6307461395787813e-28,1.6326933751507318e-27
sim_acct_0169,77.96084670878642,2.808980490196777,0.26676195808314307,0.38641097239595323,0.1348599605384917,1.942428785908373e-15,1.3676410522504118e-39,0.0007917407079548582,0.0004577489388220684,3.0930761431282266e-99,1.137437223973022e-25,0.12461882001006361,0.016982292797663907,8.96009768433462e-09,2.7606598975779995e-170,0.08072585536184675,0.004492371992842562,1.496011045514933e-63,0.6468820495189649,0.021904681578551813,0.029148986670365494,3.1099454846081834e-25,2.410680591116849e-47,4.659818591386888e-07,0.0031607892624572935,0.0011771727175842101,4.5387937701970457e-26,1.020266242047833e-31,1.4258500016295134e-37,0.052101929393912214,0.002183934837958343,1.5255612393382598e-29,7.173673101395504e-11,1.6092751118756537e-09,1.1361078173849889e-12,0.015371149586905272,1.2283978005261185e-63
sim_acct_0170,43.8334463180082,7.507532260595998,0.38603813286016475,0.5191617557321713,0.03425690712880897,1.5453809329087887e-145,1.4414011263106475e-05,5.252238097424554e-28,1.5154149169301066e-60,7.727223258821767e-114,0.0018370640764523707,5.406641710440332e-06,0.06870214931994836,0.13803925447290744,7.937352412625663e-41,3.3315503845530896e-15,2.357502918559931e-43,2.0094619659072303e-07,0.01627687774286749,7.831124419225966e-11,0.005580775099667743,6.668374624344e-20,4.085766892737323e-08,0.3561340357761368,0.15631069304454587,0.03168729613428255,8.824860748501174e-65,3.9424034878901374e-51,1.211712474124266e-51,0.002231274432345985,0.019420421315652477,0.20376009469377077,1.1392159426290735e-16,4.815745781824241e-34,8.16747202999299e-18,5.46915016466361e-14,1.3562136422129363e-09
sim_acct_0171,6.355794241509226,42.60156241965603,0.41253838023485984,0.7132451875577255,0.11616722836194718,0.48709988832974255,1.8021676282588827e-105,5.09101846930732e-70,4.4114143653785293e-13,1.8781109230761446e-66,3.099320885449501e-144,0.05394892643946149,9.938356585894732e-13,1.745621804768918e-18,6.763803561812397e-23,6.109347615574213e-181,3.43137297637957e-15,1.0416691565885796e-74,1.9946098428766345e-56,0.00012600815284712655,1.59938502143192e-28,0.15425129606114127,2.704626817870006e-147,4.484982833126579e-19,9.250400905305748e-120,0.10600892020496652,4.33540730098004e-15,0.1592255859016316,2.543556019591271e-13,6.064267418858631e-50,0.0,1.1319695421632197e-05,7.548363131321198e-24,8.217343690259773e-07,0.03932723296727916,5.114426435923413e-10,5.451576022425566e-18
sim_acct_0172,71.40304303013716,3.743595203318159,0.24776578566660543,0.5012026066048915,0.1610095559237683,6.121137665334208e-17,3.339983682844829e-64,2.359633035693443e-08,4.8759769497545937e-39,3.781958785544869e-45,0.005430472368713048,4.989595622034701e-08,0.023601599247220013,1.8196767152220613e-30,2.537837370847495e-20,0.23267122596727022,0.013312326342411765,6.593422875930057e-46,0.5384332535033299,3.216213901018973e-23,0.0023252459034934056,1.2698089221438327e-25,7.042280026526778e-19,0.009731317073469312,0.1414801020515733,1.8183141469763862e-17,3.149823201072657e-06,0.001279924637618688,2.052459506443864e-129,1.5673476855349315e-60,0.003578365802156979,2.7350560215594285e-09,2.2919904606152235e-97,2.609529898207751e-05,9.733879961078794e-08,0.028126748414417285,1.2619954083446252e-60
sim_acct_0173,27.416193814464645,8.688990487843604,0.4550131563605751,0.4818994437579602,0.03997809275745422,7.429930794535978e-250,0.1780225299094606,1.5571518904188952e-13,1.2234212570223141e-08,1.6687691842481235e-21,9.865998029193575e-06,8.29018870285099e-12,4.955439486197803e-05,0.29137786799253607,0.0020913401743348826,1.944097787574734e-26,1.2683656166485878e-08,5.2554343743921253e-79,0.19770319838282213,0.0007148505101956213,1.6332235648194885e-10,1.7273874136646279e-09,1.536174296547078e-10,0.1900772574940011,0.08054532054530868,0.05002218555059066,1.9905933380588396e-16,2.195891712861756e-62,5.760943059434648e-09,1.1050423168192793e-70,0.009385996315459045,6.556948923702059e-39,8.148740611520428e-13,1.234287815110355e-38,4.346222674499127e-27,2.587389263579023e-33,4.689044360037847e-20
sim_acct_0174,6.098212874736517,72.76391109381619,0.4333470340248375,0.4589308207064347,0.06941284403057264,0.019900106016856215,3.7716987877663005e-92,1.261597177818756e-13,6.186832175250126e-32,2.330095723661084e-46,1.8748541303468196e-74,0.17490175293088833,1.317982106252955e-15,2.8283814752654688e-108,2.585172430070563e-67,3.3737042386467703e-29,4.315904828364068e-34,8.284459788163429e-150,3.643662328377406e-06,1.386151495911228e-09,3.603230013400994e-35,0.10063560027103416,7.151905915135659e-15,1.2182026656136528e-05,1.1877655327737494e-39,0.25676162451414625,8.428284312308993e-07,0.43843568279449696,1.4228413540034613e-106,1.3832844328298582e-21,1.1908649143682669e-23,4.663840200072473e-86,6.066903754929241e-33,4.1801071960110735e-06,6.140258307347734e-17,2.7653848761729035e-22,0.009344383461680202
sim_acct_0175,85.312190821246,3.594586875971331,0.22535968375977994,0.41815524405907806,0.12464604306132594,0.0024290935698611724,0.0038059076922930053,0.0004924291311049851,1.4323843528233826e-05,9.470033135681917e-81,1.7769838016756735e-07,0.047980011108258905,0.3991562857543828,1.7778309797443273e-90,5.055964521769972e-43,0.0001186879291430323,0.004319228582311314,9.257325386473854e-80,0.25677438379492135,0.0006374768965505196,0.03697135971671179,1.716098134037009e-19,3.448165726380897e-23,0.1395425989516865,0.0004629523797308787,8.126116982263384e-17,1.3537949623650477e-12,1.3029437046792971e-54,4.4020079040660866e-55,6.141855862924655e-47,0.04905285820351726,0.0007540935274386526,3.021579696512444e-16,3.323016887001901e-05,5.541590002582287e-26,0.05745490095444276,9.55128467416511e-11
sim_acct_0176,42.84640889749677,6.501706783595363,0.4783850575689827,0.49921092653067894,0.03874020851737875,1.0945639727442914e-31,0.037169338797578146,0.0030920468601383496,7.022819855619596e-20,3.35986879293368e-10,3.8688465377099764e-05,8.93459478255612e-13,0.11295506570369329,0.5825244742557405,5.03697610757487e-25,2.5506160361160497e-240,1.0056097536885165e-07,4.274645864863759e-39,0.005029938202101485,0.0008797306823821668,4.3699120222714423e-10,6.951827315690213e-18,0.003424506713303429,0.01504892199330023,0.1114832928762101,0.07307267068021554,1.67694926539524e-16,9.431351266562095e-24,1.9739122900047658e-58,6.356251831318785e-90,0.05528122343388031,7.069665173159007e-36,2.297486125039014e-21,5.893471888662035e-71,7.307466199441688e-48,1.2323857989627015e-12,9.504470818696111e-28
sim_acct_0177,4.810657162046852,53.13800493845938,0.3577057735466721,0.4752461537660325,0.0658218694317292,0.09742720413550615,1.5413176665083758e-34,1.0310230647955062e-46,5.101749684141083e-15,5.479116533678384e-62,4.0007201881202283e-29,0.017782301294525342,3.309325834788571e-67,1.6687474986417128e-18,3.069592524810856e-29,3.2961894110733793e-71,7.556105875882433e-29,1.2789021479117451e-34,9.533929507537343e-05,4.76428909947023e-22,2.567158890870829e-41,0.40323753718434685,7.20175563281641e-07,2.2296218840933978e-26,2.3752242863349046e-05,0.0653411563476999,2.2530736947338838e-18,0.23189336600941768,1.9444991280730974e-72,7.335702284691222e-43,0.0002075062658944578,1.4903610855656287e-147,4.39500710759214e-50,0.004430635062772242,0.17956048198633034,1.7341728870988467e-20,1.601864260935287e-68
sim_acct_0178,88.15832110820416,3.393144586052456,0.22160764154146892,0.4982709322297281,0.11924267765856689,2.0083695765942436e-05,8.495111975276954e-119,0.0001685721956695032,5.657483190117569e-13,1.1655362512163063e-18,1.875036134206681e-08,0.007907407096323222,0.2994324495269232,1.576770933636501e-23,3.5835653249080964e-29,2.5218351571448552e-08,0.1674233497949849,5.07003829489677e-50,0.35969642778308586,0.00021950188376774625,0.0061397014785535,3.3420952363797114e-81,4.663070074359208e-251,0.01764188784531079,0.03197942446343495,1.3318339391036775e-08,3.542343083262185e-19,1.052896636708438e-57,1.60082296890277e-135,5.3118141606835685e-30,0.009091747348703631,3.309241436739247e-144,4.6486322613582045e-08,3.584391023807614e-08,9.791149147155748e-74,0.10027930726962583,5.275231937227531e-42
sim_acct_0179,35.60806858110145,6.5202242862673785,0.4631387824235257,0.6789535712667953,0.03512149969508019,7.404571207258894e-48,0.0075078043201686736,2.753317219677927e-15,2.559017292156439e-09,2.6706277662050486e-26,0.0011606381223101382,1.0114047304280443e-22,5.16569680308022e-08,0.06823411747309455,5.3082030484439585e-27,4.913008830327018e-97,0.36155684373705516,6.809033615793444e-18,0.00036356976223874267,1.6974199032957843e-06,3.096164832911996e-32,1.6418274738837107e-52,0.00042121399019943507,0.26796097755729315,0.22889953476767907,0.022671644160371447,7.636602324110719e-53,4.980959209413325e-32,1.5420417018686813e-67,3.881094527659918e-82,0.03969073321025572,6.703882457034716e-59,1.5698545255183338e-16,2.4444343878405723e-15,9.328608039506025e-14,3.461700880204048e-16,0.0015311712633461264
sim_acct_0180,5.7291942159474285,42.83417569666281,0.546101135389745,0.5411535405121067,0.08224603251978173,0.01664811547364579,1.4275213357011752e-48,1.5593000582315268e-98,5.190630506893178e-34,2.6056281068510045e-29,5.311062033456842e-34,0.040571225438896005,0.00023799294197180665,1.0903499124028583e-45,7.672069801270529e-39,3.229997217890816e-11,9.210698172282872e-36,6.69362063006011e-05,2.1835877578844174e-42,1.1094294885198163e-12,0.0,0.3456800497069097,3.0596526474870246e-12,1.0914524926318274e-06,1.5927450176228097e-13,0.320199024897888,2.495644043341883e-54,0.2571456028144946,6.293166082420142e-64,1.65741341172333e-16,1.7316950840276284e-117,3.4341321654421045e-13,8.430414662357443e-76,8.164360382241434e-05,0.0191032664652724,0.0002650509613338789,2.4112554269473485e-16
sim_acct_0181,86.54080247723384,2.3650398684440272,0.3196468500627166,0.4793305691948802,0.13300352428961013,3.043050323194839e-05,5.164921627768189e-28,0.15030197652640767,4.2873703759053654e-70,5.440979286483516e-34,3.767130745555397e-19,0.008205807684950384,0.2161187797651065,9.935472297444086e-17,8.999394628577488e-23,7.764864871613632e-07,0.0797955261204425,0.0027701913048255025,0.390261913562001,0.013887810819925918,5.408763262656963e-05,2.161753189759296e-34,3.607462515522635e-177,0.012701059319659154,0.05700626273700984,1.7664094485727e-17,0.005010838279654962,4.611573388549845e-06,3.2261116663839786e-21,1.0180097579556663e-67,0.045507039539569506,1.1845998223637236e-17,3.286209499669598e-55,1.0251139073463395e-05,1.2433502343010867e-22,0.018332637005639092,1.4562403618272686e-48
sim_acct_0182,41.54063480955169,5.094193276603352,0.34034141663791123,0.6120057888862512,0.03752796798437387,1.5776648416810577e-18,0.00019871599165377849,3.92760547834639e-05,7.119603841382451e-17,1.0019021553897466e-75,0.007745899656348107,2.3087268109410037e-13,0.2148182750430003,0.41885042321142485,2.5045694554849518e-39,1.9552407708544984e-78,6.309777608964523e-38,1.1375369168435744e-80,0.0015988381095975496,0.010516328344667666,0.0006404433344254891,2.2961503939408718e-22,3.64865302807849e-26,0.19162988080231919,0.08789738004852045,0.049809282482065134,3.471530861469439e-32,2.7467629158939712e-11,1.744541710767664e-61,4.3664707218335494e-15,1.760455576709214e-05,1.2990046209121936e-74,0.016237652337668437,3.8510724494498803e-25,1.1805658875360649e-64,3.008221941913211e-50,5.5589062520510126e-14
sim_acct_0183,6.332512980628061,70.70791002336462,0.42550005414498715,0.4684690680397553,0.065098909982442,0.16451218542486024,3.1674432938999255e-16,2.159558684869184e-26,1.2912646250173753e-39,1.899610178925214e-19,1.2626993216804062e-08,0.02473347869649848,1.1035577540797727e-77,2.3825840943674857e-22,6.615476712861373e-119,0.00028099652006032303,2.0094875893813105e-10,3.859998232990182e-160,7.045757422834553e-13,3.860195157743073e-43,1.695359110665378e-66,0.0806333722820255,7.220008240713271e-17,2.3482549437373843e-33,1.269948505578939e-43,0.05088100649531338,6.918455256437959e-63,0.5820765818606023,2.028406184597597e-34,0.009944975078946667,4.8510208639660345e-28,3.5410834014458794e-44,2.5336685270399114e-30,0.0869373889199716,1.8930746575406444e-09,8.337692706107983e-43,1.5131860448771657e-31
sim_acct_0184,95.68198053579357,3.6933256339333065,0.28500526424927186,0.4417491988724481,0.16265691543309366,0.00040250281025187715,8.932290696984787e-111,0.054000719486244825,0.002672190637828597,1.1607160927628644e-07,0.010543639422403288,3.0683826055194393e-16,0.048166474652576036,2.6030279620395046e-14,1.2498670578649299e-54,1.387870006534558e-06,0.0033270189417868848,9.899603907397187e-10,0.6218804116815362,3.551075622914302e-08,1.7749191083699976e-06,6.066505502856601e-70,8.067200243154381e-62,0.1334081301446381,0.06295874540237656,8.906965398229249e-27,4.806692689526554e-12,6.667900723422051e-41,9.778249900396812e-14,0.00010259561432243093,0.0028480685758453237,2.3192645901704606e-91,1.9303474056991834e-21,0.00045484382336051,0.04683514418973443,0.012242377879944488,0.00015382137077903871
sim_acct_0185,37.631986889291724,8.4404717904905,0.5450535426840466,0.5024463731061943,0.034636065889010276,2.7767920777144515e-46,0.001956049411341451,8.366251204619061e-10,1.8627959362421214e-41,6.567035097415042e-85,7.326810027226987e-06,6.227435666855677e-28,0.019253907973491906,0.2142337416776273,1.0729046910704412e-24,3.9899471942907235e-142,8.159211231916048e-58,6.811458980355917e-57,0.00011008041458687376,3.400233690507384e-08,2.020110387547446e-18,1.5543119131173317e-37,7.46022179827084e-07,0.6010462884424524,0.15166808610757462,0.009972578564917256,5.714480434491864e-07,3.620821377622017e-13,9.872861555550492e-179,7.09059952356345e-77,7.553565728846269e-08,2.3664414697553995e-30,1.4663617676708346e-17,0.0017505123534225986,7.522277324299679e-16,2.8123069943627123e-61,3.993530464005708e-10
sim_acct_0186,4.274262372177585,56.47674065186782,0.4285384017634146,0.5658190735638235,0.06981231220446894,0.029450113725246745,3.984536216322941e-10,3.5224690819833325e-06,3.451882195382591e-24,1.2007037416125276e-15,1.0596465923790074e-34,0.09556792507271157,7.088866603744253e-145,2.010538469663226e-62,0.024479248645971854,9.969179974254445e-17,1.5932317438280796e-53,5.613743079392409e-26,4.284492728210296e-16,2.8409073424363016e-39,3.2094360695867624e-166,0.16784997586912112,3.549332201721132e-07,3.615733274310505e-46,3.0657329476753238e-55,0.2084278473587775,2.318225764032181e-130,0.4523861741322883,2.4307933354244837e-19,7.602179279472034e-99,4.931981739018664e-08,4.135732531689663e-37,1.2404077300828785e-34,0.02088237531859285,0.0009524127567151432,1.7378831838411413e-63,2.555933160701768e-22
sim_acct_0187,91.09054773993212,3.9701171562947923,0.23130543831064143,0.49734882862660645,0.11599210696714132,9.354412935546477e-06,1.0293197257298007e-21,1.2687636533122604e-07,2.8283298402930734e-27,5.579008634778456e-22,0.0008080627044216827,0.006793648167332389,0.009019503555930775,2.462122499298441e-15,2.950542906569811e-19,0.02856512770409447,0.008828118283993356,4.7507407671585527e-51,0.6234812287787838,0.028567726382436275,0.034137028649959614,1.2541479090800063e-148,1.0332170048396818e-48,0.03536354326330264,1.6402604885732408e-08,2.1554064352463915e-08,8.905394270360047e-25,1.3128471601671248e-16,5.655222227225157e-43,1.3763590507558165e-60,0.02292926787745778,6.845001337008011e-34,1.732042523122743e-38,9.717336821653502e-12,1.0073475877017274e-13,0.1832740753297928,0.018223150046703742
sim_acct_0188,37.49448924646542,7.304359070329051,0.40380992843855945,0.4107054721671707,0.03628994309654586,2.6281241765727894e-06,0.21944899280071428,0.0016296981423640704,0.001661141029354836,6.564087841309047e-07,0.010759218458001265,6.779962327156488e-81,8.045905040329447e-06,0.37842984002835584,0.025980320579746495,1.5355017263777019e-78,5.1441333970468665e-136,4.392955466712765e-13,0.017411654989406673,0.13906730556237717,3.0211106812827717e-29,1.4054762205297422e-39,1.3369215908442324e-15,0.1712319366005693,0.02757505555927051,0.006107986541494487,6.098868198521159e-41,2.9600486977905447e-09,7.241707802649989e-28,6.1571590438275905e-117,0.000625903900768535,1.872175912842612e-78,5.704821082079007e-05,7.357072905074427e-34,4.910410083433003e-43,3.2885636276364392e-46,2.5641982653853016e-06
sim_acct_0189,6.009814488456242,43.50992726490563,0.46410764402467664,0.5359612559237168,0.07006160388529117,0.23797170845705634,9.455931418918438e-52,2.7273445386257826e-19,6.05896780554699e-26,0.05551278548395873,1.360131154694146e-19,0.030528890369414745,1.4262851382289222e-38,4.537630716702165e-95,1.5852921553697843e-25,1.0438407121971623e-19,1.6999562727841456e-06,7.336575612071038e-22,1.4673323746569967e-06,1.8933256932241906e-118,9.51436264672076e-13,0.08099144984380192,2.7657369272567124e-05,4.0465066713939337e-20,4.173886283475661e-167,0.05008387277164933,5.083998499381282e-17,0.4111784203640536,1.530212673727558e-90,1.7978817292830064e-60,1.546547096974975e-23,7.237243390408152e-107,1.4284575238472044e-07,5.148603199689519e-05,0.13365013630512143,2.828683231430384e-07,7.006670209140781e-67
sim_acct_0190,87.42088549017613,3.811653595540335,0.27042368582518533,0.4493262765965336,0.1229692655199388,0.00039786286899977786,8.206363269969261e-05,6.598190192291593e-15,5.0478198601804034e-06,2.9445310245146167e-08,6.574801149279394e-07,7.27877433592306e-17,0.29185088642512386,5.133126017555045e-16,1.2725336812066498e-29,0.0175400988429485,1.5315506944774623e-05,1.9994501235582988e-11,0.13067398614491207,0.13368723025099832,0.0005848205322859147,1.3668502306784238e-58,2.0880452693835187e-09,0.00016646004879573563,0.04659430568789478,9.05281591559682e-19,2.1543094349755857e-15,0.003599860228388733,5.517075545118183e-15,4.0201243824283066e-38,0.03297246651289614,1.9052580628931352e-13,1.2697860824842695e-32,3.21106742706824e-09,1.1598113207148827e-18,0.34182610630852894,2.796943985004492e-06
sim_acct_0191,44.138933411471555,7.720101901518306,0.42901379100312825,0.5556037410603035,0.03600418283533735,3.5486448947973357e-37,0.0024677465174103583,2.1191066178236052e-19,5.600142373403216e-101,8.838574765445475e-58,1.2618599740396047e-07,2.814793195651137e-72,0.0593231810628108,0.1863483360121616,1.966032757545515e-103,9.824652287175978e-09,8.53954272688272e-97,8.930001340310888e-37,0.017579633987982693,0.2755125181998105,1.7844528059575996e-05,8.702077344459973e-38,1.4116000575191915e-09,0.12164945533808041,0.2112486697065257,0.04245594752954524,1.7450095220947348e-143,1.6642759170792643e-138,4.627416609197597e-105,9.485908590950384e-79,0.07571011028267727,7.831284929928469e-29,2.429486257576845e-40,2.308965832078136e-30,7.585704500440382e-12,3.858373120957594e-21,0.0076864194051001694
sim_acct_0192,6.665478193304738,40.93413181872193,0.45469522316531186,0.601342265481144,0.06448340182609584,0.13690039119468905,2.779013698868761e-23,8.680299604119116e-74,9.660344625254168e-113,6.01602862175395e-95,1.137131689765433e-103,0.242207882149905,4.67725293519193e-150,5.3260654436799775e-06,6.2512055202491035e-52,3.391853861192865e-31,1.3051932107756662e-15,2.7822932841734253e-41,3.1367880236896162e-102,1.5121971295545256e-23,1.6616743477658393e-120,0.19057305976636704,6.394828904854196e-33,2.065915245690791e-213,2.88306099439066e-41,0.005072790629732523,7.21683271644153e-32,0.42044369594323167,4.827304392680668e-07,8.187176016776603e-130,1.789827839988914e-39,0.0019334030047551843,7.139051971966348e-16,7.535836482381561e-06,0.0004023810049227481,7.684479359315696e-95,0.0024530516740295257
sim_acct_0193,81.68047966555383,3.292920365334431,0.24179167873375776,0.522732747354604,0.10017244124641289,3.354830837495649e-05,5.70299427767984e-100,0.0007192593680904642,7.765633810741864e-60,4.6088977535284974e-129,2.099780173869425e-15,0.0015872925683468797,0.18152307292158085,1.1774239986214389e-08,1.065785639921905e-31,0.004195465108481539,0.026318310408723945,1.046093146217442e-24,0.2647756202869302,0.00011545911127330679,5.966014459596233e-12,1.308806539504018e-91,2.0818030877760325e-07,0.08721532283978939,1.6096780905210083e-08,1.6390830044671433e-18,6.189147895403088e-22,6.879067712008486e-22,8.614481104583777e-79,6.822954709249591e-84,0.30512837969413525,2.7082385357398476e-09,2.8347235427178224e-10,0.005718870038216088,1.7077317052374005e-50,0.12266916029689823,1.5022394465644815e-13
sim_acct_0194,35.51166739485227,6.824683553633056,0.39660990205663127,0.5686876539220901,0.04104930426370287,9.421007347179865e-62,0.010300591417396232,3.8490502374902826e-05,0.00020062968450654028,3.6796455229131837e-16,0.004308286978625019,5.6572894769524465e-39,2.2440201836989083e-07,0.21877691270300018,4.5935812237083805e-40,1.294921652380037e-35,1.732107682851164e-09,0.0005387000844499803,0.03914948304117312,0.15206481587999238,1.0258620824773433e-08,6.723255432728076e-24,5.412243609085781e-07,0.3777478257367044,0.09874085335004637,0.028085079678163493,2.2508552132743366e-06,1.700893327942125e-05,5.734820136794465e-18,2.6597983506504378e-45,0.07002820427411999,1.4302117998672275e-99,5.88874569488071e-27,3.0827346952712547e-103,9.359541472173968e-20,2.0698674243267392e-78,8.926384657227707e-08
sim_acct_0195,5.9824043834174905,65.15348305903309,0.41137530893695057,0.586217938034246,0.08344400449599465,0.5166495206689277,6.312192274913229e-19,3.809207490438427e-24,2.1298919179423324e-17,0.0008062199224369166,4.1640124614037773e-07,0.003592787431955198,1.1582435619511524e-07,2.8069976036749805e-20,1.8144527783042035e-23,1.3320931605033944e-53,1.3642840045287402e-68,2.5582791006868685e-156,0.03839876633055201,4.482706021346701e-27,2.3348139113683602e-55,0.10765517460606634,1.951575768595665e-08,2.8661536075749143e-09,1.7563493084300182e-71,0.0542567485781101,2.430181226729386e-120,0.2785064088057105,2.471569959683877e-44,6.735738616537039e-17,1.2066842184680056e-05,2.651318140014975e-20,2.7515889472218424e-18,6.114889269154623e-05,6.060331385149544e-05,1.5368937250245993e-50,7.82268626292659e-44
sim_acct_0196,92.15196304651357,3.4407745389685505,0.2554141233545437,0.4963918411830004,0.10300018761420951,3.668422579677206e-18,5.156808571573339e-10,2.167621725579964e-17,2.6660781956229283e-06,3.3598245867479606e-124,1.3597370677516902e-05,0.0022561098250146183,0.007632527108494679,1.712875147881368e-10,3.635072499853121e-62,4.13325592734485e-07,0.25737768597415156,7.86467570106038e-38,0.47310992045103956,2.775036540728515e-05,0.0013933914516088563,1.8653770756961013e-17,8.20746189732433e-128,0.0642748522084464,0.049777721070308846,0.02012559149944149,6.209421060002893e-14,2.3438372636776564e-09,2.875285208078765e-91,5.403171412117662e-171,0.03994990267193379,1.140187501024325e-24,4.375244919530042e-60,0.00014941891046256592,0.007324764915836687,0.07658368374252036,4.136722221245199e-51
sim_acct_0197,39.74461552376897,9.012548574697686,0.3816063758681768,0.5058406275578025,0.03743876007314383,3.2855725907389836e-37,0.0789882448656291,0.028078025009853295,1.6293843268248677e-28,0.0013843849394297573,0.0005317770311938367,4.2964201911485096e-38,1.9645765991895975e-06,0.5103705472752901,2.2322545423172922e-100,1.685744579036501e-53,1.025052326432915e-12,1.088700213492772e-09,0.05089386668746032,0.10433447545688371,7.952695315852353e-17,5.676281354366093e-15,1.212580650433922e-15,0.07654638647750849,0.12732183704292838,0.0024371061508254703,3.631263965020793e-63,5.94883649174029e-31,3.979352465956219e-09,2.1336558982356845e-42,0.0001260227471526894,1.014452714865035e-47,1.4192345644e-314,2.7618744049720498e-77,1.019434428954147e-79,0.0186471601009964,0.00033819656916477025
sim_acct_0198,4.601476161572917,68.3700014268004,0.5508483810325565,0.668612315437727,0.0879003945436542,0.15094012442999133,3.938589130102788e-36,7.0778926164963605e-40,3.603516052664017e-36,6.672563075253012e-13,2.186947677460639e-21,0.05377164022696691,1.8649734310241292e-06,1.465891817125546e-32,1.1497825325296555e-08,2.2919614799949832e-33,1.3229329233503e-46,2.2661138134291914e-44,1.1592172809906917e-20,5.398341328410539e-44,1.6240166586339088e-14,0.24919595970658662,2.1462783528420318e-39,5.196441479914097e-14,1.6757376287939863e-19,0.14219018693169444,1.285846823731273e-22,0.4038509246367621,5.739836332229437e-20,3.033462038844828e-06,1.1124520060760859e-94,8.996440061257621e-24,7.96350430723836e-75,3.0441496456068908e-05,1.5812637511999348e-05,1.5770833393099008e-67,2.337606256379059e-81
sim_acct_0199,71.51714138616634,2.683906248174906,0.3545818315956523,0.45761555767684764,0.13542682743229525,3.801012711559398e-15,7.389263244757987e-11,0.0049740410585584005,8.445640865910972e-19,2.86700572880711e-20,6.572344332624036e-05,2.1348412181934394e-07,0.003491915803544905,1.884506266282313e-18,3.1856605571231385e-07,0.0009391279644721319,7.342425480950573e-08,0.0002894911281511079,0.4517975136224237,0.0011955542788969896,0.00016022066064599072,3.9994628333420144e-22,6.302079145319338e-31,0.4780569958770736,6.644518452736162e-05,0.012116282470309703,0.024182912186329616,6.176735231374585e-08,1.0399583221591537e-37,7.605805013336043e-08,0.0012390590069536816,1.6007957992761318e-25,7.746755522763945e-35,1.0694452336428561e-08,9.055847937280012e-39,0.021423963246602964,8.222089913387653e-54
