name,turnover,holding_period_days,concentration_hhi,buy_sell_symmetry,volatility_pref,ind_交通运输,ind_传媒,ind_公用事业,ind_农林牧渔,ind_化工,ind_医药生物,ind_商贸零售,ind_国防军工,ind_基础化工,ind_家用电器,ind_建筑材料,ind_建筑装饰,ind_房地产,ind_有色金属,ind_机械设备,ind_汽车,ind_煤炭,ind_环保,ind_电力设备,ind_电子,ind_石油石化,ind_社会服务,ind_纺织服饰,ind_综合,ind_美容护理,ind_计算机,ind_轻工制造,ind_通信,ind_钢铁,ind_银行,ind_非银金融,ind_食品饮料
sim_strat_0000,22.73081390554225,15.853342069280895,0.5779786311676891,0.6000952752192626,0.11223365253773247,1.31264263186411e-125,4.060151080839981e-24,1.1662858806212733e-170,5.600368981803348e-10,4.7658086899444944e-76,0.06170566602555591,5.111658493280377e-30,1.3685718946667738e-55,1.473310271679224e-87,1.2700135571112665e-45,1.6198854671420718e-12,6.74373696595833e-31,2.5807297366842738e-135,0.0314805621188431,1.7107561040122917e-18,2.3034381385196647e-93,2.2601368903404632e-148,1.0135672705840671e-60,0.12142697288108495,0.4126580764580888,0.002351564799500551,0.00010055746798974523,2.3748632995495568e-24,2.5318167706703006e-107,1.7899477158395958e-136,4.69571120702508e-43,3.5849605806655897e-10,3.7436383438103806e-57,4.086488856265099e-87,0.1745458875580967,0.19573071177068757,3.4355705351687903e-72
sim_strat_0001,18.59497397238785,15.130836207783611,0.07863072318737283,0.5468188029885866,0.09098695795023015,5.82381654540341e-09,0.07831449693498757,1.7307521453289671e-12,4.20070288787822e-08,6.269520300853171e-21,0.08054868855116971,0.008091367150533421,0.02750016959537698,0.017328292219855507,2.773825263720753e-38,9.533880750153354e-07,0.019641818162329655,0.01639225183529901,0.007263946847657566,0.05220138572097376,1.767918415201657e-06,1.2233164201647295e-80,0.0005185108658219412,0.07323257987708906,0.13099020369960462,0.0059055379817114905,0.07309451395416598,1.683258864064248e-09,2.506394808619392e-38,6.792408741767507e-08,0.38767726023191684,6.272984662587478e-17,0.0008701794482113222,0.0006198846648088318,6.99056103528277e-30,8.807236613202669e-16,0.019806073512073252
sim_strat_0002,16.248685268988677,12.602381549587742,0.07048672743877381,0.6745348471109034,0.10192359235902915,2.546331569600098e-85,0.023381289423799273,3.6106955948523196e-06,0.007799531825801934,3.00131833082728e-21,0.2649743319151485,0.0580984330051823,3.236467380009931e-06,0.0643361519966568,6.688455185943888e-08,0.0003560958657365172,6.617471193038147e-07,1.1015394750485482e-42,2.0148267691652296e-05,0.009806863088625935,0.13200748666721301,1.7945563817696993e-19,5.567017705322446e-27,0.004774471609845619,0.012546743185834302,0.00609033103559362,0.2657837330436789,0.0035107327825192945,1.4205781985952895e-80,0.0001037439929328748,0.005811770475805778,6.945096384281517e-17,0.0029794879269810994,3.0513232169671286e-05,3.6269637919424206e-16,3.486004529367078e-50,0.13758056486413653
sim_strat_0003,13.751547974048295,18.9747765131396,0.08285479694029274,0.4854184017559867,0.16997618154699473,0.00020707954189847706,0.13185724363411766,0.03356143758092005,0.029106881070663823,1.1622292676164788e-25,0.1489706977815302,4.946801082530486e-26,0.0011084389600121635,0.2499461336561703,5.543446080822356e-27,0.06021773246072614,0.06752330035405814,0.02842044963189648,1.982768352969409e-11,0.013471129806743254,0.013280594571567434,1.6509300345343708e-17,5.141241407210949e-103,0.00828022874639902,0.08839767107097549,0.00014168795505030077,0.0018182128164469286,0.014377154009934705,5.760731422796202e-08,6.700788758411674e-31,0.027707694840090415,0.013043971083665323,0.06163419264392561,0.006674109774977428,1.4749364190134353e-25,0.00024543326465667595,8.467116432396936e-06
sim_strat_0004,13.356349812023053,27.14486595195085,0.19755680211185297,0.44097400230328127,0.08598046699880513,2.4026729689053933e-22,1.8759552881664753e-130,1.6980527632073766e-28,0.6518791134682629,0.007549615084657714,0.2906382580189087,1.5245801298068563e-37,2.1806982834056338e-161,0.04889006578354485,1.2789676510004353e-40,2.363117697501715e-82,8.216502786056965e-28,8.070585685373004e-20,0.0008584912387539128,2.080886009858519e-27,1.6713985947032476e-39,1.2055695768432916e-46,5.703382846848575e-186,1.6512129921892205e-135,1.4438630699817591e-08,3.4141583730632314e-34,1.2650726722292038e-32,6.234236303007081e-78,9.613336730721012e-42,1.6722558507280648e-21,1.985022262233145e-44,1.2825881211490684e-31,6.424984447864625e-20,6.320719155525274e-117,1.9171023808085866e-159,0.00018320916066737598,1.2328065738741724e-06
sim_strat_0005,5.211133893360154,90.19809123669582,0.13773403439044904,0.485351952411457,0.27359306505713366,0.002499268785320998,1.9777229677353285e-72,2.8407775352115334e-101,4.303506520394115e-104,2.2800159416807117e-116,6.2535270730100255e-09,1.600631708323778e-10,0.9294700282229459,2.7554369791617625e-07,4.115479880076097e-11,1.0517301454761879e-76,6.241974745699961e-11,4.695113164916983e-40,1.3370287756085136e-12,0.0001001173647625553,0.03348678216737836,4.714114929949791e-14,2.836500639403736e-100,2.935616023419418e-31,0.033611229060126,1.362490828477313e-42,6.310264624590246e-06,3.456287251617035e-51,0.00082598206334141,1.504468579253737e-21,6.836836597161148e-55,7.714074562453683e-19,9.25319940349203e-12,1.3159915850662747e-105,1.3427836483663556e-125,4.1014190992440885e-37,4.33568705587879e-47
sim_strat_0006,19.05869511495965,14.644754817716485,0.08999835421415933,0.5142275979273759,0.21479498140140352,1.6124891730232138e-115,0.007607322539396647,7.50462784524015e-109,1.774716710529141e-05,1.034617260068327e-10,0.12978904804364783,5.22080429663781e-14,4.453954241316231e-08,0.002178578515912286,5.574903772846677e-06,1.8539043741010825e-32,1.2655568483895208e-34,3.196145398764866e-94,1.7987617207763192e-20,0.01743012007022567,0.003558889544360979,7.913566572278666e-08,1.0260744921650156e-06,0.07406601082449438,0.6215291347918384,5.9394446973979527e-36,0.0005933395955888117,3.313059362624106e-36,0.0006420973596835788,0.018658694369218447,0.018002521937217998,4.3650934522006065e-35,0.08270785032749661,0.007761210296221748,2.58247582605913e-17,1.2200388605872292e-52,0.015450709860604464
sim_strat_0007,178.85106979042772,0.45949409440852435,0.1398958878252946,0.5759612017827646,0.026981374951537684,0.12159959519937415,0.00043884435514638574,0.07521862254972397,3.821113596565461e-06,6.161045567399184e-40,1.6478568052027493e-08,0.015440953734510156,0.0035731948059206952,0.055908338124136286,7.96257123377022e-12,0.039935569696476485,3.404982692813824e-07,7.7634945587699e-05,5.61900165299354e-07,0.008949232687768274,0.0029822304153091996,1.5499416880742613e-27,0.001516244094245852,1.3989543731736022e-05,0.042636572609002416,5.4309180685693895e-08,2.668377362248557e-22,5.828823013339542e-07,2.287566401093689e-42,1.255041436803111e-05,0.0066581099422723476,1.7560696225723545e-05,0.030848201805307743,1.7543502683177616e-69,1.6237239825146067e-32,0.5941671771857404,5.10874854329431e-12
sim_strat_0008,17.863726275482783,16.93309576880443,0.19774872424678128,0.44262493245792406,0.1735549776481918,1.9399573165458125e-47,9.914798907656432e-34,1.1363200394241612e-77,3.6387975089742934e-140,0.9468290810530611,6.440232644552492e-05,7.568067760867582e-70,4.11884664318796e-31,0.00950370622818376,1.6256976446676619e-21,3.565860837004324e-07,1.0242754172954656e-122,1.16496493732699e-10,0.028980505569533316,1.9838807848195936e-44,3.4571021559873547e-22,8.637697956988364e-35,7.390763689238399e-145,5.652048464965605e-16,2.0969671818945245e-30,0.0146219481064207,1.1574138251386448e-28,2.731768425352925e-58,4.778521806710542e-171,8.756370657693884e-69,1.794387912195402e-93,5.899315666244978e-24,1.3774930905708648e-11,2.1581431004372344e-107,1.879395198451578e-24,8.631763180401198e-38,5.242233852693449e-56
sim_strat_0009,24.28490615312056,13.89577925508809,0.2656398521929974,0.4225751366192407,0.14889598916441027,5.953572079580719e-101,1.2402957153093834e-62,1.2330092121199821e-74,8.049584169467906e-78,2.7744995180425933e-111,0.8111775116729225,9.550483070383204e-42,5.4267859983724416e-08,1.4226176264956856e-60,3.3645146953789366e-19,3.7541030701545726e-27,5.248536739203254e-57,1.591467129689135e-74,7.779404549944258e-39,2.9005685014131654e-63,3.8422305298837105e-23,2.772646017012163e-25,1.7164592191004913e-33,2.8852458400248003e-130,1.1309802985842272e-17,0.037089655874685254,7.067201745472827e-11,2.260671210888139e-18,3.2045834117756245e-24,0.015400146978211978,0.13343914875935997,0.0028934789775186594,2.4623028051254613e-15,6.779875452134951e-76,9.916748417913474e-15,3.3873077231279505e-09,1.1449620616517765e-11
sim_strat_0010,7.704333170652906,44.32191653423081,0.21555057115458637,0.551703995311767,0.1227706231691795,5.867081487779713e-30,1.669974482733073e-07,1.2993570506812832e-10,3.4717921607348394e-44,6.667411741899392e-54,1.1103778634080986e-31,2.072706969338519e-06,2.73526475005061e-28,2.804404932103252e-22,0.000165138858783906,2.5413449001828594e-49,7.874967293501176e-12,4.1985151147488796e-29,3.965924576541699e-12,1.947940129337371e-52,1.166753579105007e-14,3.103847544563353e-26,1.5891788202767939e-07,2.294802429960906e-10,0.9997600313302233,8.790620017397503e-66,4.449120647959352e-16,1.110558446198821e-17,1.0428720314340711e-61,6.665905460377023e-76,3.227397214787804e-25,2.3854145961623745e-35,3.0310713430580443e-83,2.0812143796032614e-31,5.071151764547961e-176,7.243081742415493e-05,1.6380843641289177e-17
sim_strat_0011,3.926200195959975,56.20652429018855,0.07251887793947635,0.6374723761696275,0.4616855480948836,3.5388164328178804e-39,0.16272447204564316,1.5888159959944433e-36,0.04241848490811538,2.357959692602848e-92,0.1207591197617113,9.503284412910806e-25,2.005371487822031e-18,1.8302809706464336e-11,1.2834117329229266e-49,6.734431026520621e-29,5.622208740089654e-48,3.759810947602888e-15,2.386620608853392e-12,3.875212558071785e-06,3.580017165256156e-32,8.583901056237016e-06,1.5336341671784189e-25,0.04323303891872667,0.5552550205004548,2.0078317881268925e-14,1.3463228011790566e-06,4.429479164248052e-10,1.5821556070836746e-34,2.3565238141605445e-06,0.045203737059865697,5.8123595334944464e-30,0.028863531624786217,7.930895960954284e-83,2.1817973074125556e-08,0.0015264109388329066,4.8690695557477504e-21
sim_strat_0012,27.327954012474482,13.781284459124604,0.14733130586470702,0.4364868320104295,0.043651615023625384,0.13483077328665197,3.3621352509596327e-07,0.000718961734451723,0.021618753653929783,6.938563058529058e-42,0.008262835231690208,0.0009105464710632177,2.0867913406398512e-159,0.0039588729537481755,1.0264165874908867e-06,5.346733620062933e-15,0.030385847056234688,0.14102573660798248,1.3796409924727108e-27,7.008525893032877e-55,0.07300196624884883,1.2668248314993463e-06,6.351134996510901e-39,7.332525482288057e-59,0.013085056484949353,2.2632719576608957e-87,0.39972797708991065,0.0013266237059551106,2.522998919932141e-175,1.0930434535719279e-94,1.0384892098262427e-16,2.129517246299643e-20,2.6157208278142292e-70,3.783836663295036e-88,0.14751314600386034,0.02279881145447316,0.0008314625613006158
sim_strat_0013,6.109556538668432,51.2836258323793,0.07269904638973107,0.4643422994650734,0.09165585782842599,2.1918516498689164e-14,5.686003297841196e-110,0.0017813106024526122,9.913073240914664e-56,4.2475046422300624e-16,0.0575399929408954,0.017505723780441136,2.738478970515893e-15,0.028452112056692618,0.012744881460167362,9.88127224365179e-06,0.03307831996789672,0.001422175437025709,0.004729587946938033,0.05319945405794789,1.1340943292313193e-24,1.3599384437228062e-105,0.000837834885624046,0.004340897958442452,2.210360689151424e-28,0.0020579397455315236,0.007826735549857099,0.1537581667946295,8.338421504029043e-33,0.3692058921883483,3.190089410959206e-06,0.09942588118860836,4.1525749499360776e-76,1.3114503188036672e-05,2.0041421257119437e-17,3.453719444986199e-05,0.15203237037918346
sim_strat_0014,18.431897769907767,6.810610636789395,0.07502353764285107,0.4705074338099533,0.17959226601591366,0.020120568828852013,1.0792396633405e-08,0.025761532032137085,1.4073169650746073e-12,1.988549105695826e-28,0.02893742540999207,0.07750625376113411,1.0617081066729927e-05,0.1545992647189358,0.05732192404437074,0.05065787000977338,0.018051471164724605,0.02112510059757026,0.07217390758187761,0.08252718434939164,0.022323673636948364,3.6594056217215544e-06,1.7252671338063084e-09,0.0031473516268953478,6.3448447557290375e-06,0.15454146924624737,0.00107082390722353,8.379270961452688e-07,0.00271130910496817,0.012812456473230366,0.01554709728979435,0.13501458128268137,0.014899698136726893,0.00021036904021181087,0.0009871604176788268,0.0279141055687468,1.592999227596323e-05
sim_strat_0015,3.4663734857282815,75.55567879648378,0.027794604336635016,0.4576219533805188,0.1950914166880806,0.1539236453566731,0.0006576009375556706,0.012945124996101724,4.1604243145782017e-19,2.936799870726773e-59,0.18211245728388933,0.10857557995818307,4.844308144670329e-20,7.309711068170192e-05,0.005767211853678775,0.005684772935773272,4.202424705977559e-07,0.060089896771733355,0.03146401817746704,0.0081955273928987,0.061138937391071665,0.052867371401392436,3.1933071258677737e-06,0.04212031235703255,0.026976195853868224,3.123683851584628e-05,0.007217873944034936,0.07273433400677148,1.1933740155211887e-81,1.227199314699741e-07,0.008105833597036954,0.006672339127107413,8.654416788645705e-46,0.04971040554611114,0.09423126173244872,1.9772215273964748e-05,0.008681456945170645
sim_strat_0016,5.6380636790891625,46.423525056460704,0.3099598788247642,0.5263156908808398,0.09315164170727193,3.0544177641532296e-48,0.00011001577365172601,0.00019191200218093924,1.7589572130687588e-118,1.2954917699891548e-16,4.013937414324299e-25,0.19455848690906757,0.0053144344433606865,3.324223594334632e-90,1.4755727837337453e-162,1.261179298109394e-50,5.896572575973123e-13,0.7994466326034165,3.576523946866344e-36,1.3330967843461566e-11,3.108019039642782e-67,2.4061488479658474e-18,5.70276273228841e-58,1.0301394061771068e-83,0.0003785123227111678,4.134367785624033e-21,8.085500266117347e-58,2.0245881382735516e-40,1.8313246886287708e-65,2.643393407456212e-152,5.564266433589594e-45,4.017324210272509e-34,8.687980233387565e-75,1.3125525447260258e-12,5.930378049098507e-09,5.90567806051472e-22,2.0982609784108379e-150
sim_strat_0017,26.020866885859558,12.21819308825501,0.06331314670157448,0.4968512104248993,0.10723020309799104,0.0885238096263028,1.629583057056645e-71,5.686319395842178e-121,9.3206529669337e-59,1.5210084476706526e-52,3.2954432820459625e-195,0.00039556594389231507,6.4847841618836144e-24,1.558230595454155e-17,1.571975996327997e-12,1.4630201453700163e-33,2.4260380475912103e-63,7.040848084335867e-05,1.2737184018377567e-22,6.121133296862446e-27,2.390313457317835e-50,2.3856982404338434e-107,1.2976513706382966e-149,7.344122739959316e-42,2.4831084413129872e-26,2.168304341841511e-11,0.9108723702723635,0.0001357422231350379,2.181684133623365e-28,9.89826609072033e-08,2.5003040878397883e-11,1.2639322170398828e-10,1.4746506049200652e-06,1.7112544203411014e-10,7.167729418606578e-21,2.6425964897243075e-15,5.294744177261026e-07
sim_strat_0018,16.142608155431805,18.36428157401397,0.15347018639325605,0.5457388343394428,0.13094423204969632,1.2794570929155715e-31,1.1274624091887044e-15,0.23363069634345301,4.787597292836838e-20,4.29035039630271e-18,1.0318582760745394e-152,7.75791135173665e-35,3.3928651548542413e-15,1.8042757869279012e-38,2.0368317462930594e-44,4.91380027686713e-141,4.078772768730907e-25,2.607709940600326e-15,3.0867472025562564e-07,0.3580564698969402,2.419968566068897e-05,6.5088153860437e-22,7.658085637404296e-15,7.042240740060314e-16,0.28012978899535984,8.735945611336536e-64,1.346957661515216e-75,3.87308387380097e-32,2.2718005749449434e-07,3.406784191354708e-30,0.1068690642936316,0.010420304167929419,1.2768888898600698e-19,1.6276075298342777e-12,0.010868940760604488,4.6506380575084086e-64,2.238863057509144e-78
sim_strat_0019,15.85386778066614,20.731256051424225,0.09118466805739271,0.4142234843204856,0.0816559058805731,0.05826116839587402,1.4180113693867176e-79,1.0494785468308467e-19,0.0003241553733536717,3.251996409231989e-09,0.00026251986681952654,3.9088121860225785e-11,9.230353426926509e-59,0.013635344592908983,1.6579989287910498e-27,3.573933943348275e-06,2.5711520940332167e-05,5.625029771212257e-140,0.3826942385066142,2.9993369796627086e-06,0.0069709690499786805,6.123163511239501e-08,1.7637406129450525e-19,2.3638491372797734e-87,7.749282884515455e-15,1.0803860830136154e-08,6.680078712430929e-06,0.14969947053409927,1.3935376584449073e-05,0.019109506113050408,6.9617893399860634e-12,0.03708096677923856,1.37405287394146e-153,0.04184694192209698,0.2900145181775071,1.7489361642778574e-20,4.7225107748215124e-05
sim_strat_0020,5.545891132901243,72.45749594025042,0.2212918006787076,0.549319145889571,0.10443065359425957,0.20919140289976437,0.005433110272246081,4.46456074915242e-19,2.5722981240121457e-13,1.2755567526911368e-37,0.018541494213970663,1.701076217218069e-225,3.994071661358337e-45,0.18367380286506427,2.4749470592022153e-36,0.01793210708126047,0.001142600204051321,4.898410620607543e-19,0.14685904017408782,1.772616229926073e-33,3.2030650810588914e-48,1.8904794806257788e-41,8.324642559497649e-29,0.08027228855574998,0.025687429322171294,2.0645743531084944e-07,1.1675307865221006e-213,3.3704453552069e-06,8.094089775731423e-05,0.00017928074234149007,6.475772764689749e-101,1.425985703196059e-60,0.3099442085634123,0.0010587173050742465,5.000538099985566e-16,7.100425735313638e-40,1.005203796111975e-75
sim_strat_0021,13.654209689336776,22.478249144528505,0.1366183643514665,0.4649745475675771,0.12718181061683376,3.0348725112243065e-26,0.9999942801029288,1.4258711036521322e-27,1.7810746108463757e-21,1.0753817985198793e-23,5.692396642367436e-07,5.529647881425337e-69,3.0698493281108993e-40,3.3519179878482948e-06,3.556600846359459e-64,1.0058965620120098e-57,6.451992832544477e-39,1.3071339567156017e-103,3.9033930973179906e-36,4.310498299278214e-79,4.9067414661591936e-08,1.5766138109250036e-103,7.103976032613936e-21,7.492530039723576e-28,2.02842907277164e-42,5.190248024751028e-32,3.926620661391172e-88,5.919932724848631e-41,4.875671266195257e-16,7.063582541581295e-100,2.0978416851245203e-25,1.2375702199926108e-111,1.7496451952612678e-06,1.175192730711067e-50,1.325287213672131e-46,4.184710144345432e-30,2.6808634696694905e-11
sim_strat_0022,4.833108538546009,77.63927666753109,0.19770091452730407,0.5786327480959482,0.11787481639990653,1.7747955917720817e-50,5.298409322841964e-19,1.6795059491742917e-19,3.318201590923512e-15,1.169412154269868e-123,0.0018599189253900809,1.0843025597450044e-17,1.1283619159874805e-28,3.2134328032515126e-36,1.7961906094513253e-47,1.6263726141424814e-11,1.5506861274584175e-64,2.8378756239959954e-83,7.210283438090346e-05,4.817924388861943e-09,4.360612388265394e-22,0.9319725771469429,2.9659835745442593e-12,9.402271286302587e-146,1.4591274505676178e-59,2.639560283855748e-107,3.0577673229015004e-27,1.0640506045150473e-41,1.018724158188815e-23,3.162309384060041e-05,0.0660636720561098,1.1553924810500433e-69,5.4037179545452464e-95,1.5829596999947006e-43,1.0109796873724412e-07,8.209484326183399e-12,9.018539270175463e-111
sim_strat_0023,15.1126865680082,23.268243180154045,0.16892751083488183,0.49933845221201023,0.11518938034906927,0.00016837645394946672,2.039484033531546e-89,3.877841674799342e-05,0.06056229416881185,2.205896152657209e-77,0.00013899274706908343,0.002803276772247929,0.0037116147153354873,0.004165286233772031,0.008874025676826795,5.673877857263546e-21,0.0773166365672109,8.184883021795633e-05,0.08250106503162868,0.10269428827219562,2.1600428392811187e-15,3.1356447727838268e-93,3.4015562847290446e-101,3.333749897996954e-122,0.039323154235380416,0.00019535630991243484,0.1914079795518776,0.37377743292205695,4.327316723075586e-45,0.0109973195326457,4.384405727655551e-05,0.04118348709000816,2.314465726759143e-68,2.078926140836497e-63,2.9662640118625464e-11,8.106571080126865e-33,1.4942385163618637e-05
sim_strat_0024,6.7564870485177995,15.916736899063123,0.02966230941014627,0.5804034064351585,0.24486398314633492,6.109578010137444e-34,4.2242647366334696e-42,1.3758321497367925e-07,0.0010945019249478192,8.142922269418007e-52,0.0260278171680614,3.1378290807721166e-09,0.022001410408290116,2.8270874822394278e-21,1.6280897717884602e-06,6.851742888731552e-23,3.096229951825965e-30,6.2512084854017396e-15,1.945800238957603e-18,7.230328238050661e-109,6.423209885181879e-116,2.150837830497178e-193,6.314756511399009e-15,0.00031005275807121084,0.9151450453910507,1.2760498468906405e-77,9.953377789068087e-20,2.2691201910883293e-59,3.1323615404648413e-110,1.1784024167384212e-54,0.021106420134195863,2.2100476302829777e-70,0.00035076094684073427,8.049914719009748e-21,1.9866664460713143e-139,1.8314791987952747e-11,0.013962222439398925
sim_strat_0025,58.67686556421333,8.130775727653527,0.5678635078396423,0.5304409359674681,0.14645238481329478,8.786823351409497e-91,8.893501274600655e-05,1.837172741002881e-44,2.998192214564763e-37,0.0004415936825910551,4.451237692194491e-93,9.528967004994486e-07,6.498421589255928e-56,5.120767514950581e-08,3.299439911417581e-05,9.715563278949963e-14,5.2661782397619115e-09,1.5906244275062592e-12,0.16401912139727734,0.00024115878331969746,4.42525407183797e-05,1.917879468075006e-15,1.3566287475663876e-68,0.26710215040223323,0.20539813855350383,2.0005430392911242e-24,3.5166606639489256e-54,1.011702739077629e-17,3.597188916006896e-21,4.185999043162378e-81,0.23728282671479134,1.4486496351508505e-70,5.069702970351618e-15,4.091282628524399e-74,0.1253478191414562,1.0897345189592003e-229,9.589573108209772e-147
sim_strat_0026,36.34824770443482,7.32924650246529,0.4848409613785544,0.4702144560295901,0.11195093650576088,2.1343320680597388e-07,4.654748599716476e-45,8.027625934039178e-16,2.266296067636868e-24,3.9978064196232165e-40,6.4381621795834995e-251,1.3480535894170275e-46,7.77184486976849e-105,1.8140962803213434e-33,1.737823643977814e-120,9.558385168615472e-27,1.2984954266087991e-23,4.222747406810935e-11,0.10927771616082702,6.30927905140111e-125,0.03205923556382687,5.4088125213859874e-12,2.579321603933533e-37,0.2691556926725965,0.14265354923494036,5.4085110260254536e-24,0.2470496029875434,6.891609153217542e-21,2.537592091906238e-21,2.2822284640887148e-94,0.10435438307004745,2.8895228831099158e-43,9.274593509835037e-25,8.824590096933108e-46,0.09544960682937458,3.748356629111316e-54,2.6687590130618826e-60
sim_strat_0027,52.35010261756683,8.127347358427224,0.5076865958338738,0.43343144613402335,0.07882175603080063,4.161638936040573e-89,1.9371830564629495e-15,1.2910927127876396e-37,2.971015216116677e-13,4.233151572645878e-23,4.6060923890828396e-14,0.0014169516048841127,5.091107753591335e-126,7.227182999283125e-60,6.3485572514879474e-06,3.361368713394975e-58,2.3647754957507937e-36,4.101561443444643e-120,0.23758069557324957,9.330146168067737e-168,0.002871222639432041,0.00017513909211253295,1.8950822312713066e-39,0.12482368011660726,0.4044417059976542,2.0317785950897348e-26,0.006990660275121178,2.649496692267152e-47,1.1124520752066726e-83,1.0946036577049483e-61,0.07177625461252155,9.125806669671479e-30,3.4241481811684475e-08,1.3068324373968717e-118,0.07707393349125183,4.213304721326956e-33,0.07284337379808732
sim_strat_0028,43.94136554075394,8.023285300823218,0.6498591257181956,0.6182566721268088,0.0841970406723584,7.746137330715957e-28,1.5298386157794684e-30,2.624178910038536e-35,5.9245808812955184e-12,3.0295988472474495e-60,0.05190468731501263,5.808264023799924e-30,3.598155607106226e-07,1.5697272660301075e-07,4.526162323589776e-36,9.494368445775696e-13,4.393917253899407e-120,1.2076526818911748e-05,0.10921241622286484,5.101125116431537e-10,1.5117424664031783e-12,0.00636621146561853,1.057048602285075e-55,0.11168779045035376,0.12570628918571256,9.578872402867637e-42,7.764386828213525e-29,2.9489187412922585e-17,1.942216111671176e-51,8.60439589814111e-06,5.669433516052947e-71,2.229904121804435e-06,2.6864488438732437e-83,1.32918766400479e-22,0.35546307755063833,0.15974441010809762,0.07989168956807725
sim_strat_0029,8.233416677703254,38.48882461446805,0.22752732043507362,0.5259293410146327,0.09000326195240509,1.917116428783597e-74,2.1611252139053926e-10,1.3918928569964708e-16,2.091661019895744e-34,1.6191068852037117e-35,2.4790760238686206e-32,3.422673973754444e-49,1.7855682481911877e-16,1.9006257388388702e-101,1.671817311188989e-86,2.280515444575308e-36,2.3489042755726015e-20,5.051544894345543e-47,2.145276957275179e-34,1.6656478169302954e-21,1.020933456196644e-18,4.529422006331786e-18,1.8936219304754667e-77,4.363618228511447e-66,4.039217326196673e-57,1.4069886383233373e-17,2.999998869209532e-53,1.2670757534443259e-149,3.199377537848068e-20,1.03498016068503e-07,0.9999939190417796,5.929091787463822e-06,7.17601346605949e-27,1.0941336886968749e-36,4.815230399159554e-08,1.0642297875561934e-43,2.6653997317009444e-97
sim_strat_0030,21.583071130194934,20.053658296623404,0.2168292124982212,0.47164450154764115,0.24559375022801092,5.269655312158261e-06,2.2670505495617412e-11,0.0013645144896194676,1.4977190140886686e-53,5.395268615461584e-57,8.456250747285004e-97,1.1923874959637717e-28,1.391174450485441e-63,7.528272756607815e-35,2.998993823900157e-24,3.029122920200675e-54,1.0816077890500958e-133,6.891453282617865e-09,1.2664738113584183e-24,3.7628547707202734e-75,5.1677167007742465e-64,5.978897287439922e-148,0.04867502801209822,3.175491457109117e-30,0.11966447406185592,1.0658631747651883e-104,2.170266695645193e-19,1.509203547041142e-07,1.4704008452047635e-30,7.577236976189515e-52,0.16182746145422333,5.43285047186046e-24,0.6684630944924125,9.7915503096458e-25,2.163199012624565e-64,3.7845219190487314e-100,3.9196361071555666e-33
sim_strat_0031,19.539384775806333,14.40982774135274,0.15532102598554495,0.5026443572328951,0.10108822315849886,2.2898291238832235e-21,4.943392114452757e-61,3.831088279451848e-34,8.727273986875856e-05,0.007753423656502966,2.8324011166443423e-33,5.39805699883271e-23,5.485662595738927e-70,1.6818535304064704e-227,1.5914990486301136e-67,3.1367675022443436e-98,3.916447324273168e-11,1.3407551021058958e-30,0.00011854006354202678,1.3866294140023107e-107,5.924169422702025e-96,4.784315212771144e-31,2.996169385403584e-32,1.0829325752257916e-57,4.542661912371253e-39,8.584734106232864e-06,3.3677394868359966e-23,5.314023597838838e-10,3.877527532423073e-10,3.2874734212493767e-21,1.736020282094779e-60,1.708974020489536e-23,1.0461915901562474e-95,1.1554607370097476e-35,2.699360905611269e-93,5.224448159358375e-14,0.9920321778476081
sim_strat_0032,31.57651538800396,10.706897825234662,0.21078263315228818,0.5754884059569789,0.0744522304992924,0.0012425974260241734,0.07411846691064487,0.44589004844992625,0.008373919219644345,3.89443380106825e-119,0.03434586494570448,0.06063922684591526,1.3388856348266846e-07,0.11642385374226169,0.018759350930598863,1.152631841026696e-08,0.024141734791322884,0.004569823314601075,1.1268148557490596e-11,0.08273335154585666,0.03224306952511341,6.183108219134038e-38,7.113702764767791e-25,0.07012984669448262,1.3470132622386054e-17,3.8040439410311145e-79,0.00037899601956730675,2.482363966097525e-08,3.1419608152051187e-09,5.652648959772228e-21,8.018354881085828e-116,4.480942653875395e-52,0.016751460259731173,5.9267474335570944e-05,5.2300152020256326e-14,0.008023850663990112,0.0011750978484762566
sim_strat_0033,2.806983211063247,61.955564728888945,0.3572428232736402,0.4784942616785365,0.043410436508657765,3.695880216901507e-06,0.0015189894106346557,1.0011234755625264e-06,7.492616964583035e-10,1.3797411021634642e-55,1.5423415681794152e-42,2.1715156418808183e-48,8.558733644965376e-83,3.278857308850998e-28,1.729125856520025e-09,1.541857747916423e-53,1.1456609528704767e-72,3.9711278306310924e-48,0.00452821009441376,1.610868657961568e-47,3.179417020944968e-87,6.503388915572302e-22,3.452668952478409e-41,4.010990236262067e-07,4.780492809201371e-26,3.3608006185179415e-71,5.6839091571077714e-142,4.182175855998306e-28,0.0035355428911090017,1.0041252315490241e-15,1.2298123645858437e-07,8.514882325809209e-12,1.3583899790721815e-11,2.7790595716468764e-07,2.503628313987677e-84,0.02022064922764036,0.9701911068858051
sim_strat_0034,17.311168136146904,18.753916871787148,0.4796834451225856,0.4621423179868053,0.10746894598641975,5.31523219727497e-31,9.967938784675054e-26,0.010360650724327502,4.343307307118021e-10,5.194716099656219e-26,0.27753995177422036,5.1029389347133086e-98,1.3222020207119963e-37,8.903481820870146e-07,3.012662459825625e-07,4.506695166006669e-31,3.459923362617856e-05,4.9843789938605e-34,0.18002168623899276,3.051876177193015e-54,2.5659147618106593e-11,1.6885111850957214e-69,4.163889824401179e-207,0.19072571518304254,0.06393158923870679,4.54971549306316e-15,6.473418313651583e-15,3.666049850107615e-14,5.227297071892486e-20,3.917693540926317e-09,4.0337598222959865e-107,7.478269808404289e-113,6.773758894641358e-41,1.318959615029535e-47,0.196722861362032,0.07992790711943643,0.0007338431334565363
sim_strat_0035,16.402673135600487,13.248332850591048,0.08410324661259773,0.4996400060127516,0.09129269987758232,7.366934799027134e-11,0.007729491398479411,9.136489603946829e-07,0.04343952138850246,6.2387023311589705e-06,0.04412727356300679,0.001520472278824146,0.01926405559002669,0.1091232757417386,2.164729148442399e-36,0.008778952481653269,0.015417599702887133,0.03262301481464161,0.08961456390860048,0.004106980224799807,0.037247512313571506,4.852546228151886e-32,1.753469525077212e-26,0.09861786768909961,0.04888537320821893,0.0023223956453486054,2.6964703907380636e-07,7.715103678948498e-12,1.9160678528092327e-243,1.1301891450596043e-14,0.3304925488471588,8.08171520958956e-20,0.10668167911767555,6.038611021621057e-12,6.421737813012147e-38,1.5941052741779393e-15,7.915452468010817e-68
sim_strat_0036,15.265669532006848,12.440458873406765,0.08300713599578625,0.5609210320064882,0.11711477677120607,0.0037709724690720295,0.1635398271730465,1.2057195391330462e-05,0.057471510039374764,2.337242824202907e-133,0.3347478652254339,0.0010298758247964535,0.0007030696621503006,0.013618891431894644,2.61204114448491e-06,0.0028525910226856557,0.005758706484270956,3.408841722190963e-07,0.019645711725296673,0.08820432064373386,0.0007001375364862666,5.6325523970569523e-42,1.0206304924614412e-71,0.004488383436273315,0.10049472837798519,3.0568359428019147e-06,8.95703804486867e-06,3.8016188127639474e-05,5.570290144937959e-41,4.660793152343915e-05,0.03771556281188794,0.0014413635829968099,3.3921121463836096e-05,0.0006008426401256366,0.010524510318244732,9.718334343395967e-179,0.15254556035843364
sim_strat_0037,13.409541970176448,15.727264264853117,0.05091141915963904,0.5154944903557835,0.20950486451464093,0.2438268605095957,7.99924157673702e-17,0.010623393851875954,0.0018923545363310774,1.1983751530783697e-53,0.011955986301003049,6.426099160371185e-11,0.047168853639341805,0.00018054607289781416,0.0028195471046470345,0.1143755983472977,3.385483114571054e-08,6.384084091818447e-07,1.405140144569138e-06,0.03935848051165685,0.050271828813051665,7.048986613483201e-43,2.678368422146095e-60,0.10786504710396402,0.32510137280307144,2.3643216873061519e-23,8.172812422537379e-10,8.259454112725656e-05,0.0012021941894316999,2.0360724115961145e-63,0.00010183241153747967,0.0012659243477948505,0.0015599919376733874,0.0007438672718908566,9.989894586208676e-70,0.023764262476189273,0.015837384944693653
sim_strat_0038,14.006333415945665,23.95720781056961,0.2040028184988908,0.4769740686501114,0.07715937080873915,2.6974596669060406e-24,3.0720145982490847e-22,9.646798191171126e-74,0.7012938675063687,1.0275546740754223e-13,0.2977457303699051,5.210692137106319e-16,5.5481308226108554e-21,0.00011590236239751441,6.68590894391981e-13,2.366716624257725e-193,2.2636803221789462e-46,1.0153847983778053e-65,5.4270179343490936e-67,8.436545483715539e-09,1.0937860522426638e-103,3.781942493642252e-155,1.5801057757253396e-19,1.4352050120745333e-55,2.7609756786734157e-05,2.0892266837042105e-136,1.2778852070134182e-44,6.867804762652277e-14,0.0007928930133109856,2.322641487007514e-46,1.1272893181209325e-61,3.490148130417166e-46,1.505476032609321e-63,2.3988409154861418e-05,3.132295331874779e-31,1.2966517876632881e-142,1.4469048285315982e-10
sim_strat_0039,4.6711071647125975,88.59280163115716,0.18595092039451827,0.6780324576807939,0.23146546076810615,6.308373400033683e-47,0.00042297437714329886,1.923356573916439e-39,6.420426218654098e-34,1.3298774046355669e-70,9.983009039053043e-75,1.6382989933001215e-08,0.9208522763314502,8.05258526058471e-118,3.23763419615493e-31,8.16263777824271e-11,1.4290195380221623e-49,5.353070361542223e-13,1.2155051477736796e-83,1.5231476008382515e-28,0.035894451465835205,2.590713434324822e-13,9.65187662441747e-40,5.79270395570854e-128,0.016687740687992645,1.9742062415312216e-53,7.25694251761015e-285,0.003564147353542936,1.4814658356891427e-19,7.544192359960402e-09,1.4145097945993778e-53,2.0050701247884798e-16,8.534386390389999e-76,3.419966816281657e-06,0.02257496580761589,2.999635586564527e-42,1.08975812918427e-19
sim_strat_0040,17.960752104374713,19.452759989708763,0.10400405165154786,0.5290378915626353,0.19479777433494805,9.198214029676264e-25,1.058976333640508e-11,1.848300403857648e-23,0.01122672114476449,2.621014328076626e-100,0.45459445528205356,4.7385080999121724e-17,0.002277039756013879,0.019483656039568753,7.489800022703114e-08,1.0727250893837401e-10,1.4596655380766048e-47,0.024919122366689226,8.349172413410209e-17,0.03241156194709832,0.01963705259108866,3.693974642375293e-80,8.613587777231278e-15,0.003762755861004524,0.2669735111013852,1.4134625380535928e-16,0.0006551644444081591,1.8840128954252317e-34,9.532633557412459e-16,0.005115246231051725,0.11574855040920583,2.008410211581574e-89,0.030078279699109936,3.854227525520063e-55,1.3232912793016782e-18,1.638802509698294e-61,0.013116808110685618
sim_strat_0041,179.89649636954138,0.5150380686466023,0.1142432619589691,0.40397753015123555,0.029978672944209098,1.2802713215112275e-13,0.0017653964960170757,0.0015722425796266554,1.3559141535977726e-68,1.0125369766225687e-55,0.032670904255915796,1.2734248235673882e-12,0.1302102338386167,0.04691766154676742,8.873709680871839e-22,0.0008774800631398203,4.5364549315334704e-06,9.401606235667133e-07,7.856026273830573e-08,0.0004352972585224433,2.0445152507201687e-06,1.6009917694078783e-14,3.0355362725452824e-13,0.004316730274773181,0.0016150617529352236,8.21165632066752e-25,1.1564700920838499e-05,0.0007635692868942861,1.7712794486092317e-113,2.4433136229482386e-48,0.03138509947842129,0.004419857250918833,6.90075458472531e-16,3.3582888323452807e-50,2.1121314762548256e-16,0.7311444781314957,0.01188682339224429
sim_strat_0042,16.064232599916906,16.747184432920175,0.20628295778557804,0.6168285066537204,0.17856282377186075,2.3020878832239133e-18,6.946231124978256e-183,2.713713965831489e-61,0.0016658587208383039,0.5596014699606122,8.370742866260531e-10,5.9859630964078986e-105,1.677905139503221e-05,0.035793469623446234,1.108680853732629e-15,1.4095373429774017e-24,3.672203273369761e-21,2.999945982617302e-16,0.015413558548952972,8.958935268811409e-15,4.1218657166405065e-62,2.344046877783806e-58,5.13281358843311e-122,3.969069574937679e-15,7.894228800652925e-19,0.3873869661918489,4.8814164367097855e-11,0.0001198870881339737,1.8547324869949676e-71,1.5705052772302798e-14,6.687616380899878e-30,1.134214059146323e-44,6.008149485712449e-25,1.1367297597737877e-58,2.0099235706894977e-06,5.2833689576797505e-12,1.1354794497802929e-21
sim_strat_0043,27.31380816338537,11.562192861054623,0.25965058002032465,0.634791894750245,0.1269372543269093,0.0002011716144706685,6.235044286934447e-10,7.823138916629727e-37,1.0623327431200657e-53,1.3125148845913924e-126,0.8697150907916817,5.009570764580124e-60,5.015908170593485e-81,1.0756915298970455e-74,4.949768383064867e-07,5.502181047318549e-18,1.9094436546275484e-55,8.901932041088347e-62,1.1047778348085946e-28,1.0899718572944436e-46,7.70513055653015e-12,1.7681918226451362e-05,3.832936091108374e-50,3.520491725575854e-31,0.01298325179104054,3.736398418684393e-42,2.143867895290872e-31,3.572851064969004e-08,3.0381999168055622e-09,0.09627496704933954,0.020807302460478398,1.014143026762391e-18,1.9758574600439142e-17,1.5335817041938386e-94,1.244069302022277e-271,4.343691745628626e-15,8.776182297883937e-81
sim_strat_0044,9.216979064065661,44.52159481523639,0.23568079535240505,0.47070658121032716,0.10475036990041255,3.334742402137926e-67,1.548208356033087e-23,9.097477644846585e-126,5.976612360749693e-65,0.0010915838830268818,2.47275783286434e-27,1.140865425511439e-38,1.2731394581191031e-17,1.9616857611792463e-78,2.006527175882754e-40,7.06155122315356e-22,1.0856889186027448e-95,5.1445731933519414e-95,2.007809287774547e-86,1.8070981766484774e-70,1.0769000082910067e-06,2.4369334476854213e-31,4.3918209858745815e-176,5.381884690913379e-118,0.9989052023894762,1.4994247413449793e-61,5.722852654535418e-16,1.1063252202610984e-09,2.610348910603769e-09,1.3913668506844225e-49,1.832769114758703e-36,1.0290410704632147e-08,4.837167320651483e-35,4.795601539769899e-43,2.122820403199989e-06,2.5557191094611e-119,7.199237128471951e-43
sim_strat_0045,4.6461818612704375,57.45980960458657,0.07028966347813351,0.5873832364451883,0.37033401004650324,8.211679013488241e-38,0.08014967076916078,3.0376845779186865e-67,6.470459330565226e-17,9.73796404471982e-45,0.18396581848453641,1.8559666039090396e-16,3.6204140353998437e-10,5.0336827914163504e-33,5.896839539667737e-11,1.3476150316322422e-27,4.681362745185419e-13,3.441566863404626e-12,0.004867813298109044,9.990159756344891e-06,3.094905687100136e-22,1.7091733474934286e-78,1.5041218517834124e-06,0.18588362196231517,0.4633594776265097,1.3023528860922933e-06,2.0744072177026548e-21,3.505000071087728e-05,3.206629980606988e-58,0.0021577330352839296,0.06763665037086383,5.299179593713159e-31,0.01071862413933067,3.2760944888575734e-43,1.3819515139755602e-19,0.0012127432537654948,2.4484542774110142e-59
sim_strat_0046,20.634422684569092,9.975021106276536,0.15426786462223446,0.4531196925405088,0.043208384993618884,0.032548059241998446,1.127874313967446e-06,0.06564020568524925,0.010119047188945688,5.106267502220747e-107,0.026698063890162715,0.00018757946167837216,6.351026361947772e-149,3.5361511953362755e-05,1.4246217646527402e-142,1.4462310920338509e-15,0.2445752940355791,0.1802172836495067,0.11255897505169953,5.614759953496162e-09,4.5445020013966046e-05,2.9999214493464263e-50,5.490314684934189e-11,0.18218014845819516,1.8474737744431454e-07,3.1013404609269224e-90,0.03354419500597176,0.03040484798057708,4.474588066103786e-20,7.0880813844205445e-186,4.241793346447406e-07,1.281314313279527e-142,1.8890382306320415e-22,4.280039265729545e-22,0.05815459121884863,0.01366734782639187,0.009421812302537842
sim_strat_0047,7.876267359396547,65.19452531671776,0.08269009174016842,0.5353164095485587,0.07658592794811045,0.3721697344451042,1.4036200222237495e-20,0.03143520106083432,3.986104894959391e-129,6.387967947866573e-19,0.024912626185707953,6.25088012215602e-05,6.7491481156553066e-18,0.06346811737380893,0.0005907670931705382,0.01572691326920317,0.005745652459556605,0.0015417818530975517,0.005653166912432292,4.1869433241141545e-05,2.5128873353641064e-23,1.6640625303634436e-09,0.2303680815367398,0.005272736390882125,3.577607299540105e-83,1.3736678692477855e-08,0.003316050141176884,0.0010706272429752085,4.0550519372401625e-109,0.037950847385801366,0.06530864841459108,0.1353622567205594,2.1919656748180766e-11,4.350034076119319e-154,2.0501157267271658e-22,4.314406975202949e-35,2.397857235038818e-06
sim_strat_0048,16.67927018148547,7.071545729122468,0.06956223752624385,0.4621007874920407,0.17378715827963026,0.03420570050626736,0.001964624343338235,0.008200157229214536,4.887963316158409e-09,2.630230747440853e-13,0.09034752120830299,0.07542901633304404,0.00010150976503834677,0.002249792313324316,0.0004144140702031468,6.46905634414174e-19,9.32936737577825e-05,0.002570228181545619,0.006729055100974,0.06263927416220819,0.004487690298482173,0.0016526973164107664,6.33883997474065e-05,0.022650109384480158,0.15407634079299545,1.42504917963015e-10,0.04817811498869765,0.010065034694408793,0.14101878409854476,3.620053880340069e-12,0.0034538222711398654,0.003315580072899211,0.011510940423390311,0.11829897525441509,0.19457791483559989,0.0002830106728209977,0.0014230045743975181
sim_strat_0049,3.7811039567538516,54.80582107412339,0.028536612852154666,0.6979077922901472,0.1590003059315739,0.05249279782776447,0.014722007882616827,0.0005261012207083219,4.1804007723525533e-14,3.9279326647735775e-56,0.3685814272579933,0.0005005844535643132,1.540654794693018e-11,6.626521227444093e-05,0.07890324246269463,1.1436424211846123e-08,5.495386350167178e-05,0.14406191831840187,2.939233681750665e-06,0.07978276162986198,0.018443542317871577,0.0017932548511504231,2.5330422001529976e-05,0.004439972251962291,6.21753161375507e-14,6.467024848313146e-18,0.0517411309412192,0.037926832874822264,7.809919148036636e-83,2.2250604969328084e-38,3.3891123470351723e-07,0.0010666108500707995,4.958647167397767e-40,0.004635248560406769,0.13888867841352937,0.001343620654844274,4.2813588843007667e-07
sim_strat_0050,4.366120025634041,55.300407015865936,0.31422671086497944,0.5107182107541791,0.09211269432709637,5.0032113292231925e-64,1.401325577805963e-15,3.547991586339121e-23,1.1635043441174685e-77,3.343668402435226e-11,4.8694453920461236e-14,0.1273937667646735,1.6629819319358626e-18,8.813429964393942e-05,1.5840335982885666e-119,7.584579118941094e-10,1.204073594366678e-12,0.8670912030072803,9.978032984196094e-154,4.035210769591427e-19,3.488780430048425e-59,1.9579064111157898e-18,9.593740847387998e-09,6.668458650231324e-07,2.868001938707636e-57,4.277027504592696e-16,3.664087791432347e-22,3.43149004279652e-52,7.348394942353098e-112,6.440703848642634e-60,1.919459009446644e-09,1.0610429304025526e-74,8.338847266674802e-05,4.846737627748834e-105,4.0182546767618784e-24,0.005342828303521359,1.4637193575108835e-31
sim_strat_0051,28.733712403933513,11.015295770832859,0.07910285577871864,0.5512472339017008,0.11372740885456338,0.19557158404316216,8.272713588477702e-14,5.639990294420132e-218,1.5521611093512696e-19,2.963278735523793e-41,1.6402371643055073e-06,0.00010817146725028435,2.5326883945002215e-58,4.3261817038790263e-75,2.227741332479366e-38,7.655823022482785e-94,3.56403928191601e-29,0.007280680487297654,3.43476681065675e-24,3.9531352450042426e-80,6.023711148654229e-28,4.52690820197931e-48,7.439060392000675e-20,2.7454359263419573e-10,5.80567455325521e-20,1.4421822419446318e-41,0.5076439539924545,4.522564517973587e-35,0.014225955673826157,5.811805520259797e-119,7.276253087582003e-15,7.50289812601678e-20,2.515465895078934e-100,2.742635261078326e-26,0.00017385988757824653,0.019306510991231065,0.2556876429454019
sim_strat_0052,14.610068122780492,19.73731378134793,0.16069287347754999,0.5146248580738262,0.11028374278279189,1.0848948777122488e-35,5.892643821156797e-23,1.320320614895812e-25,3.3472487834539055e-10,6.907204784889137e-34,7.82596443339192e-46,3.687364284857394e-50,5.469358671639929e-109,1.8714493116826868e-33,2.7649196302496127e-67,5.230126738752375e-11,2.8691424069000736e-43,1.3829106437447046e-53,2.3991957926933194e-94,0.4245273064195349,4.7798059993410895e-34,4.979033761465432e-81,0.004833318872594221,2.350655066603412e-16,0.5463325703785726,3.4306727054580344e-95,0.00015782488195962795,3.114721163464142e-113,1.1071156571476933e-27,1.1314538456219301e-09,0.02414897792885833,2.7204208069787908e-99,3.704384228055232e-40,6.147665890090717e-20,4.403366500108019e-42,3.1167225946064924e-82,1.5586371241704753e-139
sim_strat_0053,18.00568132885285,15.338316745759851,0.10055740363464798,0.6163330246080306,0.0861505341750059,0.23796043594133132,4.1618417976248564e-07,0.02487540035024536,0.00016075328657341726,3.2490825123258783e-14,0.0012173377530888898,0.0010763051727341356,2.7031249627930754e-85,0.014200804264341968,1.5856357500890304e-08,0.008831341114588234,0.000738573843377128,4.8491417974314506e-26,0.00034280062766523027,4.856708564032633e-06,0.14340926548083385,0.0002634902271385131,1.1124130426199394e-11,0.0003096150939856429,0.0001498092637842361,0.0005128422505579902,1.1327798510445798e-05,0.20536701339212057,1.1572591709717067e-06,4.898712578213548e-14,2.109168730533461e-14,5.635207254076466e-06,6.206171933536424e-14,0.0006021989808844524,0.3568625197343074,5.6733387212517105e-65,0.0030960841971158326
sim_strat_0054,7.75910319807289,61.40821179888418,0.21462562507287147,0.49104668850365746,0.08679550928595113,0.006281330335997057,0.07125827124838001,5.1312753623885744e-141,1.509592117982125e-41,6.3204722441282175e-28,0.20270224432107217,7.137268960822568e-06,1.7819339486582633e-27,0.08935074214920674,6.911610678521335e-11,0.006299736713092545,0.03726847132042441,1.6266013806511042e-07,0.45331751688852767,2.9426988674790316e-32,4.4852072658880104e-49,4.443454755362634e-29,9.210696165964603e-26,0.08317630377074632,4.935176261931983e-06,0.005349384842794521,2.8612228416949417e-18,1.6740715277380083e-147,3.6180839994682855e-17,8.8099201564201e-21,9.38848115640521e-07,3.48838338750894e-54,0.04461065159347373,0.0003721712637761198,8.44127612284147e-10,6.857886798796359e-10,4.2229461321624443e-82
sim_strat_0055,17.397263956917158,19.354064664868936,0.15324997087781106,0.48754812743820564,0.1316136391410811,1.3008856350550662e-25,0.9999012974541833,8.529976672836028e-35,2.1890724345321278e-40,6.6803125203141365e-50,8.075933487400368e-09,9.789803806535095e-05,3.092814865269523e-10,1.3137051519804755e-12,1.7040358326971153e-10,7.425555062228109e-07,6.034660004646785e-55,2.1024342475594257e-13,4.6322591558131796e-08,9.069104061405531e-92,6.1881838810901e-19,1.0828898424664514e-50,2.14920183156784e-24,2.229905535318413e-18,1.5416937499138138e-38,3.1984425885404687e-13,9.306689334708423e-18,3.522846206827901e-22,8.386711903230768e-68,4.5121066256922225e-90,7.072187718698283e-09,3.2697175759476675e-15,8.447427726327437e-34,1.1118242668272281e-49,3.56640428358198e-188,1.5754161401203224e-60,9.219683841365455e-22
sim_strat_0056,3.878840960002462,70.18141066571776,0.22021922151796014,0.47086061186878597,0.09347048578294462,1.1778309124282978e-26,1.206736630479207e-117,6.767911135613186e-24,1.5812261890516137e-05,3.701399701723488e-86,4.880702571742187e-55,2.1110742809457127e-17,6.797788520644747e-12,1.502533030069609e-18,1.129071335758097e-54,2.5061149466934243e-58,1.0575779019472974e-19,1.943627203569385e-24,1.617689593766562e-15,1.7186499632567452e-19,2.7841710949773927e-48,0.975103009166888,8.640710325198633e-10,1.6847612141706493e-20,2.370893801953087e-41,1.4088109613414991e-12,0.0,1.4690437237272617e-46,9.995821344602621e-191,8.91280553482551e-09,1.6271785323145596e-26,8.318765467838164e-109,8.42044668049522e-44,8.199065755088514e-43,5.079835901559478e-104,2.9324534840553287e-103,0.024881168786136467
sim_strat_0057,16.451366030386474,22.057460490260716,0.17588885696187592,0.5620887942338381,0.10453751289414749,0.0005108910975352061,1.3116381854992226e-51,2.2526260202909935e-21,0.08121545198517528,6.331199465394044e-17,0.2678436745668739,3.989040254237968e-15,2.26057346101522e-74,0.004773787375151478,0.038836004757778264,3.4180523337101477e-72,0.06899338421342134,2.744776286563379e-06,0.011313458433148418,0.08915440831056312,8.552977934965392e-06,1.3839554872853836e-139,1.2452137716976332e-17,1.1926589018363275e-52,0.2684573495426703,0.0001162154935544803,0.02599168207720903,0.0201679737749999,6.273604273698911e-27,8.502100821167508e-08,0.016259430399741717,0.1062963020129704,1.6856503119665493e-18,1.3198256112388938e-13,5.928681528464973e-40,1.585653674545053e-61,5.8603183841381355e-05
sim_strat_0058,6.00281927469586,18.005236209247975,0.030087718389034318,0.39075828510530924,0.286928110974501,0.23903821152617497,1.4295522915391812e-46,4.0799295622586526e-54,8.956651368452818e-40,1.25774588427811e-19,0.08277674974390162,1.6340387701969787e-10,0.00020660433058482063,1.539716755654154e-83,1.2920792562916716e-23,3.388483230441666e-41,3.060111414434429e-91,1.967339357464531e-80,1.3965878304857836e-69,2.4450600743696387e-27,1.6326879994500386e-07,1.0185521434657194e-47,2.6753770980128676e-28,0.0095367147707584,0.6594544128544035,2.2005522699511422e-54,1.5532039404377096e-83,4.6438044421717496e-24,0.0002873649448301183,1.0036019458757148e-24,2.6043549583792735e-05,1.2766124782034705e-21,0.00834311678776004,0.00033038200021827684,2.3605958081355929e-07,1.0013000869246637e-76,4.791604021921032e-141
sim_strat_0059,70.0446088150482,7.214187038271256,0.5464005105099369,0.5262796116396752,0.15194201797706686,0.000721464184882092,1.3950010273323182e-10,1.506486897333762e-89,8.854448961869679e-21,5.665574679248885e-128,3.995483914492555e-06,3.747448766978457e-68,3.2551188409967594e-133,5.989950833036129e-10,7.106080679369361e-47,2.9261983095990565e-27,1.2473965529539764e-21,5.922285191195435e-24,0.09235388992143721,2.456778700073574e-28,0.00012280066946177462,5.90617431953293e-26,3.7733412585720985e-124,0.15055446867969044,0.5162445938743302,3.867116919148092e-37,4.48229117113229e-75,6.3054025260196204e-43,1.0647921660607154e-41,3.038568361137823e-33,0.07605817955866682,1.9771607655344284e-85,2.1363571589524163e-122,8.760747286482341e-26,0.1620387786138125,0.0019018282753093258,1.5399834722561048e-102
sim_strat_0060,41.109649073366256,7.4294248710732065,0.5269781570450752,0.5044773702906732,0.11697453260920114,1.6203736081959365e-78,1.9238696669071914e-92,1.8203344580476506e-62,0.054374546937561344,0.0008304590196110035,2.60478544553086e-43,5.081380976767339e-113,6.748486920156167e-19,3.592875699094055e-40,1.1084761382877335e-39,5.574562656514784e-49,3.1898205707827118e-102,9.169324868938635e-24,0.12285821089186726,4.457513031962907e-42,9.659359081408253e-07,2.3303209771403915e-11,9.697661908023113e-28,0.026600768639629145,0.5013536227319033,2.216430404025272e-66,2.737171921967996e-40,8.619738391930473e-76,3.91994038862591e-49,3.308633181720528e-39,0.11708642301861885,5.347231006319e-11,5.38059768458356e-124,6.345549462091544e-87,0.011512758980520779,0.16538224376760455,1.4232821783682187e-18
sim_strat_0061,54.48196293768187,7.12627555466511,0.4700893696829428,0.48705211813598465,0.1425951187019032,3.041133450250421e-39,4.870315411896057e-24,1.3516571548064201e-80,4.310248030293121e-27,3.7072031064395957e-69,2.9070225621277864e-161,3.5176529968205707e-12,1.0375877450995547e-59,5.1664749152738395e-26,9.019374208480206e-15,1.5231610496637693e-32,1.1075993784597445e-59,1.2283734767060882e-23,0.007478048749923811,1.7731000779295175e-163,0.0005079235831284983,4.862854946118462e-34,9.126712083902548e-22,0.0700802216633644,0.4188981365448029,4.1278481563684986e-72,7.224266959127651e-08,1.977305855933334e-06,1.520871266182703e-10,6.652258267009057e-14,0.12471385798668964,1.3571430833000922e-71,9.036914575101037e-53,1.828389371563403e-24,0.3783197609525332,3.024286785316469e-110,8.153517282662676e-10
sim_strat_0062,40.00624202801875,7.58352677187463,0.5924725695343844,0.4767406567285293,0.10836336098909723,0.00012131092995162874,6.284481398145102e-83,1.7495626752640472e-35,1.8212605691967388e-19,0.00010882536920315457,0.14744775915631944,3.4936826873283943e-07,3.0453239163427877e-65,9.19838140468791e-61,1.3631968965615495e-87,1.0216397548632821e-31,9.100989159346625e-64,1.5449463570484864e-13,0.3210846496184958,1.8410549249518823e-69,1.2698804752812178e-20,0.011198745547326432,3.3273551325844747e-13,0.07799257293532312,0.11119548950976037,1.1983857215756575e-25,2.452231600022411e-31,1.57560992475216e-38,2.1646172662198624e-14,7.719960815981261e-41,8.167223449986725e-72,9.455771872939053e-06,4.8680820686314325e-14,7.090053387175833e-09,0.3230838926800267,0.005629070335566981,0.0021278716872737686
sim_strat_0063,7.723066311084219,33.99889142641902,0.24641161699913577,0.47885836866377784,0.0897425324038362,2.370884131749232e-08,2.1736135097664213e-13,7.871976009368232e-18,2.5333799882853224e-18,8.672598437383526e-32,6.257820863788824e-31,2.6015511368323948e-52,3.252787017952021e-08,0.00074506410026656,1.250937046192471e-19,8.781855219257119e-11,3.42080634500711e-52,8.812875050822544e-90,1.0713862561638983e-14,1.5315127957119479e-61,5.535315029543454e-79,3.7233209222111326e-16,7.702680308603387e-09,3.9241456363842047e-79,8.728592025211048e-28,5.5881083161692805e-16,1.3093371006406073e-23,6.777409920225965e-10,1.200309215246363e-16,2.2881784271089782e-09,0.9992548689063735,9.538246342934214e-46,1.1140735584511277e-15,1.079547789938179e-40,2.410038597566865e-134,1.5425287191697482e-18,1.6485371509818496e-58
sim_strat_0064,18.576554508765298,21.36915280529255,0.19355463550376,0.5844764659365608,0.23615688471701018,4.4869282980744367e-45,3.987451987440105e-48,2.2086680058027504e-37,2.0285625145418237e-31,1.091391986082401e-87,5.279313064581522e-62,1.2422754002909565e-19,5.666771806086798e-40,2.6533103459174367e-12,2.1285594059878923e-10,1.417605442496876e-39,7.361060881056543e-61,8.598393558880065e-31,2.894435052480728e-24,6.432641890828796e-38,5.215734184213766e-48,8.867765847825613e-71,1.2688984461437217e-67,1.189785131015845e-05,0.13394681752027152,2.6077095984622674e-79,8.531137005587764e-119,5.3196008373536257e-05,3.4617099608197646e-94,1.5664135024630273e-47,0.2815994509515978,1.1651090859379174e-146,0.5843886374293615,1.0867949530871316e-128,9.83513173441275e-143,2.3576249923301104e-11,4.892369207045571e-37
sim_strat_0065,25.60041479981507,14.246160457991516,0.14171590630040376,0.5989369280288046,0.08238205391018286,0.02862373509115438,3.8067607158225225e-62,0.04993121278462677,1.7170752021909473e-05,7.662982247871769e-48,4.0916205646356336e-41,2.2441258634820086e-10,6.421457076947887e-10,7.2302497257617335e-53,7.426859846971805e-65,1.7482431682265418e-74,2.969905245361923e-55,4.4502775609984773e-44,5.114390103017361e-06,7.970814819945917e-50,0.0009062244075023466,2.513153537636777e-54,3.9720518404942954e-51,2.5984774710178546e-12,1.997919791348976e-21,7.420778616393099e-117,8.597513287601858e-74,4.363302261572566e-28,0.0011228043926729847,2.8941526383822495e-08,1.4875518940291815e-08,8.668811797290114e-31,0.00012625597924659432,2.460948861027434e-10,9.179413281467223e-72,1.3020987962046257e-55,0.919267437270375
sim_strat_0066,29.49851865508895,9.420188263349237,0.16481792169847284,0.5315045747577307,0.0920563962315525,0.12200389204196671,0.00041999867615702304,0.05840629741132488,0.018246580343789127,8.246031683319725e-142,0.23428033075147378,0.0037095661323595613,0.12433526254087961,0.09144442890162266,0.19661732766040127,7.223843094211825e-13,0.000527640029691906,0.11932479559201704,3.4163900576711945e-22,6.302731928127644e-07,4.019600206910107e-08,1.1358084872382143e-46,2.979233493708991e-24,0.009245874204597646,1.9646579360881278e-72,4.099727210263191e-54,0.0155662168438637,1.873595656297578e-08,3.2977099307353444e-05,1.8853239044883173e-11,1.0014916099048578e-97,2.7287402051947576e-48,4.977668969869949e-10,0.00016425952637365694,1.0158240072802734e-09,0.003225612577658785,0.002448248928197288
sim_strat_0067,2.2437424839054354,58.93652547709557,0.3971523799910282,0.47791774368546247,0.049389520238064,5.902434369887875e-05,0.003956513422681167,1.3247274885314159e-14,5.968682189044545e-07,8.067177651004982e-29,1.5063054462248232e-79,4.710800732505917e-50,1.5080662615348222e-13,0.0009412017773063701,5.442354971478094e-24,4.575935396683809e-132,7.175098727836609e-35,1.8150890561925203e-14,6.609557133352626e-39,0.002537228131536822,1.1023601565880455e-32,9.766166818747483e-06,2.0539300577537873e-13,3.094396321578851e-48,9.351454782684962e-09,1.2179832605310022e-11,3.7205450433504074e-22,4.9201336207583945e-11,5.925333316893747e-42,3.283791960505459e-41,2.898632388185228e-36,2.354091361890644e-46,1.4333232029236786e-74,6.341818164784247e-28,4.287568894225246e-55,2.9240324290427717e-33,0.9924956598765156
sim_strat_0068,22.872014791224526,16.234590644065516,0.5992968331932651,0.44260075788208264,0.12779573224581145,1.054378561697994e-36,2.5196544133625443e-70,2.6269108759331608e-142,2.9093274700426466e-63,2.5129540825257365e-09,0.2205007978792419,2.6634892238955777e-15,0.008660934915586914,2.3759691548858217e-48,3.5504072891850185e-118,5.156480784192462e-94,1.4937927566323094e-10,3.374862675100277e-42,0.05524709731184252,1.469873571860747e-48,3.414982832932056e-107,6.842890167038381e-09,2.5156998328197755e-38,0.14700705669354328,0.5170510302567334,3.984017537633154e-69,6.509130729222307e-51,2.3134612537734913e-08,8.077998640111126e-38,5.087744479712193e-16,1.7714003578674912e-29,2.0144895012799308e-129,2.5467217226347328e-93,4.450578800634502e-29,0.04670325073294059,0.004829799570270197,1.6216442979130814e-15
sim_strat_0069,18.076864854962682,14.453750022722199,0.0840254145812675,0.5346916045132278,0.08223799519859948,0.002490147303830279,0.02305101241479543,4.403954741376782e-06,2.2606860048078025e-11,9.06828093586775e-75,0.03618427969252153,3.502987034667732e-05,0.01392102478432422,0.16974089984475954,1.4483316570115806e-31,0.00183280591992685,0.09857371292446959,0.011672736620815957,0.034553761559488104,0.0026990955854245867,8.052635017551706e-07,2.266718219625202e-09,7.425333186390121e-22,0.020646040865615122,0.14426941374215663,1.4482112192266097e-09,0.020610935478599622,7.614684810069593e-05,1.9523996218104297e-36,5.18658980281949e-26,0.06193569084767672,9.818567598892034e-43,0.35770196320518316,5.801246649608434e-08,4.186214496740513e-17,3.15237193889557e-08,1.1680241728530887e-21
sim_strat_0070,19.689313792510905,11.262036408380146,0.060923128811764975,0.5573925251126622,0.10392385025340928,6.03051099994556e-23,9.288954626913515e-05,0.049324729356225894,2.517483833804834e-07,7.146199882943695e-44,0.2078027238436908,0.003761731137364147,0.00474214639575233,0.023499047084551066,0.03450054040551589,0.022235298735770584,3.498176971496932e-05,1.1739017351419101e-05,0.027163604969974362,0.01597222552240154,0.005992561372847694,1.672760165311726e-22,3.6810257967561284e-50,0.0010925167573187001,0.060419504320043345,3.776075283025749e-11,0.10591659810004986,0.0009182535281549083,8.258221252108527e-148,0.0077883345601851605,0.0037987535496245956,0.1031265047191632,0.13490656276248028,0.04810607112838526,1.8217797250749866e-45,1.7547660859861443e-57,0.1387924296310208
sim_strat_0071,12.886598418822471,18.950072348668908,0.06472113213038821,0.46380889671524556,0.1654150498756746,0.0415340352873532,2.308628890740374e-05,0.00013789116439723615,4.167038480554476e-05,1.8926294789433462e-67,0.04137584333865518,1.5633527634267687e-07,0.024174825046923674,0.007655963742746995,5.367543503129728e-32,2.448069557644968e-07,2.7106293526037443e-07,0.0037864389007327788,1.5662381825908405e-20,0.11831660207712087,0.059388363025953204,3.7660279635012875e-31,1.866337661367918e-17,1.3631044267684045e-06,0.3550317301994683,0.035059627163323344,0.024054575008594852,0.05352078190563304,9.061862266411374e-34,0.006417966932347988,4.20279296447348e-07,0.0034626821808186182,0.010598115902233671,0.21408428544219843,1.0008658868232989e-09,3.3256937481038186e-11,0.001333059384771904
sim_strat_0072,14.719580884829652,27.331919967995486,0.19374719151506922,0.4477177305890679,0.0871377128732661,1.3194128601982925e-90,1.7765104091182834e-12,5.395830132573769e-66,0.7499964696504174,0.03300488750425613,0.15248700741597557,1.0765356460642183e-06,1.390455266859359e-16,1.1492164056130217e-06,6.283781740822321e-16,3.8930756931704953e-75,9.463209755642057e-168,7.729604090722087e-89,1.893638658398751e-23,2.213190040154436e-158,1.625639190329285e-199,1.3720881529180551e-06,8.256996913816838e-29,1.1367763058329324e-42,1.4721495474844303e-06,8.508779297219132e-23,0.0022781283987226247,4.2702278303684184e-36,0.0016348883447271445,2.330593642876284e-25,3.973204650710064e-57,1.8659747177876858e-25,8.632435982938754e-83,6.817308243625352e-31,1.1719761401579622e-51,1.6337421869021494e-53,0.06059354869437182
sim_strat_0073,6.220556796557437,71.06716135788717,0.16752281794017843,0.4957442351618443,0.24477400042032527,1.5170595278750132e-17,0.10429594002730276,1.6194941349147636e-28,8.472829507717572e-41,0.013278061454279348,7.334241045930411e-32,5.832967255851453e-66,0.3796889486563727,2.033264746634633e-30,5.518066003565033e-23,7.650143649820227e-13,4.025395080221356e-43,4.388997896947627e-38,4.106270743481893e-33,1.5576976509611632e-25,0.03930061551296503,2.5104798534342577e-31,9.028338137346124e-206,9.192868686606199e-31,0.4590276572453027,5.4472931861742987e-08,4.368881232212518e-26,4.876642429966994e-25,1.4885657420962198e-44,1.5505304990012522e-35,8.285376458244208e-08,0.004406537691705747,3.118903202324945e-62,2.1020846103297495e-06,6.2630612867385075e-37,1.6585323282595682e-29,6.383724091822768e-58
sim_strat_0074,19.72356900898085,12.973583006343897,0.08579223793393918,0.49362087671260135,0.1641847878275422,6.672780821936295e-51,2.4074586006566037e-05,4.036718042551667e-40,0.001255569641668353,3.3096784744385194e-63,0.5024674770686592,1.821947972270092e-18,0.007642762593314432,5.346006184884156e-06,2.698845999397509e-153,3.2862583460263757e-35,7.053104568249896e-89,2.2016198238540776e-115,2.2162132205291747e-47,0.021694756012273015,0.002291032656954796,1.4400173969536068e-68,9.312569551225602e-17,0.062021655041545005,0.06181133768045722,1.9616965301863918e-12,0.032069763582336375,1.0572894508170958e-05,4.737459140759048e-123,6.687497632643324e-06,0.03593111177454365,4.432569148942438e-13,0.25931743745131364,1.496639007777892e-36,1.8975245355005463e-17,2.878623813603353e-66,0.013450415510197072
sim_strat_0075,153.03500610564208,0.5698189439648572,0.10392347250931407,0.4095985263975477,0.030320927096988807,2.512319264619345e-09,0.0004835855648899087,1.4433340245571303e-05,5.057277745056555e-18,7.4074345479375115e-65,0.00025014883959714724,0.0002920714059754402,4.79460026054531e-09,2.7889769915053403e-05,0.002303177447523843,7.666181753762179e-21,0.02342686277359503,1.2676535123669148e-15,0.053049403959032994,0.02870175997641926,0.004670544728827609,5.10528748449531e-21,4.3041583669873736e-13,0.009927509508646388,0.0445440424113391,6.144842037228485e-34,1.7916444563352514e-21,9.343463295128374e-05,9.587381151575658e-99,4.714472101207372e-07,1.923003639348998e-05,4.427731154792631e-07,3.0240415771701356e-06,0.0012166016419487297,2.1268249490495466e-09,0.830964950312801,1.0405953819290035e-05
sim_strat_0076,16.823361765339353,17.859303457447748,0.1956419645930901,0.5536169848347472,0.1740482966327046,0.007803468818084072,3.109320635906684e-120,1.1505121579150765e-20,7.184070447615946e-91,0.42542725674259646,0.053029333953787255,1.700514522474565e-35,1.1191472713085992e-38,0.2740026083393717,2.42062591859092e-52,1.017607237616273e-119,4.5111160434725026e-46,1.1867792316475203e-46,0.08535332135082077,7.1366056598099e-59,6.237469536701095e-92,1.0045708646757384e-141,8.985652625413247e-08,1.7583058658573416e-36,4.4513914563659564e-113,0.1543837104242432,2.992574066739327e-39,2.1024837821451e-07,1.2534658597144934e-27,6.686131528729815e-101,2.661116283618114e-10,6.7422595836273994e-133,1.4743114734442285e-37,5.9421847537595815e-28,8.055893137090137e-14,1.2754608433020019e-74,3.607779012963017e-75
sim_strat_0077,25.747574906439336,14.27349726894013,0.21889686613889553,0.5819086981177758,0.1440757286647489,4.443809017445695e-50,5.991556579080932e-24,5.364053138643323e-159,7.257904089280715e-22,1.7765235101666266e-14,0.9750842216240334,3.751573063311677e-90,4.0435815246358126e-08,1.1159252225174633e-21,4.118741349840633e-99,3.00095003317779e-25,3.29961874343354e-12,2.3341770796477486e-09,3.890371254290471e-14,7.669679440281492e-56,8.770947425521571e-52,4.294959592962835e-149,2.344344092537256e-79,5.647513111569946e-77,4.238626653851265e-07,6.349016724770921e-69,1.7804274526088816e-13,1.6478666127937512e-05,1.7622855535210846e-20,0.0032728950662276493,0.021625938007419326,1.943059382999302e-52,1.0561476421334117e-40,6.3528606402700986e-55,1.5674797705347205e-46,2.6504054619182305e-61,4.618152708456819e-59
sim_strat_0078,6.746619705877367,47.69801113367505,0.20486462847890596,0.5138282644526295,0.11498679736098225,0.0004430456448684621,1.0272087958740841e-53,2.0888454128621176e-53,7.35912554960631e-86,4.996383082842384e-39,1.2891553617448958e-86,8.326748556563247e-21,1.0468006430275397e-102,4.216831229726508e-05,9.52054632640634e-47,1.2306469672570004e-28,3.101493531057984e-18,3.7594694278840115e-59,8.425985579397138e-36,4.164659756948095e-26,1.1669916132661127e-17,0.015525617692019796,5.56887913710729e-18,1.9996070408989048e-11,0.9837272417512942,1.1174885650882283e-21,1.565037730928808e-37,1.8762894852684036e-13,0.0002617448305820055,1.8134082250628205e-07,2.262285628469463e-61,7.646316075204748e-59,1.6712588183063385e-21,1.228756094204733e-60,9.424833032184221e-157,6.026734241549572e-22,4.079321092516336e-10
sim_strat_0079,4.184825556345722,54.351205185116164,0.08423037328256068,0.4567371612708941,0.40332790955297315,6.007848609987598e-179,0.01304190539847963,2.040460130620502e-59,0.025615976230134535,1.2682863923529483e-31,0.008477149215313813,0.002403156128389614,1.284264166934948e-08,2.3385393338254647e-58,5.528326456003765e-44,2.445725284379377e-48,7.402966198328922e-22,1.2842105956030143e-79,0.003798295636077765,1.7640682942863376e-07,1.0278604424826826e-93,5.593428934381106e-05,3.4444240450671465e-09,0.20762388707188661,0.36165431990198965,2.464374283073093e-21,5.926875223518239e-46,0.0090600809969665,1.1743216764669339e-11,0.07828965203717311,0.2804163014308634,7.716592454803585e-86,0.001146103071911497,2.1660833155586798e-64,4.43647595026554e-15,0.006928417376231225,0.0014886285095961605
sim_strat_0080,28.58928340654166,11.459857115087061,0.15300415142957682,0.4671276219191302,0.048862753661776885,0.023745845408190185,3.599453500070566e-20,0.03594686418403711,0.006744392840967172,1.1486807902441616e-10,0.010877360911288518,0.05122341440459606,8.203831313753483e-40,0.05065241705328606,1.5123334835455196e-36,3.0995913728444423e-21,0.035314327733217014,0.5462927227277663,4.9769483735127286e-33,1.8575307346635403e-05,0.007760646034092293,7.0920381988796085e-25,2.786443209490857e-73,1.2735956245598955e-62,0.0011710183000920886,5.257575616756034e-29,0.06219083434519509,0.010792221186180501,3.08432914470833e-22,1.382549004428501e-12,1.725489250805944e-22,5.396401520613505e-05,1.80736149475088e-39,3.814867113012261e-109,0.07405761701829336,0.035347731123782734,0.047810047290211766
sim_strat_0081,8.193358850748922,77.16488081623619,0.07362529197058873,0.45530138860234215,0.1017598056656886,1.462395201960356e-12,9.575595593326139e-57,0.002037812058081116,3.054070711750098e-07,2.5977480963753327e-48,0.00026347504927725995,0.05824625115549339,2.442954715625177e-81,0.24805447566910938,9.360592757173954e-07,0.0018642908752706114,0.12293984466273582,0.0012262814189617829,2.0063136033659274e-07,0.029324208384550212,7.307007239483069e-06,0.00016483322954019886,0.08581579649304748,0.054621711651339715,1.509891536941623e-55,1.9837438619718162e-17,0.003103493443611703,0.09600257729277506,0.002043094752367089,8.995128404722278e-07,0.0193000899013528,0.27488736885621934,2.9358261066935734e-28,7.478946322577715e-32,3.979419852857838e-18,2.7616512294862584e-13,9.474648674114552e-05
sim_strat_0082,19.547431685035843,6.896926952803529,0.06608797415663856,0.4395048128948565,0.18531949430392178,0.36590573267759663,6.595499715768314e-09,0.014374420522861336,0.016903889063919972,1.2429900901869067e-31,0.12330982594942233,0.004919117457854292,1.9289634325400308e-08,0.11883976391260988,7.404690054317594e-08,3.647252731062107e-10,3.268052097443345e-08,0.00041328850477341295,0.0006679294605161678,0.003631844508927619,0.006011608929960747,0.03819691636219323,2.4553750761590565e-17,0.00042523224685768127,0.012929696407307612,0.021705146578361558,0.15863991761423285,7.399077248925473e-05,0.004845348192751618,3.9270168586793567e-14,0.05231937336541867,0.00015060091663013646,0.009958320530719728,0.039954880532791295,0.0032231540993119313,1.873932238800097e-05,0.0025811290927840154
sim_strat_0083,2.919912087984915,60.83268230841477,0.029580258754063123,0.49748548566795475,0.2386134257927338,0.01910499728666699,0.0007529844855983356,0.0031355834616760424,2.3934973028427586e-13,2.641163153552309e-169,0.06779334428557453,0.01631417806538728,8.535747576296048e-15,0.06434891259748501,0.07608566260471085,0.003951061724032178,0.06088442056706975,0.0026263307224618565,2.4701096139144196e-10,0.13662127513364947,0.0022280838263374764,0.02126777971522714,0.00474559203827149,6.411349322738015e-06,0.009569811668123583,3.134073918973513e-14,5.6631496884451665e-06,0.08443472233706677,6.488058031503387e-113,7.804466211251329e-101,0.030371379793477375,0.054935698213278664,2.2335751142325876e-26,0.049332753951781945,0.2792561154497661,0.0010727682481176243,0.011154469077938226
sim_strat_0084,6.460821180521534,59.56422588389358,0.36107945612650977,0.5529104726557125,0.09408108700506958,1.3318749006583626e-82,5.850477424200687e-62,5.597597008083478e-61,1.4263580283155004e-40,8.183397671651437e-127,2.72879814411468e-129,0.0009000483407565277,1.1832490806545802e-30,1.2404267146668268e-26,5.621117439688582e-72,3.11240413736538e-24,5.261426685706306e-95,0.9982081501392764,4.0408417592220454e-11,2.8722935706102933e-54,2.992039353512454e-85,9.105798765633113e-21,0.00022260831168024697,2.644811751337377e-82,4.925908695406819e-09,1.5792576301306875e-115,4.27285389944756e-41,2.8817792266448906e-20,0.0006691881991085478,8.74281296110778e-49,1.2557006266289874e-130,1.795172284252285e-92,4.42664413765377e-47,4.286091396366756e-11,3.670700872762034e-45,1.4684839672225694e-83,1.2801201951238229e-16
sim_strat_0085,20.319153786418422,11.145279596629036,0.06434398397654133,0.5183626269581539,0.1202808884726639,0.07156519060675993,5.305228680991091e-09,2.979835487135717e-20,1.8489586274387319e-06,6.884117928087441e-104,1.2233447429947113e-14,0.007131872325390985,2.0101419825850935e-11,4.496131347095766e-108,1.5267491113567972e-77,7.193665843136553e-176,1.4488832842414218e-27,0.02963133608237052,2.9630277933436044e-68,1.4283849107164913e-08,0.010574448386738449,1.281028983111031e-31,9.549979001070665e-103,4.283764276888717e-21,8.067023896595645e-05,1.3313277336718067e-27,0.7896363779820282,7.976636187497952e-61,5.653102156465898e-09,7.55256788841097e-10,2.1911242579309723e-13,6.897634460384683e-70,9.388640843519533e-08,0.004557729571061509,4.008080224167686e-86,0.0009651635516324474,0.08585524239224653
sim_strat_0086,13.35410298401058,20.204621380342576,0.1460992992217109,0.5795242685259624,0.11037877937947052,4.3068980038273716e-33,1.9219205226911386e-43,3.7747707465087697e-44,1.349817544859757e-29,7.57118957154953e-46,4.905821795160136e-19,2.3226266539547224e-57,9.594903405066316e-16,1.49570570876544e-20,1.387377059765027e-22,5.438269647035474e-28,1.3739189961205002e-110,0.0006958308724868572,8.676096689670235e-35,0.8319635632001406,3.9720654649432046e-16,4.817219489872307e-31,1.7266552553528972e-14,7.880491033484514e-74,0.0905880042921114,2.4678892571052166e-20,1.3287706643769559e-39,5.731355010224949e-58,3.798180343668854e-24,5.141436900638229e-215,0.07236277076548832,3.672028279888821e-26,0.004389830869754109,1.386997632154828e-35,7.532749598540268e-19,7.065140252348271e-35,1.6897113031766542e-34
sim_strat_0087,12.255372246345953,20.85873293532976,0.09691316558691367,0.4291255744490026,0.0911782054321632,0.027653498456386538,9.559738673569326e-06,3.25693595073405e-19,0.007622190979004459,7.981696295593341e-07,0.0001167066572919589,5.697297445890072e-10,6.336894332569801e-22,0.04585127166468324,2.7812539394988146e-06,1.4816037657392445e-06,0.007434002321313719,2.2832139905645212e-57,0.014840181546823539,0.12365575236813842,0.05396970057435207,0.011468125055645331,3.1260180220009105e-30,0.00020689031591858577,2.9676391389610995e-13,1.0343284987991862e-05,1.739635659038424e-10,0.2309899946896905,1.1066745622453056e-08,1.1935051153165072e-09,5.86870027061029e-21,4.52241913513711e-06,2.7673146240128233e-13,0.03509028093995427,0.44001706569563004,3.1621193465795235e-07,0.0010545230485836815
sim_strat_0088,5.646224912804367,65.28053893205103,0.23042001950205446,0.4638202353148711,0.09859858035700583,0.19705647281142996,2.0050052050629807e-06,1.7268687381879532e-09,1.3620266146032704e-38,3.1391948476069127e-06,0.05243079962507509,1.3129173572053124e-140,1.302315939849431e-59,0.16852287164753818,4.783252242990035e-11,0.12266129410421403,0.029063485625224796,7.550900556106011e-21,0.38622292335246017,2.243032337174107e-05,3.937158760819536e-95,1.2290111422263042e-91,1.2641566808776776e-33,1.0977324214056773e-07,0.0011472282485544014,0.002212804231985531,1.4616194422037334e-16,2.0374391220940435e-54,3.4553857259386997e-68,2.2826699250876306e-90,9.55470447439915e-161,9.735954083452796e-13,0.04065299482282013,1.431050200352922e-06,3.0534182298389663e-13,8.4078504176761e-09,4.2671556331809794e-130
sim_strat_0089,13.311130469715485,23.266607313541016,0.1693054871114246,0.41334392927288566,0.12313374645759019,8.119717527959946e-09,0.997946595244219,2.3417446375603003e-74,2.4448575312982543e-09,5.227384230595562e-09,5.126353535490821e-06,1.2658217703383866e-205,1.1566125009861468e-61,1.1521813358824314e-06,3.340869945762182e-23,6.091337648003666e-11,1.3102141066236113e-58,5.192238242967022e-108,2.2131489163229892e-31,5.697001074367395e-37,9.11782237180433e-30,1.3372427066486866e-208,3.28652907983652e-16,3.819207693044876e-129,0.0016414058423312133,1.5763284347772873e-50,2.087791741447861e-25,2.3744719316310744e-46,1.0832046727112447e-26,3.611145890923983e-39,1.0757234021590696e-224,5.214642789011018e-07,1.3702159729385715e-16,2.838631679814703e-58,5.1539645517308497e-26,0.0004051830614263562,9.302764137551595e-108
sim_strat_0090,4.179143590516497,62.30967978950422,0.1453483696063202,0.5326100090290491,0.10865086140738525,7.253096727455173e-54,1.1872093446606258e-08,2.6040412221142228e-58,1.1173151114884468e-61,2.3444142292829795e-25,2.8955127738217157e-24,3.995218749189372e-11,4.2986971591657095e-95,7.842666305703243e-29,6.503126134579617e-53,1.6718495629120468e-13,8.867775022781572e-146,1.415865670281956e-15,7.542608307789459e-45,9.33822276815954e-16,6.312593084431748e-41,0.9999935475057666,4.370225622357269e-11,2.5457472984706777e-27,2.5119993599544184e-40,1.7399619732267666e-19,3.0477520582472276e-21,4.600104506436371e-06,1.1362620223714755e-108,6.040277061050707e-14,2.1556611205312832e-32,4.657409259670663e-59,1.8404337491060902e-06,3.3315914596593076e-18,5.453161322895419e-107,3.217187669163007e-51,6.536877736375326e-64
sim_strat_0091,14.767936487156755,19.778320398188935,0.16422315562480594,0.47361980774049234,0.10553346847535525,4.3390902977620224e-05,1.6441355910214103e-47,2.1288435663510288e-06,0.02723015915368342,2.494017860398035e-83,0.023173900808437092,2.361299428287174e-62,1.5133002875379976e-89,0.04433675241761901,0.025608691392034377,7.434146485338176e-20,0.2826348807157141,0.0036201705260457944,0.054362744260107156,0.019569450064554142,0.0012960521376700715,1.5601935978434445e-14,2.022105936011593e-46,1.4335698572778313e-54,0.09729373447206904,1.4284022943033282e-08,0.17422165087788574,0.15404028133805237,1.8576738722352486e-19,3.200460580541083e-14,0.007397148474966766,0.08516884933054641,2.2077080649035e-37,4.333230178063353e-55,1.0677665521719276e-113,2.13299200801915e-38,3.6318821614353264e-17
sim_strat_0092,7.34000911545188,17.973827744188533,0.03513735437661428,0.44827308162785834,0.25726303976018544,1.1192338446888655e-26,2.0350436096494731e-243,0.0027593616075031156,2.436195825001177e-96,3.374890826388403e-08,0.001165850199775339,1.0968804501246006e-40,1.3825013134007278e-05,4.6309841499176954e-108,1.8468200152095135e-36,5.609566912707654e-26,5.628335132774017e-56,2.1347269163415776e-81,3.1500201495076113e-56,4.859171802578698e-06,3.876047680541419e-65,4.0415615423085107e-50,8.681042494986327e-08,1.692780312641951e-05,0.9364152310960799,1.02354102396467e-46,1.424723504219074e-31,1.872688130191689e-15,0.00017337128853252195,9.055848218493856e-09,0.05750850144217406,1.0615008363701726e-41,1.2798875416074378e-05,0.0019291438872727845,1.341970202981061e-102,4.449510959996128e-126,1.2792760983211236e-67
sim_strat_0093,45.84780981531419,7.971140648452381,0.5151744943425622,0.46892683378249483,0.15581545344462133,4.3767475243764615e-49,1.5093975841702824e-12,1.257110145945176e-190,1.4796063968863522e-33,3.282705556948302e-64,5.3668776371166585e-08,4.265561005528975e-33,0.016456435887562505,4.009976349242353e-68,6.383658869602582e-72,2.0212934850671114e-18,0.00016801169348174366,1.5549772780285212e-30,0.5749708439112226,0.007825529054932064,6.107557305990688e-05,2.851569442430461e-108,1.0019806946732937e-72,0.09634551689558475,0.22623619548336213,7.267135708261439e-66,1.358873423060698e-05,1.2244600511179312e-172,1.2534120122967121e-21,1.5466539212112732e-05,0.0537692818579845,5.597573752122882e-76,0.0027580246683229616,1.4725650389749427e-109,0.021379976030758488,1.32362228765364e-37,2.7060121257299442e-73
sim_strat_0094,41.7870864072082,9.691385439346858,0.5047881197589256,0.4601654247307011,0.10895908942976952,4.286708855309367e-35,5.894476319166306e-05,1.8040044953972976e-46,3.954739718220746e-31,2.005801510253978e-06,1.680887889329298e-43,1.2123316312218524e-06,1.3985818694246098e-245,2.2355081114977887e-39,7.099835255090377e-72,4.86892349181416e-21,5.3789643776873834e-130,1.7953449251970508e-11,0.0383625740945138,1.4379061191327072e-68,8.354244379029923e-06,6.099652555945117e-06,2.115717876565706e-40,0.2773975793115417,0.3171257262922672,1.1916323769920746e-20,2.1525887309094155e-21,8.548267611348414e-105,6.570394380047892e-91,3.3600938071736762e-34,0.07347830867556704,6.240918389825561e-11,4.399509867790206e-19,1.4053409468483225e-26,0.2935591947524797,5.786724116110561e-66,1.6139312582481467e-171
sim_strat_0095,34.851039127233726,6.545251677878106,0.5829789569142275,0.38622615972478447,0.12824753172757788,0.0009718456896413786,1.3129647773474182e-41,5.0544422216271995e-21,1.378763210157007e-91,6.8446716665255385e-46,1.6899505654658598e-34,7.581385228809102e-24,3.747278389484737e-40,7.871213633123329e-38,5.518375860629084e-10,6.924315034063725e-143,8.098201448070788e-29,1.2856219890681373e-09,0.1965824218068068,1.7130184122951656e-38,4.3186243133852795e-82,0.0003743334410617807,9.007224664814023e-64,0.22370399263019694,0.2697697527487435,1.9379303924985029e-22,1.185806290322166e-74,2.5652645618607767e-13,3.5894534500688307e-44,0.0,0.1924750718271482,6.615007911193324e-62,4.054162025866652e-57,1.6160842450769667e-31,0.106660543357348,2.0542520924879168e-14,0.009462036661316776
sim_strat_0096,42.9191544970661,8.948845976031508,0.5968509854257427,0.4664759671860577,0.09522867079194357,0.03604743781231727,3.1093623447696043e-83,4.159614966200236e-56,1.2296781030640391e-24,2.9508383995317372e-09,0.08601095139029524,2.725283644192949e-19,7.615031152445557e-42,1.0685917673991209e-83,3.712797468180522e-43,1.2038183333692904e-170,1.007889088978136e-32,2.7876560485453797e-29,0.03906920042184603,4.967238423458436e-11,4.453523647931276e-06,0.4375128685700946,2.032538965996441e-18,0.16402567267991833,0.0839842717951602,2.951006086065875e-75,6.846324375019644e-38,2.612373120999289e-114,2.507321460824702e-75,4.838116470346737e-21,1.1646056704587631e-14,4.1243024385962766e-13,5.549377153716365e-33,4.2325404441610474e-175,0.144153377672439,0.0041204853530358776,0.005071277780310627
sim_strat_0097,7.3066803603905806,37.58971120536504,0.25042680155241054,0.4168423605145947,0.09862832502408662,2.263334233537675e-205,0.0020982163636626104,8.2132490096929e-60,1.414058435331615e-156,4.5753861275687465e-07,7.802757425891672e-16,1.618891521591275e-40,3.1466934125009478e-30,4.8385977834935254e-11,1.5326318518388763e-17,8.352102702254106e-06,7.869685326590503e-29,2.62905668451684e-40,8.581758823101848e-117,1.824965777443582e-50,1.8469753133846372e-56,6.774006779571687e-19,6.950816656263971e-33,8.581263831564767e-08,4.841505378093202e-19,0.0005220913272428294,1.123914219089886e-12,0.00014277760359247748,7.333277050556515e-14,6.0699662833396115e-37,0.9972267922535382,6.687458462087861e-100,1.2264847399942778e-06,4.636865599964899e-10,3.8450069911624697e-35,3.582282005427434e-25,3.2808513652338055e-40
sim_strat_0098,21.486157451345164,23.254573795272616,0.16846035564730016,0.4796189432113382,0.22158911506219403,1.3982721523355436e-06,7.107571700119457e-14,1.340747748397631e-33,1.0845188461404533e-12,2.418264593337978e-31,3.920400728115665e-40,1.2010973827329726e-12,6.999847941860325e-05,2.1438029582231927e-43,3.4844219296228957e-23,1.1515556674624772e-32,1.0334013265459794e-76,5.523291863156632e-28,6.212434856704686e-13,0.0010245867394650767,3.6376094919709673e-88,3.3027624442799247e-96,5.545326196066064e-75,1.9147736356240245e-40,0.061427108516073956,1.9414512350482083e-35,1.113608197930831e-58,1.6869810414563967e-84,4.20463405655414e-26,0.0003698997717770027,0.15048301428077826,0.01350499421095561,0.7720812319713959,0.0010377677550055264,1.8105191910980946e-204,5.041005683045144e-135,2.109974250539201e-48
sim_strat_0099,25.09944764438062,14.71668100479815,0.1324892041583994,0.6279740104324544,0.08334840601171283,4.391642090984446e-56,5.568636292879936e-19,2.663117578217118e-80,0.11165078854081914,4.01659690758866e-59,6.877429454030747e-51,3.699443494291716e-131,9.734860595294558e-16,1.2768587308136933e-60,6.871311974545799e-19,7.24792875288395e-11,2.799605283357112e-73,6.224393739340801e-33,6.984214690583504e-51,9.0705656522602e-21,3.955329601040571e-38,1.428875222263992e-53,1.6654615217963985e-13,6.980135779012596e-26,9.997710846266935e-87,1.0048726878197811e-69,7.291138348552203e-28,0.000856802398750947,1.28456254007417e-15,6.5523720913405335e-99,6.882867283454836e-81,1.7419861979211797e-81,2.2759026690643276e-45,2.0128018902268363e-90,1.3159392408439849e-57,1.174603516184537e-140,0.8874924089877818
sim_strat_0100,38.336378671045445,8.521220611941951,0.14596743783435245,0.5154199718548361,0.08544323717131558,0.15035915379705778,0.09412229386945205,0.10808877051802131,0.12526595970051801,8.618950431025822e-73,0.09869726558965125,0.06180277422254588,0.08944451001327308,0.07252368350058379,1.8828230536395464e-06,1.2501277813470087e-58,0.03066094861171627,0.009840410839664866,1.4522909631772e-32,0.0004795223124524437,1.2625686318750987e-05,0.0003506366634633158,5.423009990467621e-139,0.10368108502879042,0.0006043424219515451,2.638417769063223e-07,0.012036646396255835,0.013662237295681515,0.0012460951599384798,3.0206795786557234e-25,4.683218485704502e-06,2.297895585323479e-21,0.011903169821578618,1.7496060956711295e-07,4.593208166158032e-16,0.002680866615321232,0.01252999709183725
sim_strat_0101,2.778911979294758,73.50920731494476,0.437904542041389,0.4622677802820194,0.05212203628402814,0.010333765730227956,6.193804728418262e-39,2.1875961114507224e-162,1.0922576937354404e-28,1.093261776544869e-122,1.8153901678147854e-06,7.111288597789048e-62,9.968821679895962e-18,5.874518775585507e-41,4.828485650576987e-68,0.006054746784237771,4.796665511807606e-24,1.1899322166453134e-36,5.339712322320954e-10,3.8677163557656007e-28,1.0875110121627011e-75,2.831984551922801e-16,9.218816994960231e-18,9.137763826093559e-40,4.220766950155726e-45,1.4440447283093368e-52,2.5608555843511935e-19,2.293478872488263e-35,2.3650150243974e-69,2.1978342697606475e-06,6.020466911099141e-66,3.9329440728014677e-91,4.61157643973706e-114,1.0342169850784157e-20,1.1889094553119305e-16,7.99119645673947e-61,0.9836074737271251
sim_strat_0102,18.958272045686712,17.47283273091205,0.44664186973591696,0.41858149284721163,0.14108368078283004,2.58187636102121e-66,1.692430345880538e-33,1.735933769665196e-05,2.3787288695360934e-44,2.5501325178438952e-09,0.03786108623456678,3.515271403199856e-143,1.394074542798206e-30,6.367684210407243e-32,5.718216325689306e-191,1.442664750823629e-36,1.6551926784172068e-87,5.372144528089862e-32,0.38820525129774075,3.726164144858999e-39,8.251370803993225e-24,1.0913165291470649e-97,7.890170710257392e-49,0.26530862216341494,0.06820582926491152,7.509453651529256e-92,5.3098504181275576e-27,9.084534229809413e-40,2.820738260528397e-23,2.6456273898062985e-09,3.1926931774573065e-166,4.454526207762935e-23,4.736215927178121e-56,5.6216696260408485e-12,0.22143846323950192,0.018963383260785803,7.540600230049969e-23
sim_strat_0103,13.135931058120022,17.47487650631907,0.0768894295240387,0.47892094721411127,0.09103664080791764,7.83674868795772e-09,0.049806601215440366,0.008756303890782097,1.279931137712909e-07,7.708680530196415e-42,0.004199729274246137,2.1841082125297888e-14,0.0016366431884381639,0.0663603459227242,3.44382020853056e-40,0.0033601188479666926,0.0032457414723233336,0.017360403597498884,0.18389053609143854,0.04353325783816764,0.17735050281051185,3.405478284019316e-127,7.863757149510818e-42,0.029876858265355234,0.28161008343673577,6.82072993032079e-06,0.007882017774220715,0.012273117225463476,9.112682717274691e-42,2.2292605945236394e-93,0.1056804330104018,6.294616840697924e-13,0.0031703495757447217,2.5177373367741465e-15,2.4967685069555043e-94,1.3069371356348835e-23,2.093982537245121e-12
sim_strat_0104,25.27257623052121,14.022888144317273,0.07143394108508724,0.5763712917871832,0.09012686587740963,3.279338221028802e-74,0.000369504047366715,1.9514325286211514e-05,0.15280416707883557,1.2256583168085993e-62,0.34709070163889955,0.000458834937319503,0.003146795986062051,0.06532656529823586,0.027749065499737186,0.004020949701182699,0.0166908215123466,1.4791278582478258e-23,6.658611263063729e-08,0.08859111178223451,7.869896889872772e-09,2.1197121449786815e-49,1.1672932769713954e-59,0.05114442957637329,0.02993318741962671,5.281026033332154e-07,0.00023751279799552515,5.865675645966265e-12,5.857204187952229e-14,0.0008538021255572809,0.04406684674722409,3.8590687189811276e-11,0.022793938676869824,8.837358015402232e-11,8.511459779156907e-21,1.325802017632934e-07,0.1447015155771434
sim_strat_0105,12.027615267792362,19.44401245448559,0.09060559015498787,0.5371243734458404,0.18717163653076868,0.010761835479734878,3.0943572926495806e-11,0.007971002603393335,0.0002943382547584165,8.849518160635075e-116,0.17883806997359641,3.8678853539090506e-05,0.03820377618509295,0.04896238147467853,2.8621695353470542e-34,0.011281077458918818,2.5005951616596592e-08,1.1243813575461695e-12,0.00017712279904218934,0.1351739211958458,0.0037490467405062898,1.137561414238226e-36,0.0009110444109481728,0.12874912029406674,0.19906201453131572,2.3375393021227308e-42,0.09915387262375738,1.4802536347151e-10,0.00010434326613016677,1.6495731482889852e-29,5.635806620741304e-18,1.6640748623704035e-07,0.08899176327705421,0.04756223086458581,3.9216604852928336e-35,1.196867049302161e-07,1.4048432799155513e-05
sim_strat_0106,14.657757686386296,25.23379754823927,0.1765411282195443,0.4895453702866022,0.08278389640624388,3.210849649613753e-62,1.088021328554677e-59,1.6921440527084336e-06,0.6470821218947419,3.3826079221526505e-16,0.30047880532193755,2.036259438277818e-56,2.89544273983676e-100,0.011499251612715155,6.468293498606217e-62,4.01184243577524e-49,3.035573723880444e-48,3.121765255813044e-06,1.1212592379609734e-35,4.070881648220862e-07,0.0005400077836306067,3.9354793537108243e-48,8.387926685461765e-163,1.4210280230394689e-27,2.7229408399500307e-38,2.3013574426835147e-15,0.00023327671677353027,1.1075221445603281e-64,9.397569141071483e-144,0.04016130092105135,2.421294934644246e-95,7.96837305832088e-16,1.5344655223728248e-60,1.1187169371087677e-66,4.4733554784219804e-100,2.2807286842223504e-65,1.4751673101061245e-08
sim_strat_0107,5.716959040155773,77.5270716332281,0.14981949129470043,0.41124383908643086,0.3081468085780777,5.5480313712163775e-36,0.0005841919069063405,1.3728521997102234e-26,2.949363983159467e-71,4.9480460685131004e-70,1.619258969545477e-81,3.0952699523016924e-23,0.8786474397042143,1.485675909951779e-07,3.6446211331163598e-37,9.578083418070992e-35,1.3185092808375724e-22,4.3522768495210243e-32,5.571110848235735e-188,4.466270492063267e-17,0.11981399011849536,3.969375711242567e-40,5.46048967580111e-88,3.6554119825256244e-127,0.0005686680028261476,1.9287119219325412e-51,9.58915814561497e-73,4.3055115721771e-46,4.48698605580211e-09,0.00038555721298090333,1.3890584371868264e-28,6.427183967370751e-20,2.3460742687463963e-20,3.4886626531319074e-128,1.8682295217881884e-27,1.751183714757807e-99,3.138438870909263e-69
sim_strat_0108,14.453923970246874,14.076373915107125,0.08157250178512203,0.500141133405865,0.18067288639174575,2.4892243028601094e-11,0.00047175068298488555,7.621328101139716e-17,6.310751235684118e-07,1.3094914479337391e-25,0.3219155874505997,1.2388853628914668e-11,0.0015138740025590674,0.00028203997145570016,1.9159330354076123e-132,7.570152128372484e-63,2.3523108327706467e-93,2.387840521429683e-40,1.7798204850838271e-16,2.2797786307245056e-05,0.0009779522096074196,4.205232210606436e-08,5.544668607916213e-79,0.1367580761960942,0.06937525568761307,8.172220543840957e-60,0.00015310534161125283,3.770987926231598e-13,1.1224178919092318e-45,0.16050401591963642,0.027593079815225092,3.820147366334881e-22,0.26661932649751313,0.0006025603716264694,1.0732859994324736e-23,1.3205857188702836e-06,0.013208584316343452
sim_strat_0109,163.09364386305654,0.588497541822966,0.11106184626647266,0.43907830201943365,0.027195549934963516,4.483594293283684e-15,1.4486347124415437e-05,0.1598934880089481,2.502535271579963e-47,2.386151183990392e-30,0.1066531690388056,0.007290428279503934,1.6329139614807866e-10,0.025309300369839645,4.475181779662103e-12,0.0009987013628598624,0.01690682287659713,0.00022438440045957685,9.230569866883327e-05,4.310410572839421e-05,2.7239988591983206e-05,8.344152777058206e-06,3.5316126932023655e-06,3.878323447423028e-06,0.02032090327885077,1.2792722999121731e-06,2.0506078558295645e-05,0.016482063669129538,3.054050992142506e-21,9.472375300972643e-17,0.00581958790945358,8.005273478460808e-05,0.0004662803667327395,1.8342214564893826e-09,1.908136107393975e-65,0.6393401401221502,2.4814221045820536e-15
sim_strat_0110,16.813570506475457,19.66389295134094,0.17107773810877558,0.5505525833514379,0.1672194475333571,5.530974327589079e-102,2.484379061865643e-08,0.010147447767717881,1.1252116944634915e-58,0.7354379116135338,0.006802709413091605,1.469243621985607e-16,1.4282078460059204e-07,0.0195774969940339,0.0027053291680692705,3.7708557661420725e-11,7.368498610959862e-49,2.3755556000998258e-33,0.11537292203972864,0.0008013765277499802,2.623635788170128e-33,2.6891705074853395e-36,1.2611154139206536e-37,4.8646962209283286e-15,1.8693479186413288e-09,0.1081702921583759,9.603626081189749e-45,7.175814500789554e-52,1.5633805269807715e-68,4.360565963354017e-18,0.0009842847975869396,6.786562889120079e-130,5.994847561238771e-08,9.38986930724668e-25,6.442454247623841e-29,1.321700564943174e-109,4.09984923254029e-37
sim_strat_0111,24.413043586678807,12.246761932083945,0.222682230137366,0.5819302740104609,0.1387625038519623,2.7355526747423276e-14,1.747201791661525e-31,0.016707667491596485,2.9497909148028737e-40,5.975237725651031e-15,0.9644487136359586,6.201159418607675e-29,1.7258949565721836e-21,9.97067110308982e-20,0.0,0.00024848446789447803,1.6883504211270716e-64,6.451597347808733e-23,4.1671990698594654e-44,4.789573434617154e-121,0.0059977396928274215,1.9933064595125015e-55,1.2783779672205538e-16,4.555568347692087e-44,1.285415425484623e-31,6.423017403137361e-05,3.6484213413628426e-61,9.136305526551521e-10,0.0006770529523026956,0.006308542166089492,0.005547568499736356,5.898789971613301e-12,4.3755516885668894e-91,3.870211648110299e-33,2.4648076820970857e-45,9.587209682001796e-18,2.1677698397248676e-72
sim_strat_0112,7.691964962440413,54.56833808418584,0.25120695740347215,0.4371377076739571,0.09646809997995032,3.3599308331801535e-15,6.758098280179183e-104,4.134762154699071e-83,0.12767339699792493,3.63171855845858e-84,0.00019808335686802674,2.350035325288444e-45,6.638606526788942e-42,6.602457789966771e-70,1.6830542648089096e-51,2.1912862738334228e-55,1.1138196122093773e-119,1.4658905222538983e-40,6.707961394470673e-44,6.796848703032307e-61,8.057244235877817e-125,8.627245933961768e-82,1.941621652163647e-13,6.487486580234647e-27,0.8721283685953637,1.5892024786114784e-26,1.4509818622915042e-54,1.510293964544121e-07,1.308476793420691e-102,3.6080147710921996e-47,5.476944643709651e-46,1.5827535150404168e-24,8.159488733966866e-71,2.0249233632222712e-11,6.36179854376844e-103,6.963048799448444e-17,1.0879755658124532e-21
sim_strat_0113,4.667858783871611,71.21593364248703,0.06798566223404415,0.48721157361288564,0.45518616113644467,3.0452680562001237e-68,0.22712678340075962,2.874049999919825e-05,1.4661169601993352e-72,3.882092209450074e-40,0.020514066601099997,6.413994228521331e-23,1.1248438582697342e-15,1.0022937677988499e-13,1.685277804304082e-10,5.96134266776856e-20,4.469231308700627e-23,2.9776077921592717e-48,2.6249137752842793e-20,0.004063117703991216,5.564692596468692e-31,1.0204018780403823e-41,3.8690885261483625e-49,0.018428683662572373,0.4041026043946431,3.0326294544209826e-37,1.7087470613303584e-114,0.10896073621838606,1.2175663451691275e-116,0.03937552793996633,0.0016821340640188213,8.473579932070083e-21,0.17547661958003286,2.2223951410402803e-60,1.6804252182840494e-68,0.000240985765901243,7.417036945992088e-49
sim_strat_0114,16.52858414777829,13.656002753026089,0.1121251910183059,0.6031859447991667,0.0508007872537017,0.1332775710088811,0.05615883200949763,0.0002138022261512384,1.4895473214003756e-07,4.172555157995904e-120,0.009737892162487565,0.30059178523661556,3.216034425577698e-14,0.06052953184377712,7.24787414538521e-12,0.037977001669481154,0.10034331460540832,0.20308486716368482,2.1413276636446275e-34,1.0168118197068107e-13,2.381493136371472e-06,2.474735324738442e-20,3.8905937213458405e-132,1.7312432291876338e-27,0.0017904188749670162,6.705953866087088e-29,0.020198994995001995,0.0017477761885131755,9.416189803745889e-36,4.127882102443199e-13,0.0004059751976357142,4.728242323977044e-96,2.399023629784341e-37,2.8788722083008765e-14,0.04829182005180529,0.004255595906139547,0.021392290404261497
sim_strat_0115,8.449275714366463,67.85310582932786,0.07522377269450194,0.4743230174795442,0.09880379699848663,1.4849150839586318e-06,2.757810913258282e-49,0.00017820090940482021,2.5752769637723723e-106,4.319767964444812e-16,0.14753579296306774,0.006064300109823539,0.00177157957586309,0.11911854548420853,0.00741674425457093,4.0862568395667526e-10,0.05692213099207129,0.002703536522659644,2.8043780933853386e-08,0.0031749815529695316,1.311407421812195e-12,1.9330410563497775e-13,0.0393015351240397,0.0005720973007721698,4.705847282904664e-90,7.511053299084396e-13,0.00015204923036522456,0.019720953569179543,6.488541359946957e-121,0.22682981347389733,0.03565416725261071,0.2719234648017235,5.339139916472745e-70,1.2491361220094371e-39,9.849686410460314e-18,3.5266145255905564e-08,0.06095855824688043
sim_strat_0116,19.149722955478683,6.250722952811075,0.07248743032579498,0.49544887023608425,0.18574943836292743,0.03749145252218329,0.00010170980647907806,0.23768375871802927,0.015293887652959744,2.07397041471602e-61,0.05837650298751201,5.645633788555045e-11,3.32782535784187e-05,0.0020453150702988876,0.008190013898030616,1.6695107260705374e-10,0.08489059186767865,0.07135311288892252,0.004338673577567614,0.0021346307063697507,0.0020994104056664847,0.09460213789798584,0.11056142255748617,0.019434272811842776,0.003163849233673966,4.2886872563766213e-14,0.008766896724560151,6.731598674987943e-06,0.017590761221310664,3.430367654333981e-08,0.00031773497750909246,0.09212671267991056,0.06171321150335526,0.0027531818869323036,0.007507942795142714,1.2394342329131619e-11,0.057422771216818026
sim_strat_0117,3.270877828483924,69.54982488383199,0.030638319565682387,0.5081587142983358,0.1769333505143436,0.1427517058517776,0.002435076546335556,0.09158583299735024,0.013081880842088315,8.752021150226923e-19,0.060207099276153135,0.018836195706882553,2.0430287019181453e-44,0.0001015790795235669,8.829169248218005e-05,3.4774491362612046e-05,0.008685872784521712,0.12586995278045274,0.05093100953209788,0.10116235912304321,0.012498914736724672,0.18774908309977298,4.1374364511758734e-06,0.0019254829183189155,1.1898204748076018e-06,4.5813799675580885e-29,1.9136907257594457e-07,0.0024157466909857147,4.204050160498322e-13,4.040524620211334e-67,3.847370072489066e-06,0.06596270909342634,2.671064079625696e-11,6.573577453750491e-11,0.10390362671760965,0.001976755648698656,0.007786684301453757
sim_strat_0118,5.887297763335687,54.81069977481024,0.3016004049766593,0.4915151797306435,0.09299048717540749,5.133877815991704e-36,9.229837834561408e-18,7.501843266482015e-21,2.352048196514707e-39,9.675023331432603e-65,0.002463489620943564,0.00011712958355631464,0.16038687091247433,2.279649709368319e-31,1.6091361878877204e-170,3.105374151933501e-57,3.0867507952030474e-56,0.8370319976866051,2.7477093269449016e-40,1.0809482165191914e-10,1.7141284857418832e-35,2.3040773642657108e-23,1.2002919832757784e-38,3.7192620205765875e-59,3.0137958344187384e-36,1.6209949262824309e-105,1.6906540393951555e-68,6.452542167861502e-40,7.428320266190851e-25,2.8591823419502283e-36,1.2710681786719727e-70,5.119541121475716e-07,5.492059114171657e-40,9.141444746042391e-32,9.310291790332745e-27,1.4306659290536468e-76,1.3421359583972158e-10
sim_strat_0119,24.324541699668863,11.508487633756971,0.06258979976390855,0.45060840064317575,0.09743771267990561,0.16125058881189974,2.8599382473599996e-205,3.0262586796006476e-77,4.311418888149653e-49,6.349986630784963e-52,5.0401534171425285e-67,0.0005079343495387849,1.0237022309604303e-59,2.472797697805986e-30,0.0017317383265066457,1.5837746385153174e-34,4.283920206163917e-05,0.0011374649639607993,6.557301275111491e-60,1.1012210174034624e-14,1.0054375139630091e-118,3.2627892569453525e-11,1.2785733755351927e-19,5.993781334102252e-07,8.577212271203799e-30,3.125799079893674e-07,0.8150233172167305,3.9773582796627654e-14,6.672345905509658e-43,7.601125703047482e-16,1.185495376313455e-68,1.6961023942208339e-56,1.0000707571828217e-14,4.011408383122419e-36,0.012481453809313477,1.5176881653459958e-111,0.007823751329257615
sim_strat_0120,11.922385230813685,16.530893373565277,0.16402496842044542,0.46736751669004767,0.09910792714152518,3.5790518636040036e-100,2.300585156786894e-101,1.7781894080168446e-72,7.337694628224772e-78,1.2437499769548014e-08,2.802060514864715e-50,1.2679919047299272e-32,4.1079116696917785e-19,1.8883373829646562e-06,2.8123047793217527e-11,2.290049939515699e-91,1.0032894965370468e-78,8.990083456287495e-60,2.213805837846637e-40,0.3329034130842306,0.005750730166083742,5.35085250699042e-13,2.9913931624857594e-86,7.831590134526293e-53,0.06211330715045164,2.4142265158031243e-15,2.552390023372146e-19,1.2631975481733528e-125,2.8000942890321606e-16,3.214722831039049e-41,0.5992306487955301,1.3872751650126068e-91,1.6033150978106773e-13,1.2964425741410523e-33,3.900551461426463e-18,5.086460498135567e-40,4.708628674356854e-141
sim_strat_0121,14.491329369979319,15.73609920358901,0.09189621784831165,0.5605777007848409,0.10047274055559255,0.05807044990362853,1.0772218212555844e-25,3.383089998050211e-15,1.1022510489079097e-13,1.9337742691286632e-07,0.0008750992586056026,2.5474271437009804e-07,2.790568004661697e-48,0.03573089386210588,2.9115821104288506e-07,7.709781348236728e-05,4.445043260403576e-06,7.676782339265933e-174,0.20068266460736142,0.1681777619063489,6.27065268683421e-10,1.884885271590471e-07,9.528824641710898e-40,6.669636939138551e-26,2.502048149342929e-09,0.01868331464650532,2.703834864286508e-46,0.04375886157577729,3.3659064534917465e-06,0.010418746040478257,1.574306142146816e-07,0.07402476283585413,4.2669045811926276e-104,0.01203504786948716,0.37745640024192334,3.4886670536092223e-37,1.6200713236071428e-10
sim_strat_0122,7.270394718431579,71.88604003665773,0.20057952500696766,0.6033796808831766,0.08496774624988612,0.17294846381776122,6.526458890139818e-05,1.6862929378830434e-25,0.0002869532996584291,1.0410826778521698e-05,0.13501855383394928,5.034627223432517e-22,6.85509090535236e-22,0.42537736042108726,1.0697814288765098e-12,0.0033050628117008867,0.024801254872488226,7.164153560477739e-10,0.10755991103696723,1.5034774503608376e-29,7.814012636421885e-23,5.228736687646515e-82,2.1895280505930905e-24,0.00024711076024762975,0.0005881504541593206,0.000250101055904577,3.045529817908052e-23,2.763322804058127e-107,1.0348593884423847e-42,3.078585911008994e-35,4.1715427344481186e-08,1.5825751677011242e-53,0.12110630978836706,0.008435027402803356,7.377234540843653e-51,1.0182675772120149e-08,1.2413637274412233e-08
sim_strat_0123,12.249208853719432,15.88943418225699,0.18292165941633348,0.5015714619157273,0.11866498670365407,1.0620977937581986e-19,0.8855148786909749,3.835859713479479e-95,7.971974054009935e-58,1.897961252849773e-38,4.545994639594759e-50,6.99354224331908e-21,5.740435289262059e-14,2.6054361091006907e-21,4.1945904158294513e-196,3.127476028237556e-44,1.7624002794945197e-10,1.389914448834366e-61,1.4743594095584986e-48,1.2893311609024176e-54,6.567001554327404e-80,1.9213628071096682e-98,1.112106925194472e-05,1.0000186448654646e-15,8.091354624163909e-22,7.098559444987113e-54,5.079536972020603e-32,5.109524080456404e-56,2.2218930692269183e-109,2.301621795086194e-61,3.8083337415478425e-100,8.653011365253404e-143,3.2918200328641886e-58,3.5080494467908175e-33,2.367425328656915e-30,1.3263852894818956e-26,0.11447400006347483
sim_strat_0124,5.486204792531594,80.32130391951942,0.17414362529181968,0.6217285486799972,0.08678846502444271,6.471980412649002e-36,1.5903922212647764e-98,5.63247958174643e-15,2.0042037016531225e-85,0.010658222833782248,9.731061295084142e-36,9.627115495055154e-42,0.0009874854275549298,2.592049442135914e-10,1.347793072752101e-140,1.2241395698615739e-25,3.0582210935493226e-08,2.2054950621868285e-67,3.768319972461151e-05,1.0073949863548351e-12,2.2667760955330613e-31,0.9725266027036329,1.1871929631200453e-89,4.8177948002084694e-14,2.7621392863250522e-30,1.1180965598891752e-14,2.2296969845833942e-13,1.4119355628586276e-70,1.8839241343698919e-34,7.427068720424191e-14,1.3818111013959816e-87,0.015789838064331038,5.833939792523409e-23,1.661200753465433e-116,5.2897910211136736e-17,1.3692818879134375e-07,4.5191353442243776e-108
sim_strat_0125,11.827518773329718,25.1556775985939,0.14995196113886336,0.460951530547,0.13097444587538265,0.0004670013051956733,1.7552111325126424e-55,5.316714171759474e-11,0.05063870699560606,1.137273482080501e-29,0.01546658282251739,3.470744050786128e-34,0.015795501192412506,0.05982461122900423,0.005827771184062106,9.925542210908169e-07,0.2175229265610902,0.009025278869410947,0.06537437669208802,0.07550660712079978,6.8058712642402595e-06,1.1231785837765792e-33,3.52493187247161e-41,0.0012956489358144478,0.03603638413295332,4.908284318746783e-08,0.01168924988197418,0.2283625910483501,2.8859635945031606e-32,9.229216796371402e-06,4.923296062555889e-10,0.20605139492075125,4.641822330176279e-06,2.59083330594086e-13,0.0010936387962296207,9.002834179112599e-09,2.1569477411316574e-10
sim_strat_0126,7.337020934825191,19.94788299405605,0.028260215373085196,0.45535552751665004,0.25140609124432245,2.5632296944591767e-65,8.848719994173217e-27,2.128534086790316e-22,3.5967203052717534e-96,3.3573767774667496e-17,0.23127442156278802,3.178633182119549e-06,0.02725661389043255,1.4797613692811428e-09,5.466052651272878e-15,1.1073681310557053e-18,0.00028733336955965124,4.4692868870775544e-24,7.366859133787358e-05,7.593191839115155e-32,5.671129595623151e-12,5.479423743070744e-06,5.252375418706386e-121,1.1731033525702698e-09,0.7137898996366335,2.736541704311104e-91,8.270156232431057e-25,2.729314745721427e-59,4.087076848418022e-05,6.918927362250425e-07,0.02726057934545938,5.362369263973047e-93,7.260227102117653e-06,2.3629080457891156e-45,1.3061706110152289e-101,5.874113118492868e-18,1.3039756260172684e-17
sim_strat_0127,51.54836352635222,6.712119139703358,0.670472178626801,0.49592108370478544,0.142814218985883,2.7015160633226396e-36,7.783591140367855e-53,1.827474483361202e-21,2.479147009374079e-53,3.706047520496903e-50,7.731756380517153e-79,2.4036041122679597e-90,3.7982120645856085e-31,1.7562485828037026e-21,1.4637451732433289e-136,6.627818252736676e-57,1.5897653282180249e-55,6.953550301262538e-30,0.37571683225531016,2.3282602854756504e-55,5.359205239874396e-09,1.5820988577354546e-39,8.111712053974449e-16,0.2141462697094875,0.23020515311734263,3.031575480057246e-10,4.19130260608623e-67,1.0702479548092062e-27,1.973723942864216e-26,4.142364521364115e-06,0.1770835734977752,7.0670113682034296e-09,2.998794140023373e-14,1.9773413873412656e-61,0.0028440163261580892,2.4402452875301388e-59,1.2822380093230054e-16
sim_strat_0128,38.074116517872675,7.814635006749694,0.5621411699954801,0.467475703669257,0.14230403777641393,1.7342639471770453e-20,1.57608185442272e-69,1.0464252724816783e-22,1.3579302989228032e-75,6.989528327924676e-14,7.949161586798384e-49,1.9347976115062763e-17,3.232127526153742e-37,5.755381258609299e-43,1.4589374431786229e-21,1.84548525157136e-52,8.164086808355841e-19,4.47322302937327e-09,0.186026856163721,2.0308120958463927e-08,0.00048745277016527014,3.211992982181802e-71,5.069977915109097e-12,0.1164906024435948,0.34360796406539623,9.262497979851176e-10,6.678049105547582e-73,2.4494610096472195e-31,4.536717340008897e-11,3.0962368486771544e-25,0.24290972321145182,9.973358606401203e-132,7.444912834022398e-114,1.8375372788546387e-17,0.11047737558757001,7.124677570311237e-54,3.609903946301786e-44
sim_strat_0129,51.89990336028243,7.392697753187808,0.4410341145498923,0.5381234908641556,0.11218764844337295,2.086037124949265e-15,1.1468641891043443e-210,3.1352454320972354e-35,3.308685242786541e-166,1.0053493611390675e-54,1.0281463996378221e-53,1.3965592650654804e-40,9.689527482977408e-29,6.139713983220358e-31,6.881743852804647e-19,2.895493145966813e-97,1.638207235748245e-116,2.4770481367572205e-59,0.2740443691053092,5.417833231518971e-25,0.0007894914082171082,5.167557354901619e-56,5.692281351608003e-38,0.21826822856028452,0.3049374741351889,3.1846784196877258e-55,2.224819257377588e-54,2.0277161057986445e-65,4.093283275450253e-16,1.1786787458510364e-99,0.18564350704711832,0.007411717516653391,1.2984377947923085e-50,2.225605154661056e-36,0.008905166230945814,6.268058693043092e-74,4.599628019778191e-08
sim_strat_0130,45.454011668999144,9.362366155306237,0.5959877393338918,0.4375757023514836,0.11229701392394137,0.0005774514597779233,4.433115456411212e-06,2.661034511561637e-46,4.529209822484046e-18,2.3540750439914264e-70,0.094797458942996,1.7312125950379473e-07,1.950646921727225e-99,1.5858941146899043e-55,2.0920108637960386e-11,1.900863988984278e-22,6.351199024049564e-75,6.413942685403285e-46,0.09242391019459836,9.889926841712946e-48,7.461003002107647e-21,0.014270351715203583,0.0006673354125222523,0.19994891523265862,0.15420734287780494,2.506704119698767e-35,1.7351035938788834e-23,1.8769847587975445e-81,2.478240900593135e-29,1.5017761920837596e-17,2.6780032434519507e-74,3.3914288561560383e-16,3.098195174303576e-42,2.1811003565871806e-23,0.12365679494344661,1.490752800213712e-05,0.3194309254353531
sim_strat_0131,9.0355334780845,34.206181696729935,0.18308534742490815,0.40177965504743807,0.10923787142698797,7.640109516407233e-149,1.3411512674004819e-74,1.4433960943171402e-47,2.498918821194894e-49,2.138358123770791e-85,1.7304841825229469e-34,2.1350422307742163e-95,3.444952369111078e-15,9.55082917467443e-21,8.151013391989269e-99,2.1593739984225615e-17,1.1438047682007712e-09,8.597707122141911e-18,7.721863247151379e-44,2.0082850199996836e-22,3.706300105677083e-32,2.785275629469579e-41,7.887402219590251e-123,1.002045369004377e-43,4.1115607304743976e-16,4.343671165596911e-131,6.636083268565586e-58,9.92502697933445e-86,0.0003110697027074167,4.901700307149785e-76,0.9996889291468275,6.656466014373517e-12,4.735388123801078e-91,7.450168817917264e-42,2.925542726521093e-44,3.5432966026969415e-48,1.1179576747462287e-41
sim_strat_0132,17.556796659920728,21.883647887340043,0.20923807042970027,0.47534678004239667,0.24246597039125387,1.966944618145069e-32,5.3018991937102264e-15,1.2751134728124814e-62,6.644210815907241e-100,2.6707052177139007e-08,0.0001656754544537606,8.789447626891e-74,2.4929264923117848e-116,9.581142345244184e-15,7.150886131020248e-50,1.0619451441611302e-07,3.65911195435211e-43,1.530663491382295e-17,1.7134690250394586e-19,6.78293637978393e-72,5.484003555660548e-175,2.909921173526708e-168,8.956693223067297e-32,1.1881067103652111e-89,0.2131798750027141,2.0273085943043346e-12,1.0896265893475482e-24,6.344771561689333e-56,4.322013564593864e-62,3.300212709950419e-30,0.23603410803942412,4.158229354597458e-61,0.5506202085997991,2.8672159032050765e-53,4.46541425999937e-134,7.22833362109489e-17,6.248696098167021e-36
sim_strat_0133,19.575628998769773,13.595386481598936,0.17270490464049038,0.4015137893928013,0.06435292718323243,5.108871678685747e-31,4.500559456128568e-52,2.7651804223836558e-27,0.0011304676448016123,2.6711149886907032e-43,0.0044415715888556214,3.74579273569244e-42,1.3442239427705638e-38,2.7896136080093604e-65,4.8475741302490466e-29,2.215917066140405e-12,3.6686438565955148e-16,1.0384447148665073e-47,1.338044129716568e-259,6.352409125793523e-47,3.31582394556873e-74,1.6446029352014234e-60,1.923078511210469e-33,2.2718175275040358e-68,1.1610204787800743e-78,5.615761136740941e-13,2.95412541048285e-16,1.4785884755612572e-87,3.3987599645778673e-10,1.2165407922727886e-74,1.5929287828613059e-87,1.875604145549117e-34,2.4212192537082633e-14,5.635461096341007e-18,3.0186471495613527e-52,1.4224246680352328e-204,0.9944279604236643
sim_strat_0134,29.8040799988715,10.280053422580114,0.2072004007377421,0.5403958095020385,0.0895487094634544,0.00940696812838665,0.004919560638534125,0.030737831738506468,0.05696589035156852,5.920352129824175e-85,0.3013574792246753,0.007352762077687836,0.03374550827959798,0.01081546920574013,2.5030778785042964e-05,3.4534961187091573e-39,0.01577588346782063,0.027341487976681435,3.067208034137844e-42,0.15684068896393324,0.004334989368608054,3.4036432583697633e-69,1.583550767036184e-171,0.0057375279972341296,7.905967743079396e-26,1.1231021203006343e-20,0.18427702865239945,3.4314420872090846e-12,0.01712159396903541,6.545533013681712e-12,4.719331364077148e-22,6.193391988934477e-29,0.04504480955583479,0.03024049644289546,1.9707538983315123e-07,0.032028625752795546,0.025930170343913112
sim_strat_0135,3.0341324456796497,64.97382832166733,0.4669738429387794,0.49803023985059885,0.045448412562771615,5.6524812272222915e-12,7.352128384001186e-29,8.65039483070593e-20,1.26411820367788e-06,0.06508192997550154,2.3093910598986251e-184,6.42434064955029e-63,6.344112918410082e-11,0.03460186504373729,1.0969309094385246e-16,6.895225963453844e-41,2.7788789840249506e-45,1.327361330282206e-31,6.133942089176667e-26,1.407703090457622e-33,5.755365394539969e-27,8.247413011898132e-83,4.297143718178037e-30,3.41865786794854e-11,1.0409238771582052e-231,2.8389349298041845e-72,1.2586422601108192e-77,1.717126666098095e-30,1.2399293398319817e-69,6.368810422764744e-107,9.602490724199937e-45,2.0589055621687137e-27,1.4522403359941128e-26,0.00010810264351870766,5.323825553242209e-19,2.623245445096684e-11,0.900206838089526
sim_strat_0136,19.026228732853703,17.319821747126255,0.5924201822304977,0.47107722917767253,0.1194314581263922,4.1461382386134806e-16,9.456644279998249e-10,2.517308080561854e-165,1.890423379092486e-84,1.8755996675505696e-05,0.2492293350684881,1.9783588720497786e-23,0.0001826595184835678,4.560124292516797e-69,5.78333913534321e-38,9.266483426502419e-08,6.965308252603975e-23,2.1269688942716237e-105,0.09133902190718689,1.5858322747611654e-09,3.729171932873794e-10,5.104419604039287e-66,1.7258536400674088e-53,0.49502084653541845,0.11459433436766382,0.00018495842360615502,3.8355496030425183e-193,1.4534364547830183e-55,9.720030132673154e-50,7.922269306706488e-31,9.616512253919145e-31,6.388890962586091e-43,1.2103970033476168e-79,1.1187875380429644e-14,0.046491761215744144,0.0029382313974733432,1.1331704737511076e-27
sim_strat_0137,18.916722469790763,16.69786163740802,0.07516840289727256,0.5175912657941308,0.08821678766286278,5.8118436751572284e-09,0.24409228278762812,2.977823606177955e-13,5.334047694479966e-12,5.023859389438617e-10,0.04017849279321316,0.00043135233092508136,0.06854120753320758,0.00740881828774373,3.37627445476796e-55,0.019651139184616292,0.00014730845253907974,0.039919244820867714,0.14393048256060742,2.3146192390319365e-05,0.0003956578033685729,1.324035410494117e-23,0.0010075487876276903,0.14899294218633488,0.11648654751204965,0.00951130393621331,9.002774932979576e-07,1.2579683074491494e-17,6.729548329279842e-64,2.0729156604007636e-60,0.08905782669604091,4.6186303062936785e-95,0.06986155898732731,4.8821263482411894e-20,7.954911847666509e-07,3.971608930056632e-10,0.00036143666159884193
sim_strat_0138,22.429461810194752,13.127565485917831,0.05855955254113787,0.5399228961170737,0.12258675148905968,3.71774889475281e-65,0.022079878527726873,0.019978200057150407,0.11645935554253298,1.0160103551933994e-29,0.3327390069497181,3.707903258237742e-05,4.447872464212559e-11,0.004055334991604962,0.02114451761569098,0.029456596174827536,0.0458070904155755,5.0551287536209294e-11,0.00039451223859952563,0.016517241944779302,0.002613836775159823,0.011278677783345441,3.7862108824965585e-27,0.027290470807414438,0.05132189332636706,0.0047918930155825875,0.0026300172347551234,1.2006762893553167e-05,6.235077736000677e-10,3.323435156372501e-05,0.011003344487288031,0.18816702397766263,0.008395930573035483,1.0478526408461877e-13,2.881116916487756e-51,9.381914079066896e-60,0.08379285669550103
sim_strat_0139,12.266165303937033,15.542383308904572,0.06775851807446946,0.4792427467846924,0.19346132992591306,1.3673743990116397e-06,0.00031695103045801414,0.002639546443412811,0.021476397555506455,8.855261429239464e-142,0.34800114068616594,0.0003305558269245808,0.03202604836971311,0.02950246005865098,1.0752810857794298e-07,0.0015021600548410139,2.273789768660332e-07,6.971295330071073e-06,4.309631717189518e-31,0.051610797559850555,0.0018356655541092316,2.835389268956196e-09,2.024104681442212e-22,0.007266425744345472,0.3630876655443328,8.465177019135191e-07,0.017914323653407303,0.0006689174400820474,7.948238754968205e-75,3.7413120652240367e-13,0.01894083445275573,0.026485100472117797,0.0022785937967070625,0.06696695241288562,1.7293553043818324e-08,2.545005209816528e-07,0.0071396686193799345
sim_strat_0140,12.524016766292792,26.70618023257639,0.21550876261351243,0.4653588435926397,0.08606921304667266,7.271793224165952e-30,4.435733415574972e-53,2.9308172699225217e-81,0.6464758928858111,1.1094820086405696e-21,0.3259588383217695,3.8407609954998504e-94,7.679823295911707e-06,0.0232898377985361,3.5146463950753126e-28,2.1829415780419103e-18,0.004071083637801916,5.892502041394942e-175,1.2151395533293338e-16,7.537822377785194e-73,1.3572094305598883e-30,4.277822178246011e-08,2.764866347760319e-11,9.518511934752721e-13,1.3722265480754783e-09,7.632703552011477e-28,7.465002032626995e-34,5.73344627883819e-59,3.869580611349941e-81,4.026950908585028e-17,7.726797532315239e-141,0.00017653565173004744,1.2157508303549692e-24,1.888369026422014e-07,3.1900707115145665e-18,5.05081492171367e-19,1.9898865103944513e-05
sim_strat_0141,5.304507390034112,55.76002488526122,0.15151508328656216,0.3897042576464541,0.2537742045895503,2.513441755129447e-22,3.853236637012142e-46,1.3399955977024152e-40,3.457570947439506e-05,4.389334096556288e-98,1.0737108714475e-38,1.1894574753458106e-22,0.6698306841663079,5.664399271763807e-216,9.350889477675262e-19,0.008822742699012917,2.6167321990299167e-46,4.1457303289141624e-09,2.0623097367655667e-10,0.13985651613659758,0.09116663342387708,5.256571679105138e-06,0.00729655859750018,0.0006743719654756288,0.08146476809469697,6.782233778326051e-34,5.693128118091808e-17,1.4449066854456487e-27,0.0008478882834168653,8.784339427063919e-72,4.044841190163681e-40,1.0933734225199977e-32,1.4178182218196745e-16,6.923158663310694e-107,1.044270578956789e-79,5.0537365062555265e-62,2.3166627288911844e-47
sim_strat_0142,18.705922584889766,16.015883911569876,0.08771934000941449,0.526229387277288,0.19034820660135804,9.023245319180261e-06,0.0008823997009641379,9.328467078802476e-30,0.0015401999874198316,1.5058152876078578e-98,0.19533921223434514,8.224836732298049e-44,0.0130963310997566,0.09185812319274672,1.330420093071975e-07,1.9618650678828893e-43,4.622485580998352e-45,3.6035166659036704e-23,8.440360694625594e-06,0.015303198269878367,0.017068275183232798,2.015436330733236e-30,2.0943540797859267e-12,0.21938959136319525,0.22541576811709876,2.4743632633308233e-06,6.082297189668363e-10,0.0051422675182235325,1.1183389815709855e-06,0.07821352645749893,0.0033313477217961096,4.410001283538374e-31,0.12063203375381784,6.11390409782242e-78,2.4334009213169745e-81,0.01250345923769627,0.0002630762017375925
sim_strat_0143,149.67701743352853,0.5610068416187555,0.12101042746913661,0.5399586072161996,0.025971597475973177,0.03760581624514162,0.004069620671485122,1.1239782580801245e-07,1.8096605533047767e-43,1.3516402865805285e-23,0.04550111584750726,6.343216486954218e-06,5.2402229165254955e-14,5.99569414473065e-05,4.184878205861676e-07,0.025754631688574357,4.119204479990986e-06,1.4392279408312382e-06,0.022825523854640366,0.11509628935456655,0.00014094851075687213,6.601177313166751e-42,9.147081289289382e-12,0.043107115077692125,0.11899979204133578,3.748127785715236e-05,9.938791929284535e-16,5.619443393487702e-21,3.7640232447632073e-31,0.016660785198972492,0.00010239153742247698,5.675692744428186e-05,0.028818913022810352,3.1669904994828727e-21,7.433215604556155e-11,0.5411504256596135,3.524645518670645e-09
sim_strat_0144,17.894489469758973,15.899399115839003,0.1710068420787562,0.46177961276669366,0.18535289086998621,7.320878113127805e-63,7.301266295389786e-09,0.00014603403469597517,5.625726102099672e-51,0.6904329904764106,0.00032716402488686727,4.701294255314624e-23,1.9973239943679083e-29,0.03233000765893088,1.265998299293655e-144,7.19533332971835e-15,1.2386910240343287e-11,3.9347704527190545e-36,0.09474305291463088,2.9793424129144476e-93,2.735801246443498e-50,1.1806795124412766e-20,1.7537846927035613e-22,7.879542273989352e-15,5.686536870581598e-29,0.18122136465698618,3.5922368064878856e-40,3.3028434382652837e-25,1.0646826073434823e-06,2.5029242702116163e-14,0.0007936579024532033,3.7350834884647724e-24,8.315629212104283e-50,1.0219545493742519e-26,8.308771981563912e-100,6.139862065315285e-15,4.656334698514725e-06
sim_strat_0145,23.52122100784163,11.719963204716617,0.1659664163674662,0.4263758557999038,0.1728816733081455,2.2743467798718584e-14,7.88848785751158e-100,9.008659455173878e-53,9.731230413227003e-95,5.771087982022839e-106,0.8944943000947971,4.757351475091144e-17,4.051066820442911e-38,9.092725128241551e-25,3.6198851449585138e-09,6.086915124979176e-47,2.099923887964546e-06,2.313941409853201e-06,2.689497192691827e-10,0.02828985071015012,1.547421765711848e-27,3.995663078515246e-51,1.162456521409805e-06,2.0760670562959547e-87,1.335899485286146e-05,2.1800761360740987e-61,2.3602959455269895e-17,2.2580735502391347e-23,2.642200725629755e-34,0.0025226313976143334,0.07467415058680427,4.031208899830778e-70,7.288278537977388e-08,5.5122289964704166e-08,2.9249630097571516e-14,1.1057734522472903e-47,5.232412730041852e-31
sim_strat_0146,7.331655804652098,40.523335128190936,0.24733277059732559,0.4313121004405478,0.12215277886064527,1.1511525154576688e-29,1.0438220413990238e-29,1.2463580092186794e-14,4.465553489072364e-45,0.0016991939533299641,6.738748392225917e-14,2.7679529443163014e-59,1.5029438907861626e-06,0.0003776243546739295,1.1089899771182887e-114,7.10778402284295e-09,1.7402721739111648e-18,5.975209526254864e-10,3.552302784137689e-26,0.00012277459360824343,1.4886717291928325e-28,1.6571285194189507e-26,1.3281301801636922e-133,6.386753511960012e-37,0.9977911493531377,1.0492298961325977e-248,6.635629418097012e-17,7.576862306986251e-06,1.3112534347737252e-70,3.8416466545008836e-187,1.7021521039883924e-07,3.0934055982565475e-74,6.060185698284238e-34,2.2904009611820446e-62,2.085693462049337e-37,8.259553193695405e-36,1.8456991645454507e-11
sim_strat_0147,4.000624853926333,62.9251997380685,0.06983859944013966,0.5206419743106641,0.3917164078938102,2.846503322613649e-15,0.015530296504320723,1.6681661937060176e-79,5.646154520528479e-38,9.262867984832915e-22,0.17319508088641006,5.103773880594751e-27,0.08702412207408332,6.052274623204158e-56,1.0531599120345631e-196,2.817022811466488e-18,8.896430829603296e-31,2.4999943468830385e-17,2.4300294906655676e-08,3.61178676937318e-05,2.543965608290768e-45,1.4489715370899326e-13,2.5787116484341432e-45,0.284705092852061,0.12561972610652575,1.3518596717659492e-79,1.812430972656315e-65,2.3205761742212194e-05,3.84390806699559e-07,0.007787711188587507,0.11515373116400945,4.5463087087121777e-20,0.18451204427443366,6.510298921813083e-14,2.492193963325426e-16,0.006412462628818094,7.160602071317722e-66
sim_strat_0148,28.19612149619978,14.660187928934532,0.13091317546915987,0.38411945009959936,0.04280291747174536,0.3638583264455647,4.3422713597710137e-05,0.00032862861213928975,1.2928573171734819e-06,6.053831754284833e-12,0.20090127061076754,0.12616122820017628,4.686669660818052e-16,1.0407747844154933e-05,1.9504058099439075e-16,6.873393243865363e-05,0.09593505112260449,0.02449734636284597,1.087993102581107e-47,2.7956738148331685e-103,0.04084464742752088,0.0001629317061222166,3.302557105292213e-107,7.800568030811002e-45,0.00716526581918029,5.369182996519462e-14,0.09731490533827764,0.016745830911997207,2.0887573775511615e-17,1.2948011641379765e-38,2.4687219513289096e-35,5.099155526695093e-91,1.6825116026041754e-31,2.473983398962894e-05,0.024092009604651046,0.00023846186759914634,0.001605498879257879
sim_strat_0149,6.407682497158078,64.54428890393613,0.0896891114358962,0.519169314993072,0.10044156005002736,5.646578136886279e-07,2.0764791987902637e-34,0.0030806534100817178,1.5627499150673128e-08,7.516186299255335e-07,0.00261289946875239,0.0019239697584132968,8.729553172304315e-12,0.33081098779093004,0.04709756881486748,0.18563168276042735,0.003306862259062492,4.73423803111592e-07,1.437314499330266e-22,0.028410033991840035,6.78762412676935e-120,5.167116537249709e-25,0.1578203061768837,0.004785645326821477,1.2075209388985306e-101,6.556650268185189e-07,0.0003755394660412564,0.05094039774603545,2.5005687105760246e-127,0.032023459680416234,1.758006489906254e-05,0.1476113410161996,2.8394238963724275e-52,9.442737681594161e-25,4.870467188134681e-20,2.8057346351764016e-40,0.0035486112668262956
sim_strat_0150,16.033885291563994,7.272259240915268,0.09009229768589873,0.4940656221266336,0.19899676261225915,0.0968762565188477,1.0517233060387306e-11,0.014568296926065259,4.6394361493537846e-05,1.7592152547792942e-07,0.04043417670680958,0.03796583588501805,3.405861886250084e-06,0.0034671170858747756,5.528488699323507e-12,0.00033779545106062754,3.3089158594156004e-05,0.27106785960725704,5.780109224291625e-07,0.15578049445582726,0.08071692879439982,0.04391885459860582,1.7373484763151464e-06,0.006001617925927312,0.0005119525560867863,2.085235571507458e-07,4.007324427318607e-05,0.12302904720234938,0.023841679735466713,1.363677187028733e-15,0.037872766610477435,0.004802179487215271,0.014835371442564999,0.0015691462693262,0.0009956478771318675,7.572958402693093e-10,0.04128131165961668
sim_strat_0151,3.2546399070504934,72.30581706081625,0.031026998527902947,0.5764461676628294,0.18307976096113263,0.01788906213162381,0.021070368316775646,0.006841942332649963,2.636724148450107e-16,4.55693957812199e-52,0.1978937730941232,0.07879852256213904,1.3244085595458537e-46,0.022225871726024304,0.0011819097165428664,0.037128337560536885,0.0774977210392819,0.20495275062083282,1.2276657805057632e-12,0.005471891023022939,0.009118495418815353,0.01427944042482867,3.337262349292913e-16,3.7185865428940375e-13,0.004510795630857571,0.01891239741129769,2.247660131844045e-06,0.08413049178767368,1.2463855108362301e-17,1.346515393574493e-16,0.000706386291128563,0.006243701306968138,4.415019286885254e-45,7.137717232928858e-06,0.1461522157357825,7.579408040099606e-07,0.04498378254932531
sim_strat_0152,4.581028913185929,44.221736173227484,0.31085222195946804,0.7207346772733868,0.10326398885581832,1.3000871416739967e-58,9.339254186957855e-45,1.2575321511560227e-53,2.780673757278657e-40,1.544153385984014e-89,0.21588972480234533,0.042371346991450176,9.855255034988138e-16,1.0375373189241804e-05,5.169036518367809e-36,0.0017983679522045972,3.756482688337685e-141,0.7399293704838834,1.1659558236991126e-09,3.587667609939676e-07,1.765329413855875e-45,1.229049455437143e-99,9.390131178199772e-29,1.0719298141163663e-19,2.951718250920175e-69,1.163370113925511e-37,4.314559262677191e-07,4.8317171761458116e-29,4.2753544952171136e-37,3.0750126411977674e-70,3.793755704486895e-21,1.7218199974745354e-15,2.932475139067244e-41,2.3008281332338883e-08,2.071637103238342e-55,3.417564070498742e-18,2.3309357378181192e-80
sim_strat_0153,21.579568410492314,11.939121694089742,0.07732439268727719,0.47844811648852975,0.13071135976906423,0.3395369660696446,7.295642140918224e-167,3.92856893805134e-45,1.1059007630023663e-09,0.0003038604719001906,1.45352856016669e-19,3.1407608268064185e-05,1.5396523090897439e-09,5.774330196829454e-50,1.1063744512642294e-122,4.7516666440184156e-33,4.2572906258928365e-09,0.18057026415881447,0.000229394213716248,7.247743127134205e-24,6.187217473060743e-21,9.801251207252206e-16,1.2521500254865028e-11,5.261978096462489e-19,5.913287205693532e-106,1.857326844447324e-56,0.47736183001954824,4.245021540881116e-83,2.412259942532926e-22,2.4181152189802967e-59,3.134611191827316e-50,0.0002481393896227006,1.2418008933960645e-42,6.973388850402693e-14,1.5624656222050998e-05,7.686238033278377e-66,0.0017025064968274751
sim_strat_0154,16.228683805768732,24.191839580570754,0.15547951686289468,0.4201651324587608,0.10414787126339518,2.4898678551029184e-37,1.9338923550651615e-41,1.1870313102273205e-05,4.1507440333216774e-39,0.0002315536031508216,1.920803348259365e-37,2.7236128113970026e-23,5.028768565659502e-22,5.004787942041214e-31,1.529239342030391e-07,3.574519273386767e-57,1.223605025903543e-07,7.104637739105323e-39,5.741321174589789e-13,0.7518503944150853,4.860596259891287e-46,1.8081584902082412e-27,1.6035887744325098e-06,3.790690547085266e-50,0.15052143967029277,6.3076787244377256e-58,1.0329387149019219e-53,1.2716818710753866e-37,1.264594287631586e-06,9.688286882925333e-71,0.09738159839457505,3.180492731343117e-84,1.0102173676139154e-26,1.4301586226556047e-87,7.860018442077515e-57,1.3572105742026372e-10,6.828773814831192e-60
sim_strat_0155,14.855105513078644,19.028442671848968,0.09499221686462703,0.5259588451083678,0.10621289529795125,0.10046411616731354,3.0508001064107956e-27,1.1855668053684651e-18,4.49999350706239e-06,2.4322879589376446e-19,2.0698609756703558e-05,4.1849309549905096e-05,3.3172177504907046e-165,0.0003670254964032701,1.1860194433267887e-07,0.07344112887889563,0.0041951500478411815,2.0581095037293755e-46,0.06841057154964567,0.36863365156074596,0.001900293657002285,0.00556659061519622,0.00015207708824088785,6.430015424829104e-80,2.1610983577794012e-14,0.031504105752416335,5.829052621901072e-11,0.06719717446751644,7.452132590764738e-12,1.9893819618020875e-19,5.469276047729757e-15,0.0001345708937759685,2.6051112361721673e-11,0.0019483560184156794,0.2760179724924668,1.6431187340665827e-24,4.87075452597857e-08
sim_strat_0156,5.41920770199974,59.269561663179026,0.213200314874921,0.6392853704735953,0.09603100543422073,0.11338984666950039,0.010549802105196663,1.7432221256202441e-34,1.880822056893971e-71,1.3672103780698798e-13,0.23378140590268426,3.685469544218393e-33,3.6575797603078503e-10,0.10268413165260781,2.0164227978521978e-78,0.07080508352405782,0.015499138565824239,1.176334410860544e-17,0.199297282405443,1.3342813000443861e-84,6.607137535844336e-07,5.226565799865891e-09,4.120241254324134e-73,0.029296687604769972,1.7946289466690236e-06,2.9000058781922828e-05,1.6342332246866596e-39,8.962267154361747e-05,1.8684718312224155e-13,1.189175824030178e-16,0.0005168976962702822,1.9486381539259136e-09,0.21560337262930052,0.00845526563003377,1.16265645247193e-21,1.005051960977383e-34,7.5964877948008415e-31
sim_strat_0157,13.553001985583746,20.430523881303802,0.1801020886763273,0.4172298147186458,0.12604881733772083,7.431770462312393e-37,0.9996989618312093,1.842340758067063e-77,7.6623933783243405e-162,7.01598440583097e-39,6.456999513580747e-06,5.541608176370916e-64,7.538468050439042e-22,7.644076621542906e-19,4.531876926307321e-89,7.0858973596556e-69,8.393671123159157e-125,6.828972758095269e-17,4.619352660821881e-23,7.939307778867117e-52,1.5949237020743832e-23,5.977538632342212e-27,1.0715297911913207e-79,5.3069071562217475e-48,1.9307254790640775e-13,0.00029399085058668756,1.0454913097155338e-39,7.280556062653817e-28,7.020660915486836e-129,2.4841693933834903e-58,1.111868907421067e-52,1.4145796005434402e-18,4.609416706738795e-28,5.690167953008267e-07,1.7150522365732958e-48,3.2521396485268026e-139,2.1301701993636922e-08
sim_strat_0158,4.495977971008968,74.91299774973379,0.230236572533973,0.48603373872785943,0.08773294470964393,1.241845049370912e-16,4.293482948393731e-18,3.175317371605843e-68,4.231596904725565e-26,2.382046660800478e-97,3.0110588121925445e-27,0.005616988559052689,3.1109064507021963e-06,2.781721205145831e-42,5.427701669526187e-06,2.4883145436595576e-24,1.152198187326781e-09,7.274929324990865e-11,2.4602962357505112e-36,5.00539742016029e-31,8.013329207079052e-28,0.994355983378135,1.6026097916552218e-18,1.5851214888776946e-26,3.0068867717569627e-10,7.573245418972008e-09,2.7613092124715045e-61,3.634784965512253e-38,1.1797325886416636e-59,3.2389188233029015e-32,5.866711495674876e-14,5.166939803530823e-37,5.574510910075683e-56,1.1914286644645234e-83,1.848027393198684e-05,8.181969490074765e-11,8.522310033188197e-62
sim_strat_0159,13.123506773565387,24.275187345166223,0.2218103586378839,0.4453267261311194,0.14255373096951948,1.4873770689901744e-21,1.9983171982072375e-18,3.5049529204032264e-06,0.018336567895574633,1.8931802657049118e-11,0.0031482363521975433,6.878719536574513e-20,2.3836100722260418e-09,0.08592290502360174,0.06975141798815375,2.6896783083038663e-79,0.03617029726137909,0.0005317375613831273,0.052256263679710084,0.06919507315136829,7.885311303734243e-28,2.5795574573464216e-95,1.7590290969219342e-13,4.444054571079578e-48,0.2700038792039368,0.0014268453885179452,0.015244974231729894,0.3075692538111004,4.2116299514019375e-22,1.3001650885766334e-06,0.022865817741932845,0.02395443711487706,6.909488633744461e-47,9.50675497571662e-180,4.622401250778027e-46,1.080424243119117e-114,0.02361748607380985
sim_strat_0160,7.203936049238773,15.431196845071023,0.026676302104717407,0.5835433640470747,0.28951251698064057,2.8244071495339654e-12,1.1376536148985072e-25,1.1375128724477344e-10,7.403058989754156e-49,7.495156496792547e-65,0.0005149062074932755,1.6602145444967948e-52,1.0296539784224567e-05,4.926564906596374e-80,1.821945765016356e-31,0.0006411921951706011,1.1999377453609754e-124,6.9747834030104e-50,6.269178848691359e-57,8.21631028199119e-13,6.754144124053782e-60,6.623623872036669e-35,4.32006718859261e-06,8.414384480734992e-06,0.8355781989290568,3.11053799635723e-21,0.15703500244591112,7.726215768104907e-24,1.361866092904917e-94,1.9957002032014946e-40,0.006207444770223832,2.3349815361189998e-17,1.569120962817486e-07,6.74311739342846e-08,7.854555347978001e-26,2.9850805416582514e-40,2.332026451442479e-14
sim_strat_0161,46.59493846797572,7.024148765307324,0.498189523640588,0.4592894938393519,0.11424067739600162,4.364666608309594e-34,9.741662154196809e-17,7.329801593129174e-21,3.7941885337383604e-55,1.250217096490759e-37,0.01952905572945728,4.0476950833554916e-80,1.1945200631307905e-138,5.637798726087123e-96,1.9873971443502094e-08,2.0725209366144244e-68,3.3660753865081746e-31,2.149254770401952e-09,0.3778074417690525,1.5026162099690072e-26,0.0019881688887366422,8.72436141938488e-61,8.989377076102008e-201,0.00035946224671856074,0.289995496320781,2.707283571608877e-67,3.332781317167366e-53,4.307767828048994e-28,1.1929832679110641e-18,7.829918582232388e-27,0.29180591007536116,8.072108612079076e-08,1.9148479227880043e-38,1.7233846650533123e-10,0.018514362053242084,1.499155264514147e-66,1.578749829351912e-89
sim_strat_0162,46.60474692101829,8.249833105801818,0.4853137253327816,0.4705125444287535,0.11765642496315232,1.3669623581864237e-63,3.8272610359556073e-26,8.051091464673368e-14,3.141887206040813e-05,1.0035290010324965e-37,1.9440635895405645e-10,1.3468742662156366e-48,4.989912514171918e-80,5.35537800514993e-36,5.767241218682899e-13,5.093088435106573e-29,1.0150868940105394e-24,1.0451169829620355e-104,0.10627282650202263,4.659810131386108e-19,7.045199200953028e-08,1.2133796634605876e-10,0.007123494949747197,0.056749816112301676,0.3007749030587429,8.650331336883133e-94,1.8194571784277493e-46,9.822811744804446e-14,1.3567624299693266e-184,0.00018179615089692207,0.171827634476962,1.0370608048814808e-110,7.334712073152024e-22,0.02791460133569689,0.32897159520647895,0.00015184256659865643,1.0654399737233385e-38
sim_strat_0163,39.85647899843978,7.6135065431503275,0.6222684821240303,0.4660182713916421,0.10496389887707148,0.0,5.736033392337328e-97,3.9074779137846874e-54,1.4857370490689966e-41,5.320623534110072e-127,1.0393344087684537e-31,1.9501845398804688e-54,2.543806038920209e-06,4.8768408495657544e-93,0.012108220367035225,1.7757221225261977e-39,1.1469174452836195e-13,1.3180670547151652e-33,0.021306003453158452,2.1240950382485793e-05,2.1991288911141698e-07,1.1200628504357286e-62,5.367526605808708e-10,0.007430808642358173,0.42192332404610233,1.5300884258106518e-07,2.8940038211833254e-169,9.466954734321162e-64,2.732106375212926e-26,2.0319270048767398e-80,0.40739338283458293,1.7290179909410334e-104,1.0354754311992032e-105,1.3764496648060634e-63,0.12981400688807673,7.94054628668757e-10,9.475961112486456e-08
sim_strat_0164,48.35053188481333,9.008246613330902,0.5393993918461939,0.5561675035006721,0.09549635870360612,1.3029967114038958e-05,6.691730568174564e-09,2.0067313868427697e-72,4.368767701335867e-36,1.1037660622807598e-101,0.13629624780482405,4.4436798213360476e-51,2.8158113581469384e-22,3.232104696515743e-08,1.849636903679058e-05,9.305751825035157e-58,2.3735870708399495e-244,1.07412904197252e-98,0.2711501768599216,1.1764666428271825e-57,8.784001095174228e-13,0.0009782298553064985,0.0018064275424729574,0.04441542236229194,0.025224239283568383,2.2688241305793363e-111,7.677591274133646e-13,6.0600243002566856e-05,9.368766238241234e-08,0.013134281722465082,5.844621974212208e-50,7.059959962917731e-09,3.696497039742949e-22,1.934897655053515e-09,0.3317120215805846,0.005709153119222259,0.16948153159324533
sim_strat_0165,7.367475041866346,35.49882722875032,0.22990299964823718,0.6207829216005198,0.07513082220905881,1.9124468388161572e-31,1.2218625698559022e-13,2.945601182978131e-07,7.626182573517767e-64,6.016566392063325e-27,4.580821119959443e-22,6.789920256826995e-09,1.9806590645836742e-15,8.89082650134532e-42,8.762395192312022e-11,3.502329991880504e-57,3.1081867976131307e-20,4.523338455868504e-14,1.17280991481116e-10,2.9996556737301307e-92,0.001132909283108692,2.6433240138781634e-25,0.00011253463607733794,1.626431875578355e-49,6.311427136945749e-08,6.427041732064341e-35,3.336254557629379e-84,7.054447705708083e-41,8.029950449859735e-74,1.3425964902656671e-163,0.9987541914114298,6.392996059108037e-22,4.1009809724014144e-69,1.7933280433704633e-55,2.969374656544514e-26,1.4251502245944514e-27,1.013845093018227e-62
sim_strat_0166,19.703680821340452,23.36134769114579,0.1949227088719598,0.4706705642625357,0.23469066737796443,1.158384006631991e-19,9.44272449469458e-60,2.0319067278561875e-11,9.253581718891844e-09,2.73174892668801e-54,1.2286885745648052e-74,1.1182835669326154e-15,3.416238389233581e-10,3.829377386485942e-113,3.714011498399964e-11,1.699087382582525e-13,6.927306265990585e-36,0.010052293814486689,4.741969122185226e-05,0.046980525696179526,5.689425347727762e-35,4.904974873950314e-58,4.671652982352645e-96,1.8448377047075699e-47,0.3285202962914908,1.8080857176893176e-100,1.1561745442183084e-23,5.86839703230681e-19,5.093302136425983e-34,1.8769750899808356e-156,0.09482577100588362,8.733284207053069e-33,0.5195736838479016,4.8272966475285795e-24,4.9399005797850356e-188,2.7784127353070366e-42,5.785861084877603e-44
sim_strat_0167,18.580021747083624,14.664690855369471,0.16687655526016756,0.4139435355898918,0.08661822777000153,1.9897338670096408e-27,1.699278921940093e-45,2.3536123367151885e-142,0.021315349709655842,9.349002921312922e-144,3.5413842531591955e-33,2.4387749743270733e-57,1.0720909546359377e-27,1.3729586529452852e-115,4.799469108074418e-17,5.94641345391982e-31,2.0902402201739224e-24,0.0002321638234548778,1.985097298115535e-52,4.0868983971901675e-11,4.542218385343191e-55,7.822183156987606e-52,3.4709366394599425e-90,2.9499788002601317e-118,2.154366750666558e-06,4.2440570806630156e-47,1.0359852386936416e-22,0.043122031433500234,1.8790141494332697e-21,1.3046490172242834e-32,4.713740154032255e-101,4.553674766068658e-114,1.530556388985457e-72,2.9468348557453468e-12,3.6400056638609856e-49,1.1336405625381744e-27,0.9353283006228226
sim_strat_0168,33.57846833472337,7.7436140093989065,0.17706082816720348,0.5440567996652625,0.08991224603774593,0.3637287623740203,0.004928746846397738,0.06901291047727617,0.05264045559777755,8.100590001536114e-27,0.0972863255320389,0.020315764579381085,2.6536444759131595e-06,0.02502899060543429,6.134122226052905e-09,1.072475175508792e-112,0.04246699792429386,0.005968361316833587,8.417515213697672e-24,0.0015758309743279305,1.7913276468663369e-06,2.3778306666937326e-13,4.0569147077179726e-55,3.895267072944382e-06,2.078921855654984e-40,1.5674745215145838e-34,0.1042894515442358,4.4734896516687746e-05,0.0008946372018319186,1.1284568744507472e-24,4.345550788773773e-22,5.9878895383672986e-58,0.16974503098601768,0.017080354548427386,6.751135154115192e-08,0.014222601448462806,0.01076162926181889
sim_strat_0169,2.767541298561298,58.52709581760578,0.4300886252383654,0.42649703010423967,0.05645534594279368,5.870089813540528e-12,1.4403136564520229e-96,8.370671438102065e-73,0.023627166672067837,0.0011837520395338095,2.2815707822661228e-99,8.746332186693594e-32,4.523227583986328e-84,9.99323831962519e-51,1.2085432058128513e-19,9.104252697978131e-11,5.777314002840801e-12,6.224348098316473e-73,1.565654061067346e-08,3.0344226820808072e-50,3.5305750663119423e-69,7.170741081707192e-13,4.3422930717033405e-35,6.416482545413802e-49,1.2122235897391726e-131,2.357161989382397e-83,1.2012878081003469e-46,2.9903821031031106e-09,6.888034215927766e-42,2.8570399936080698e-56,3.645132653685065e-14,2.5910530779846566e-16,2.937458311724732e-06,8.040912315130198e-26,9.605804806503635e-33,2.0436077298141606e-70,0.9751861250797201
sim_strat_0170,21.261676849715496,16.911124109076,0.5455079376617855,0.5526714988746733,0.12065086927737614,7.498420156922745e-10,8.380385674035514e-24,9.488889599931952e-29,1.7421950695975518e-14,3.216394168660115e-40,0.33894121037235797,0.007373540376526994,3.846830944283259e-101,8.400896579504272e-26,3.360256386443662e-45,7.765398651225001e-38,8.603228072654193e-35,1.328266856742645e-09,0.1927394512307057,6.402191759486783e-59,7.38831394010846e-07,1.803941587375344e-61,3.3552721101119106e-33,0.07200121697663267,0.0937381158930765,1.4385620370038015e-05,2.675558601103778e-93,4.717847523121656e-31,1.9745990793635312e-17,2.4667467201726595e-07,7.834109207528995e-183,7.717619191807496e-54,3.74578026648347e-66,8.405500940282995e-39,0.269838233244151,0.02535285870198684,9.591796699848174e-63
sim_strat_0171,16.03317648104334,13.858288246115642,0.061882708695301415,0.6025657659397121,0.10270233972110615,0.005517943595249178,0.010410205347799927,7.234812316106342e-06,1.6495449912958762e-07,5.004509773563999e-107,0.19954712613708928,2.8615836595128174e-13,0.0004573882336656978,6.1614226808938265e-06,1.0447236102321275e-11,2.005803840023094e-05,2.6411068496736747e-06,0.011833854411723608,0.11681015194284462,8.175373737368012e-11,0.01801166534505041,0.02135619397080483,0.0019563511258328574,0.35742118206872814,0.1413186276108053,0.006485693986628354,0.022055138670493763,5.7897474054074795e-05,2.017916553949736e-24,1.3987967556546535e-293,0.08211934366177201,1.135937546456004e-53,0.0008736997757397667,1.4703624291930728e-19,6.171829919754792e-61,8.071774401576281e-38,0.003731276214485064
sim_strat_0172,19.223023450242103,11.987398138151493,0.0677459283298066,0.6090975825333762,0.11685115563374923,9.0953303876176e-21,0.0028329300380926493,1.1215922642303187e-05,0.028411890570418194,3.8209872875516515e-18,0.17045548403329125,9.873947312422696e-06,0.07750300056528629,0.10439305154011053,4.847585990359682e-06,2.3348510747502787e-05,3.431995782322061e-08,8.134371563394719e-48,0.008077620564258817,0.005803501379633433,0.13493130272936726,4.4859669363160963e-10,1.707857600499017e-59,0.07787549048991349,0.26609067862370445,0.03508769442242209,0.014188736353485202,7.926925500108948e-12,2.3472417120216348e-17,1.748667686560778e-05,0.019111218902548528,0.0008690772076891702,0.03474623912760189,4.358438330523567e-06,8.05140093955802e-08,1.903477978040094e-58,0.019550837079797247
sim_strat_0173,12.289674636926103,18.692258300400287,0.06916536522805987,0.44155651640994803,0.20117733320754458,0.1213427480730504,1.7837285881603862e-06,1.2495786320844933e-05,0.005943553531368266,9.701443704001658e-33,0.12534914560418256,8.115028225409141e-06,0.001828361109038302,0.08067634466917756,3.4465156386026647e-09,0.004734855767747093,1.9307553236893346e-07,8.816804734722067e-07,0.012029183418212238,0.005297695588160754,0.00689119890111783,6.310394431118506e-65,2.6032768333176483e-212,0.041004676196334924,0.4758972276534164,4.81263032249887e-08,0.05105124472710597,4.746776086440944e-06,3.7468796676074386e-116,3.264256463966676e-25,0.00030372795365862153,0.00011354753972846147,0.02196200536470378,0.04166987231701332,7.679636410307508e-42,0.0005897082291305049,0.0032866357088077165
sim_strat_0174,15.944983892122378,21.861716157353538,0.24314440549556599,0.6040737365458851,0.1007304642509795,3.716956464117683e-30,1.8070979148715964e-15,1.7059633697351748e-83,0.6262805136809985,1.6801213491585593e-15,0.3734075385654392,1.4298764836631882e-75,2.419123850491122e-35,0.00021248863923448906,2.9684036691811315e-19,1.1489082304330384e-92,2.0610377846748917e-115,4.312320016599618e-16,1.7125659510598026e-26,9.96626384133286e-06,6.222157855327916e-17,2.0904666403427734e-10,9.101752042463051e-26,1.5831267527638185e-67,1.6753942173878617e-21,4.6080107954438925e-60,1.3766821449629877e-64,8.362891893217797e-05,5.876758557219838e-19,1.7031415405564338e-32,3.6488485578370633e-06,2.787436701325432e-105,7.082678612964258e-77,3.543339751506543e-156,1.776657668758773e-77,1.342021725574108e-19,2.2148739459424305e-06
sim_strat_0175,5.1934882613251165,61.353146187062045,0.18175237514307022,0.43629269080111416,0.31826467308711925,2.8655235242077034e-13,1.1236556124434175e-21,7.189488313409543e-54,7.494407345397805e-16,2.8318242939814243e-76,1.9489015500119076e-34,2.4504004621155692e-76,0.6596191004677177,3.3640547693532234e-33,3.742547698962458e-06,1.3772010889143371e-61,3.431475546198426e-11,0.038067131658710104,6.571083316173787e-46,2.6552487889329792e-77,0.11483178060744008,7.282697977409332e-10,1.4057747262081892e-18,9.998294796567515e-27,0.1872875033205098,3.213366108256914e-10,5.878062827474739e-64,3.332436640543784e-33,1.32407571245445e-55,4.686227655764099e-54,3.549865645647466e-261,1.4672442491664544e-11,2.087318876962058e-38,9.27028000842134e-85,2.058518579905591e-85,0.00019074029862402658,4.1841548164847625e-13
sim_strat_0176,19.35333897970236,14.140899343778152,0.09612241331573479,0.4401624939825317,0.19700396908358134,2.0386505929690485e-44,1.5123364285823517e-05,2.6762222758020446e-05,6.078777589999099e-08,1.7733408113266085e-08,0.08579538686322566,3.83915983986183e-57,0.0025664580898803425,0.0003470267965748982,2.1203378944403933e-29,7.690938661349687e-70,4.544230505672681e-22,7.010760423881769e-68,0.0021037918532858467,0.006132049706288672,0.05611893428573289,2.0744647366871893e-76,2.502967572311393e-19,0.2635403855401258,0.14277356959982518,0.0018001711410404293,0.001346441349255285,2.29348407915977e-08,8.051675029842892e-14,0.034773134684690794,0.006510133591946389,1.5676008563997633e-48,0.39250937601627733,1.1281711569144573e-19,2.951781040749768e-79,3.241926152366593e-44,0.0036411534387013975
sim_strat_0177,163.6375273154466,0.5761857103707928,0.11602731000710136,0.5657544443726136,0.033328875597500716,0.00040151013481855947,0.00026115521134367054,0.008865139586853532,2.1858124236678025e-25,7.904290561108106e-127,0.06416333239669945,5.646898608701912e-05,2.6692670520137494e-06,0.003931967629004456,1.9554898239966944e-07,1.9120501419874125e-08,0.0005991560028282227,0.0002490049161974204,0.0049772330984383184,0.00017848217382570623,0.0001410504905047305,2.925626877780827e-175,5.413197858304519e-20,0.007577184140340598,0.12711519165999197,4.1155704029698633e-16,1.25630626201511e-06,6.0178159078798356e-06,0.00848594644088835,3.6942452652556e-43,1.198840067346789e-11,0.020808510308187315,2.3694723169208994e-11,8.900253074947964e-32,4.442060569393866e-22,0.7272665550115248,0.0249119537180765
sim_strat_0178,17.26283451121792,17.500055614604307,0.181067157250675,0.5417895566460909,0.14680105406987573,3.952298038441449e-05,9.798414757386384e-06,8.179337972640012e-223,2.3367672041336664e-162,0.7946474910519952,5.623036518793388e-06,3.5794309047314306e-43,1.7534158104413767e-17,0.06517567777238269,0.0006936296368305097,3.6907537970722746e-201,0.021028105406900303,6.947816777104348e-81,0.0884650515889946,1.1621226821684592e-14,0.0022826369174989763,9.268338646231637e-09,8.041211294141177e-40,4.760028211665037e-25,0.0012556485253376651,0.0023167588872181283,1.347467607433305e-74,3.9530388340657433e-53,3.603692089608698e-39,7.478784426833952e-139,1.587647241459214e-28,2.601997090381507e-21,1.947422515143943e-38,0.0012930472954101925,1.310079729756943e-38,9.794449522930989e-77,0.02278699921742113
sim_strat_0179,25.49226902851853,13.546241528777973,0.21376840071667128,0.4694236241699491,0.1300181552339244,1.0176100559373015e-11,5.489417245989607e-73,5.183724287396681e-46,2.6183148993483673e-23,1.0328133500502165e-05,0.7410938519035617,2.8591898335569628e-08,2.918388379285316e-28,3.1767214324579206e-22,2.5998641361460496e-20,0.00025468006409041854,6.99164027096626e-79,3.247546676119441e-17,1.513919339405398e-240,0.0032540847348091016,1.7219697103716255e-41,1.1022852732208344e-46,3.4838604194393398e-99,0.12039850395282907,5.741648818921628e-25,2.0821100761566302e-35,6.37191949925385e-54,5.957584850535577e-13,1.4468131865480488e-21,0.13491110030721434,7.742230132483147e-05,9.00441289808081e-30,7.579603468375853e-38,4.5659051304536194e-30,2.0988993347939245e-28,1.8912421108660027e-70,4.285690144632146e-138
sim_strat_0180,6.920078548257381,46.738659921386294,0.2765663391448436,0.5528437229426312,0.11662827376096888,2.1698785551326163e-75,5.0263484606938315e-40,0.12216092738249361,2.38776461975985e-238,3.104088326205696e-119,1.6362045992721489e-56,2.651177734613988e-105,2.2579879788330817e-15,6.339017272545552e-23,2.567758139696128e-13,5.729091758627107e-136,5.047506726630973e-47,4.752700704865283e-122,5.399234813084098e-92,8.154518692398134e-87,3.3807250634737535e-24,6.368694743435913e-102,1.593656637472737e-130,5.88442636228638e-74,0.8762100342770386,6.557347866647765e-29,1.0574955269484405e-42,2.1533858220987064e-67,1.4224327044985038e-13,3.430519142907476e-54,1.4583485930209012e-104,9.62600116593265e-97,2.9789889462018483e-31,2.76129364738573e-64,0.0016290350476407165,3.2924259356953518e-09,2.2888123400963317e-115
sim_strat_0181,4.757052725486253,63.25215430146809,0.06855400484055746,0.5195780355127342,0.3454864477523044,1.554225468881296e-233,0.056089480300596295,2.2999457763258774e-31,6.487168512337008e-09,1.5261543762544467e-84,0.11177842035564053,7.76706298230112e-74,3.624172995505109e-21,4.889974604673723e-52,3.0042661656370016e-09,1.2641632417887864e-38,3.1329714046643553e-12,1.9583842875674144e-37,7.568399848605859e-08,2.0703348855016893e-06,8.72995487365967e-135,6.965103248329345e-10,1.0475223952529488e-18,0.05887649513819908,0.5036311594858649,5.16456611279277e-49,2.942568925434673e-25,0.003257069560919145,1.1034730263733607e-48,0.00034899978019129065,0.20814673851062448,1.2134532545895419e-47,0.02050487531418612,2.0889919914828815e-50,4.110311384967713e-16,0.03736456235157556,4.299224020749235e-08
sim_strat_0182,21.746917879054152,11.126293097546446,0.16307408536610213,0.546788621555648,0.048881941380995456,0.010433511720248794,0.00014233795679514366,0.05169291170032827,0.0013768945079877459,6.572744113247268e-07,0.04154719253519444,0.03211392535528827,0.014044407401124526,0.0006264407792210833,5.5988172407134386e-30,5.6124317986603235e-09,0.20341931962733903,0.4277951736067304,2.535670500452943e-30,4.493346760631125e-35,0.05763397716958264,6.699291135718077e-100,3.2107530878100696e-33,5.338371243295199e-26,0.0028854737508959625,3.043933204114228e-36,0.00572604349985208,0.014414754263243705,0.004835072567345014,5.321933015335323e-52,0.005214385979694508,3.674723891367998e-14,3.5830800371594e-52,4.252046091386851e-46,0.0019524653209564186,0.09581521239366002,0.028329836977631803
sim_strat_0183,7.303687908341939,61.636347163158256,0.07211544813438224,0.5601539669075739,0.0914130254971923,4.0202851887243475e-11,9.037685099440982e-21,0.003821641030716031,1.5629343691934254e-43,1.396076263714967e-44,0.08643866952218782,0.06507594227484913,7.1771852376646455e-34,0.025474109790270625,0.10877800044103475,0.022673623356733626,0.002640822793709443,0.02402348035006124,7.600930763671518e-07,0.046417992625663665,5.917644994413864e-22,3.55615408372115e-121,0.003604547767943355,2.120631477410836e-06,9.688174054732733e-28,6.940495705738729e-18,0.0003140252902307262,0.022166059847398185,1.8995003604757605e-20,4.000933673657852e-06,0.00014180236840869603,0.5861873426954896,8.224667074891369e-87,1.8791264832395274e-35,0.0018448375666279887,6.723931954769006e-14,0.0003902205801777468
sim_strat_0184,20.133882385838717,7.113815652933179,0.06250582914309312,0.5730836259601816,0.16242918883675736,0.041014025239871674,0.1408322597979413,0.06683157122456589,0.15677391236549215,2.1217567653314883e-12,0.058658695695060735,0.035571636440276805,0.02582999132102136,0.2216192348502094,0.0053336935463856715,4.144728493082073e-12,0.0035634907490351233,0.0021846616058259346,3.2763384184291227e-06,0.008089355440339861,0.005244685930791582,0.019912162931602365,1.2057733221356093e-05,0.12092162246550249,0.012362222966074787,5.185975251785673e-07,0.0006652854062575819,7.665826716268027e-14,0.03010898000754833,0.000459653088325383,1.7644265493676626e-10,1.0992878400422147e-07,0.030765603258346343,0.004300369914594473,0.0005118426697368246,0.0011838109253766859,0.007245269379082445
sim_strat_0185,4.060431195537219,61.878558819994815,0.027155008499167393,0.45010916543550783,0.20147974932359375,0.08087742943913892,5.505385464359879e-06,0.13592398870097228,0.0023465254208561315,2.0425163044953013e-24,0.28499080185165065,0.020952234272491942,5.9857445456897294e-05,0.002104980288452059,0.0015530178173303437,0.026098096967754687,0.05477028237332275,0.008883618430322867,3.836394438506761e-10,0.004277282341738851,0.0013911286783891588,0.00561604708965116,0.01828483955273607,0.0006231071986844125,0.003615368117739308,8.48558834298435e-08,3.143139856425749e-09,0.052699187081814695,3.665001562247452e-68,1.571929502902084e-41,0.00246837813230521,0.007546161125225371,7.414654977820485e-16,0.002228564827819097,0.1407586103042052,4.602617917765969e-07,0.14192443851202247
sim_strat_0186,5.567027011324153,53.79140512390479,0.33321095366035847,0.4821040180860273,0.07304444161876825,0.008000187243231798,9.245747615063508e-83,2.019190847087692e-70,2.1062067726374824e-54,0.0006180922962907485,2.105626511912327e-203,0.015571869896754563,4.819634519793279e-05,1.8511054288211984e-35,5.198071495646808e-27,1.097475941695067e-129,2.5120517059234944e-74,0.9757602084815056,1.9893942930114657e-84,5.947583515800995e-18,8.343587469320976e-39,1.4325077661884075e-06,7.127054220797153e-89,3.996726430166092e-14,1.2370032930981556e-38,7.361547181286942e-149,5.447576406894206e-54,1.8055626271124855e-23,2.2129381084193422e-40,9.240434654117087e-141,2.199562973902234e-93,2.031218408538462e-19,1.322921318718848e-08,3.776803349840296e-36,1.1551612438745364e-17,1.0343628356437897e-33,8.097247181007823e-27
sim_strat_0187,15.196828042570882,13.782273940079708,0.07858317398723298,0.51848761246942,0.13363431230775968,0.07294877718814773,9.874819347582384e-287,8.98606657285558e-25,4.250027233644549e-46,2.0520625315563647e-71,4.237681650916695e-13,0.003532783719312706,1.3933939865880122e-34,3.4545337075817364e-37,1.126465417773702e-06,2.0659820803052132e-80,1.7276076147736988e-106,0.19727288216733768,1.0507785456555955e-44,2.773658162597048e-36,0.00015461707353032312,2.7374204381817777e-09,3.564422653442148e-12,4.492851405742313e-26,1.5968313091020935e-55,7.623489008248124e-33,0.7260709797549298,3.147550791532097e-79,1.2592090247054325e-108,2.0766518079822354e-55,8.414598278445132e-91,1.154229316558545e-16,4.6282304186667753e-32,9.285797722963003e-98,1.188980874056356e-62,8.77315036804647e-12,1.8830881142022595e-05
sim_strat_0188,14.12617133824612,20.22363426004719,0.16916198297203927,0.42680638156451856,0.10551804221361238,5.357700020322769e-109,2.2525668054814417e-14,1.525767969092749e-67,0.000827852162272191,4.774783881808482e-11,3.854056121564053e-69,1.647880786309783e-51,4.6546828811007544e-12,7.921809177423304e-75,5.653951753211899e-10,9.256043204259239e-08,5.429070674033843e-111,3.1689749640690705e-20,2.065409642395556e-51,0.5820605164732392,1.9627966256551873e-15,3.970607921698826e-112,3.616809036858277e-62,2.861080824062507e-73,0.3261139958211271,4.640541467871527e-35,1.7068230423754163e-33,0.009499999518252767,9.673973719458979e-33,1.663235888674668e-24,0.08149730788732396,2.5519850638464043e-26,3.208107716154624e-13,2.3495352018303207e-07,5.720964044724318e-41,5.689426060084263e-12,9.891155285717506e-47
sim_strat_0189,13.77716847458673,16.85480321947681,0.09131650175737523,0.514043458134764,0.09537046372176641,0.02194574136570469,8.000022220547981e-22,0.021670127110226967,0.08803042429033756,7.719381970886131e-06,0.11429946533182184,0.0053044777049992345,6.467131669610868e-42,0.004142192354889062,6.708894393137429e-11,0.00014769954390429465,9.764121928769139e-06,3.2982653616084714e-20,0.006226237672019299,0.04441750244127128,0.0026009073027806282,1.3064162760431702e-27,2.5312804722539555e-24,6.044086702239021e-18,6.758563778020836e-12,0.11273562483562598,1.6122156524222637e-09,0.015104222066816374,1.2658981536157252e-14,1.7792539679444735e-10,8.116113121157479e-07,0.0037439504754157044,3.8865681051529745e-87,0.009803460808806265,0.5498094573128249,1.9606419393373912e-07,1.6339149046317478e-08
sim_strat_0190,5.607919810864567,56.30075502986634,0.2376734520960386,0.56596263871473,0.0998944179283092,0.052950487791485826,0.010319521444823346,1.993649745360109e-52,6.685536637613711e-07,4.2622947791708025e-119,0.07451711340086985,0.0012228555638403478,1.3308732741181182e-34,0.01861796333384634,3.966377300350875e-05,1.3675445783930447e-05,0.10565856648769723,4.880761447028009e-09,0.47681688901562785,3.436862626992267e-27,7.018626764939386e-24,0.004321347979125245,7.974971099123377e-61,0.04693026347820881,0.004900861734521432,0.13832897863831267,1.3966868655785408e-08,4.236544974275483e-25,6.3599619114270525e-34,6.755978299211045e-11,7.897176190721985e-05,1.2703070988568315e-77,0.06514650812861518,0.00013305843494220841,7.687729188132587e-146,2.8814991510405592e-24,2.586118535299099e-06
sim_strat_0191,13.977281470874491,22.331621966433165,0.16442786280848004,0.534227620461497,0.10878612255385503,2.235509349883382e-13,0.7962296183311363,7.34024797947829e-64,2.2167554698002682e-112,4.999477951010226e-29,0.18967807476963963,0.006134805308036824,0.0027989396424244416,1.8013857294948603e-111,1.3759880285727915e-20,5.656182487195789e-58,0.00012210869861774097,4.796410596524235e-13,0.0030257438349100656,1.9229891022458181e-13,1.2449896713028418e-70,2.893002850438489e-13,6.638979158469061e-12,7.372942241933744e-24,3.0252063384855655e-205,2.9362391341484205e-96,2.100545968874825e-60,0.0019928786029060398,1.7271862436875008e-203,5.484269080952051e-94,9.960344900172627e-113,6.327554532903053e-74,4.234929791174338e-08,1.7788455207310393e-05,1.4280033056585366e-41,3.247572038623197e-115,3.1494571019470816e-20
sim_strat_0192,4.381049994483147,81.58676878042476,0.1596592236648657,0.5734155244560888,0.09142762434288783,1.4038347912638934e-09,5.300101990397424e-61,3.8448123507794556e-59,0.0004923173731700768,0.004498045520482366,3.423078709725447e-10,4.749713187794235e-47,8.640405138655956e-25,9.232359807331054e-20,1.1335696191103033e-120,2.5325052252968413e-39,1.0784483570476944e-06,1.2646097900848317e-25,1.7658218358711904e-55,1.299550395240191e-29,4.4725106869417273e-160,0.9575658395806395,1.1368270359225924e-48,2.7851510093635837e-73,5.452312569773635e-173,4.593560902544492e-43,1.48455178278113e-24,9.591436145531462e-09,4.992235452341186e-10,0.03255061745353016,0.0047673439017416755,5.399182894870925e-34,4.4201979951184665e-07,2.0474767457644897e-50,3.451765504624998e-69,4.714109606872788e-76,0.00012430386547727191
sim_strat_0193,14.813360286322625,25.25940618236676,0.23181546694415103,0.47691494116487665,0.1050994723329986,1.5777561679100168e-05,1.685896054248134e-11,1.2000715911711603e-68,0.021410501907558326,7.036361234628759e-57,0.025185961431659416,1.3564535258506757e-42,0.0032505849857280555,0.030432681872741594,0.26494322859853603,1.1691809378201455e-06,0.07526574142802757,0.000757340775310794,0.11371913790854603,0.10562560610718634,0.0012224352598686641,1.1146400174704518e-74,9.675097900695157e-57,3.01985738597755e-47,0.03068770516372961,0.000199935477562218,0.04116541594726791,0.003161198493024652,3.6306810711854983e-96,7.94087409112713e-09,2.7137120688489653e-05,0.2829250496762511,5.6715508819716316e-52,3.701341683541353e-18,1.6572970527690418e-47,8.134682158303943e-29,3.3831459630280235e-06
sim_strat_0194,6.220585410125319,15.7695331344829,0.033457467390977595,0.4979896138925257,0.26792143684283715,3.623790569483573e-21,1.6125561992752312e-40,1.5887728736899076e-08,2.8808535681072924e-07,2.9453728633114975e-08,0.0021701920129397157,1.8509139705787025e-16,2.33406483046277e-06,1.6486816117974755e-52,1.3738497996798082e-78,7.34914620933591e-13,6.037046586154609e-19,8.641500900162493e-05,2.593285978054732e-51,6.263433146964956e-113,2.49991578590756e-104,1.558171825513099e-07,8.877190511529377e-27,0.0022908531796666,0.9010375867359529,4.16344410426692e-123,1.0230805988116788e-10,1.7312329153761252e-117,2.0634460458971817e-13,1.5442924240685333e-26,0.09245521397824405,8.610593804257815e-11,0.0005352223540089822,4.6552977170430853e-08,4.479616063693901e-164,0.0014215201127266816,1.2656629936399943e-07
sim_strat_0195,42.90067609681184,6.393283387787132,0.49406585381315027,0.6247407973181146,0.12710264043092612,0.027719527578887723,3.062111714005407e-30,1.7037362910869214e-28,2.2963727449571668e-207,1.0280724426144265e-102,7.081133058489921e-17,1.6068321973571307e-06,0.00950117818731409,2.9963846813600624e-58,2.8451794275829945e-77,7.942313158928103e-07,5.285922128645609e-38,9.402729100493023e-103,0.05653506178753916,6.735747466137187e-103,0.003931403228393118,1.8471970782120977e-10,2.737185493044447e-54,0.04901293446135063,0.724425625622282,8.091163764178635e-10,1.3838746241303913e-69,2.596849217609386e-123,2.444586873101461e-53,4.0270271552893335e-39,0.07242226589089387,1.7175150845238517e-74,1.714335972119573e-11,1.3574815317174813e-06,0.05644824368731511,2.025671074180418e-36,2.3208466093497855e-117
sim_strat_0196,37.79910947956734,8.0015672109592,0.6082547445881142,0.540602129738074,0.13558286501160605,1.3472318530266812e-10,1.2313099895671975e-31,1.705463223204195e-82,3.725975897418116e-109,6.738737176880899e-34,3.0392318461466824e-85,1.3943289259798794e-70,4.0139307037517693e-66,4.2680512865986946e-20,1.1779784622156156e-12,2.0170518049910323e-91,2.7101072521674247e-07,1.6293450762030478e-84,0.5080112165906802,2.844679922038293e-40,0.0002373336470547901,1.2608208332818916e-87,6.616167877471786e-96,0.10543238378181839,0.29365788271199367,1.6535664460607522e-50,4.6775946046410926e-86,6.24564199117643e-84,1.3047103718277098e-74,1.5059888698738126e-90,0.05014978688557314,1.753048032971246e-38,6.080945635010505e-50,4.780144681994213e-09,0.042511120456108685,1.033430439955781e-19,9.210110600820247e-114
sim_strat_0197,49.95105645612313,8.301918943368767,0.5505462846387815,0.6046004860411879,0.11756801230808425,1.714848791784492e-53,9.455302400099143e-05,2.0255951778034938e-54,5.584020689199276e-10,8.987292339183919e-11,1.636927823284933e-45,1.2159886457351426e-208,1.0751842585379045e-107,1.2989918962287104e-31,3.619207065129927e-05,5.059123676939865e-13,1.0414876540612392e-143,7.078497823842323e-122,0.1488186753638204,1.4518968718014701e-155,3.860578974270382e-23,9.808991733315587e-38,1.4582583071723798e-11,0.010373882840492453,0.3451541928223139,0.0032160552150677078,0.0004856101048325426,3.9644946891952896e-19,8.095211004012795e-44,6.317860500020799e-17,0.22358773640024787,2.814742114615609e-107,1.437794446716701e-06,1.7607239419605587e-08,0.2682313583517223,3.188872685740438e-20,2.8774180091476474e-07
sim_strat_0198,39.09634669751264,8.711975919401272,0.49521971694296507,0.4376270587656531,0.07790727103375289,1.0597319792304061e-06,2.9440619620962324e-28,4.653227246428165e-07,2.481099690704314e-34,9.678943616922952e-45,0.01245905438025776,6.7584515900251e-15,0.0033246806227252,3.253654059298788e-63,0.017852318345720705,1.9965915858271065e-52,4.090661114818496e-25,6.076712867477464e-07,0.18393292491995758,0.005211913466406359,4.969514681278122e-69,0.08444787090921728,3.2887566314245373e-50,0.017399385275714475,0.030746024310150447,2.119438768682434e-36,2.630570986946487e-06,6.778967367189688e-30,8.940562744910783e-35,5.1341003017223096e-46,7.324387320808492e-22,6.42595232009059e-14,1.898619522225485e-65,9.140703954650742e-79,0.3752151970061566,0.18011177267897688,0.08929409478766812
sim_strat_0199,7.744718722368789,37.432255291718384,0.16844345648404044,0.5103109942861863,0.076760142960817,9.473163751170015e-10,1.4702636767077302e-29,1.1474321512842202e-123,1.3714064515062602e-12,7.970724941627233e-23,1.207134272742972e-07,9.71603269360799e-50,4.3461108709274295e-75,1.7173332618735192e-39,1.842383960350865e-29,3.912324277896192e-26,1.2004547681014919e-52,2.4383090010067374e-13,1.7946234422183683e-60,1.076846751870832e-31,1.515097514230189e-19,1.2074298613494028e-15,2.0462722031676824e-34,4.988740127051732e-36,0.04024603814252031,9.609673440655413e-13,5.069461881213771e-75,7.575749377247603e-29,4.7236885337319225e-48,0.042369623191452495,0.9173842170027062,2.739098839207294e-67,1.1715612618273676e-138,2.984544014731871e-39,1.8851361511820637e-46,9.380462921322219e-76,3.4555071574075573e-106
sim_strat_0200,17.211746802026003,28.936447858426874,0.19757020407347528,0.48445198465328226,0.2500966744376595,1.498847967768626e-08,1.2364279383161954e-21,1.3527326368318092e-16,3.803871671995595e-09,2.8714071768021084e-17,6.169761354137945e-07,1.5632587714514693e-43,2.22470203085899e-32,1.1025769232901257e-47,9.161631165165765e-07,2.2917141635182418e-30,1.909430170717132e-57,8.813037584049617e-94,1.7773586216100152e-12,1.6668674057332308e-17,4.927115073927622e-75,1.8013725112108332e-40,4.130371879386977e-21,4.4059275606660225e-13,0.09125602470940736,4.8043191129842575e-12,3.931837883768893e-07,3.900220863191482e-10,1.0412948198615993e-67,1.0843419534311964e-44,0.34716535139764587,4.2157043358766905e-18,0.5615766744071367,3.973373692523264e-09,9.21329927819863e-50,6.158305195110577e-88,3.0692620147094857e-85
sim_strat_0201,19.371529934538465,17.21391415407229,0.16528141257891632,0.4997727389492476,0.08433186133337298,2.418948262039668e-78,9.959826879160508e-75,8.042985784349904e-41,0.002598438577666378,0.0012934994192525997,1.0539317024321007e-09,6.97308130758699e-11,4.409339726524815e-73,1.343832984252227e-89,1.0828030961661046e-70,2.8819522495757794e-28,1.7821205826685598e-05,4.813317758512845e-28,1.2769481769559768e-58,1.9158635868047714e-40,1.665467151481356e-27,7.382022843989297e-29,0.00013101902812556024,1.0494457923265944e-73,8.459464273734272e-23,1.3071628338430139e-46,2.0560149490023756e-05,2.9968936122791364e-25,0.00010680039680037008,0.006216828019486188,5.123203635714706e-81,3.1694835256094723e-28,2.3338696655126035e-122,1.1013309214278208e-07,1.369731230419327e-06,5.954121955688135e-11,0.9896135521558258
sim_strat_0202,28.609621760839776,7.025294672432109,0.16370909252196414,0.5071403539542364,0.09306487278896879,0.12027025232325156,0.008061509618868052,0.15652230679503704,0.0006074857505810648,8.263543288416895e-07,0.026005963828091432,0.028035228073862543,6.903555910058185e-07,0.32178074794364203,0.0010125258035982318,1.2616403678437716e-14,4.080910437617695e-06,0.15801456729861157,0.0020818554294744327,0.016596118521426395,0.007476502654279648,2.2500442786125373e-28,8.458638746670268e-05,0.018327836829138716,1.3120010186112043e-18,3.4021960041538066e-09,0.0007562991883739788,0.001611351500418325,0.06472616166165761,1.155344871206457e-86,7.995066437709039e-27,1.1703177166576094e-09,0.004444334287720999,8.10449914342558e-05,1.794702951841955e-14,0.06348614205692867,1.157686323515453e-05
sim_strat_0203,2.3988192733385345,54.03134357508981,0.33964486268937566,0.5011129305187871,0.047202255072547286,1.2127040881333029e-17,3.613132502866742e-11,3.714744766832384e-30,1.4439823146768473e-38,7.156931567224337e-38,1.37602337237322e-13,1.0289968313476608e-48,3.700504673772733e-46,2.206932902182215e-25,4.184400966319554e-12,0.035861188104128416,1.5358783882733442e-41,2.345892123645152e-15,2.004430836310852e-72,3.8688735464983e-08,3.283727234281712e-18,3.936642146153775e-09,1.1173393454132385e-25,8.783984362150721e-18,1.689461981105114e-138,6.5749186070106034e-40,2.295546329260165e-39,8.1066761558542e-40,7.485053033994975e-15,2.325076120042426e-23,8.740279586085887e-05,2.769173636013618e-148,1.6079549198133945e-71,8.773852331303753e-35,9.344299324481667e-07,5.6292824803081535e-114,0.9640504320042375
sim_strat_0204,22.833778070483035,13.91417192488974,0.5434786611698985,0.49875963378497445,0.11381701765451442,8.795022124819029e-88,6.338893308042299e-113,4.606543430327566e-16,5.867578440028618e-36,3.966308091232192e-150,0.29607407155388415,2.3940259200847376e-23,3.241027379658963e-94,1.9407783849055495e-45,1.634244022562048e-30,9.50523927689437e-06,1.1153649577896077e-28,4.355189426126406e-59,0.020414977487243927,6.101789219274097e-91,3.99898320047152e-91,1.3212388037958266e-26,5.313288595987858e-116,0.2817004809997445,0.33025145419266855,6.470288577001318e-33,4.938215513322863e-92,1.1222710585286712e-87,2.4556267670490885e-132,5.323534552534669e-36,7.82913554025376e-26,4.2670130738051834e-12,2.4394253075567976e-24,1.2462501121646913e-06,0.04163731278832931,0.02991095148447306,6.539509153251045e-100
sim_strat_0205,20.773125585902076,13.025313553527898,0.08413391847376187,0.4472549610028617,0.0756961050702432,0.0014179867169971283,0.017470313313795647,4.135837949627604e-09,2.8147050641630266e-05,1.4338622904879261e-70,0.08418001527867285,2.4785789170108415e-06,0.0024542776661537445,0.004885118568694666,3.353809207450914e-13,0.03668143419948354,0.004605933748284974,0.002475292271637337,5.716814395404928e-05,6.875064360219449e-05,0.02243968385747793,9.941200496195188e-110,1.5786592065896582e-20,0.07790811629683239,0.6397232611284299,2.7256572054939884e-06,4.027171550449546e-05,0.021294006235927265,7.150653586694148e-17,5.193621116929404e-18,0.07117787373801523,5.671748053104011e-23,0.013087133575190852,8.266144228589819e-21,3.1244459764100353e-140,7.478408296530944e-09,5.061448525599711e-28
sim_strat_0206,20.954383061754992,12.28759239554228,0.0791663934697868,0.47885055285477135,0.10465876339963544,1.585171235279854e-81,0.024548321411190507,5.728453117256705e-08,0.005156081915268953,1.3761036645367498e-07,0.5588372988026872,0.009543662909784981,0.0006571571124954302,0.002445676879610773,0.0008207614442678821,0.018994070493809398,0.1373915228889261,3.058835255183686e-66,9.297594516441435e-09,0.042062015500715796,0.005115480736737984,6.057265341824618e-94,1.7080024253899212e-101,0.0007664959986869803,0.08605806226131911,1.3493721592901767e-08,0.022483911865111478,0.0012572464627338903,2.4205482760513594e-53,0.00034309224110790624,0.011024267698947909,0.0566012452147362,1.187617594000567e-09,2.274739268617478e-06,3.6389635517625793e-13,5.6947781761244195e-06,0.01588543977022201
sim_strat_0207,12.987795364088182,17.84190419104133,0.06705730211596245,0.4645432210112595,0.17529697280580994,0.006471611996914771,3.128408719188755e-08,0.0028684052801967778,0.06876971901679275,5.392341030156427e-59,0.1349820331908478,1.0561131291037685e-24,0.0005052981266440095,0.00818708969110116,1.2041698562677386e-06,0.34004930820692736,3.7678983474112e-07,0.01895188034316244,1.341406337260574e-23,0.19558729225141067,0.0008429404933634135,2.6445920877773555e-18,9.6690554601333e-24,0.0025300987593139205,0.016292767977522767,5.593883472328175e-11,1.2068167656243647e-06,0.0012455022672818576,9.734121131901575e-79,3.9908009146362383e-14,0.19566182973205848,0.00030364426752132475,0.006050741052682082,0.00046310132285970603,1.1238897741603528e-12,7.391670819792483e-17,0.00023391690575243651
sim_strat_0208,16.848120349136263,24.582403842275365,0.16473046348988746,0.4469285705485308,0.08498682555773847,2.2775675466644024e-62,1.2513351535218197e-10,2.4978739017134708e-71,0.4326263888863629,1.3829198663523206e-73,0.42209385331964544,7.650545784252463e-12,3.359443678552923e-89,0.06847884688132304,1.428455105677242e-08,9.064433061498685e-30,2.00215551095027e-08,8.27735931770611e-64,3.631227852133468e-08,0.03304078899547644,1.6132257822442198e-224,5.331594432169406e-85,5.244873027046125e-10,9.16010775065752e-75,1.1756793176415467e-05,2.1307339816341917e-100,2.0478748175019922e-44,1.0687795376632025e-37,0.040094339831820015,2.2919467910367298e-34,1.2296586465454196e-82,3.615295279448048e-11,1.2112545898112666e-11,8.200478750988029e-150,1.5619086408594494e-72,3.277490777383634e-21,0.003653953968274103
sim_strat_0209,6.000342834903965,80.23393965944564,0.19549068201378086,0.5242881284885378,0.2226793533772427,1.4072693059854303e-21,8.096724847787984e-76,4.491060903718571e-65,0.0,4.442398086950331e-46,1.5221778323132873e-44,5.338527866434095e-41,0.8307083962085613,0.0014326788977426005,3.980417386227638e-09,9.932481111255012e-37,6.378580813293384e-15,5.382895803471322e-07,0.09967519395292573,6.657280192103857e-10,0.006875677022965129,1.5896682405614433e-06,2.4067235350803434e-22,0.0200727178244786,0.009342659670168318,2.022814441814118e-20,6.823004817029155e-24,5.240094306567312e-09,0.0318905385777228,6.104286552549677e-81,1.349734296776477e-78,1.9199293915245564e-168,4.8532310514666306e-14,1.3195601562661892e-12,1.4967753635590079e-131,2.3312572874504835e-66,4.64439572945339e-21
sim_strat_0210,20.947744526465204,15.649148374409684,0.10471464432646865,0.6106929583682283,0.22755963358335052,1.3385074968114736e-29,9.442563228376226e-13,1.8768594591121078e-34,0.00576910374496191,4.566324666481546e-58,0.39405334444110124,1.7411773941595823e-26,0.0018179180173779066,0.08361111614078448,2.972289919621123e-13,6.378109454089159e-05,3.0774942166841535e-51,2.1470262139675773e-132,4.911446932268774e-110,3.609978150996302e-08,0.005420601503073158,4.390100048485341e-22,7.87171107988164e-33,0.12094516741451335,0.2465006179261844,1.004057026092573e-09,0.04021968536003011,9.445230266896788e-50,0.0003111719586948436,0.005105508250837831,0.048324213522491874,3.8781981189501934e-84,0.03630206114639059,3.074213702304754e-05,2.1451821210311427e-45,3.0293085605273185e-29,0.011524930236914362
sim_strat_0211,162.68996578911356,0.5671604775126898,0.11171831805339741,0.5044255861657602,0.025586290595388434,9.913093148336421e-14,0.004073278628599041,0.011049601023400505,4.9659495624277686e-11,9.196477716367803e-84,0.001618457280175426,2.951270772052513e-06,2.8893993963345955e-10,0.11185642939805295,4.9425293653708296e-08,0.004737797610141844,0.0013340560152123994,3.736310071497717e-05,0.0009412383461048756,0.06005021833901383,0.002353081480615941,9.352034947692409e-36,2.555921501912238e-12,0.0022047329698821486,0.013740653872694181,0.06666234350831167,9.977807127802671e-19,0.0009927506868793502,7.232911625318596e-79,1.876290948846515e-40,0.04188622070833471,0.03104504533763943,0.007675601176058737,1.6979707557778018e-104,5.2912355926027546e-23,0.6377381294808477,6.802826931033416e-25
sim_strat_0212,19.28252311152953,17.31291366034001,0.20942925943460916,0.4371949556896102,0.17398481312208872,2.1125237377424094e-15,3.5622325642299535e-10,1.7142740154223437e-112,1.3659570880341706e-17,0.7603639630014964,0.026249224238055643,3.489327901960988e-42,2.8527176414499564e-40,0.01462288447660921,0.004856390883144636,3.85546458185166e-45,3.719383757563658e-19,7.022974781586712e-13,0.11737824885866216,9.384282006563342e-55,3.670463875126182e-06,1.5614703120496872e-34,9.546128954428599e-126,1.1671505388342608e-34,4.5007572283663186e-220,0.07650075533819413,1.839476240962523e-28,4.061230166338125e-11,4.4565900749099804e-29,4.1946960274031057e-107,2.4862342371495663e-05,3.2506331978016935e-59,6.552572952358968e-56,1.7890963767564732e-28,2.0859700106190686e-39,1.0867655420648229e-132,5.1444887786201e-14
sim_strat_0213,22.29292927490306,13.544857292303838,0.1672234046265228,0.49446435924600635,0.15903706933817519,3.088880566803152e-05,3.5491874521193664e-05,2.349015512973709e-29,2.366633623622688e-11,7.180172734646464e-59,0.8662237313701062,8.582682754323475e-51,6.276953992760636e-36,6.322590907797618e-26,2.3365959310405003e-72,1.519355515895047e-25,1.3710682236907252e-19,5.66327186270484e-14,1.540224979839298e-41,1.9036209542342662e-27,1.7326581327411588e-55,1.0060149445303433e-41,2.9579592430234205e-151,5.272455160041449e-23,7.458686427478272e-05,3.735738966496417e-55,5.657733061776049e-09,4.0237539409437475e-71,0.004973469706303358,0.12834576981124224,0.0003160558864209013,6.246589742686604e-18,2.600833767848695e-27,6.938013432709096e-15,8.3230487416143765e-47,1.406710819375465e-52,6.991343539982298e-17
sim_strat_0214,6.166708412560971,37.48495577042057,0.23467303949105967,0.5446670984755679,0.10492661040516539,7.88616818933693e-51,1.2942125752846858e-07,2.4708000360403214e-98,3.714029641807273e-35,9.405209178514174e-19,2.782557574393664e-160,1.2942153383934682e-103,3.1787296116464253e-14,1.310956470542107e-38,7.224998625539746e-56,0.00013372601050751714,1.8409073702904457e-10,2.9780388964245474e-86,2.152615734873495e-64,7.561395048493936e-64,9.4355657292119e-62,0.012973210060381222,2.582845896291133e-44,6.941949155049605e-98,0.9868267680754294,1.1014131656407883e-17,2.6936874044320793e-28,1.0331020638526166e-22,6.818860590036311e-23,2.924466104525721e-72,6.4035695470459945e-06,1.9772206225147464e-53,9.635205698130953e-06,1.711531763532878e-10,1.0979007314906268e-245,1.0340163446194814e-13,5.012730180027512e-05
sim_strat_0215,4.290521453979136,60.36459622671243,0.07309996053371946,0.45364941231137834,0.35498386948891975,3.6333310270087377e-56,0.1697065613378071,2.549995665838374e-22,1.516509133782276e-20,1.6446118367954642e-40,0.017318988545004816,1.644826437681519e-39,0.00010717231880575883,2.0098162389897772e-112,5.844849159020761e-102,0.0,3.3555287180961105e-172,7.402991366811275e-46,4.7002138911569066e-08,0.1036446728385619,1.2551422038214763e-33,3.177915757038344e-42,1.1615601289655508e-13,0.10663655664964088,0.2695767298257784,1.1035615636673247e-60,1.3773917483888773e-48,3.738987011979006e-06,2.042951413760347e-05,0.006509026973494116,0.06817149568422318,3.9960583948308504e-52,0.25828101629437467,2.0939494080047701e-19,7.406979680671377e-95,2.3564028904676077e-05,1.633229561280037e-27
sim_strat_0216,22.883105115710304,11.49589770504015,0.13075264435907732,0.5876686634219402,0.05591007893017834,0.011506214639602627,1.8930457857444928e-10,0.13192256198306762,0.00252813317928426,7.930570248764437e-21,0.09473340548436522,0.021902528202210107,1.2382526676705026e-37,0.00023222287643137122,0.0019596107011868704,3.147851909710117e-11,0.18742122701248062,0.1331701847661408,2.7883080050537212e-45,1.2100160911693613e-89,0.011843425475124925,3.855668908313568e-26,8.719386616940169e-38,1.0785911193330133e-86,0.09572934121845879,3.802883807154036e-96,0.08750712746961714,0.011936805248814518,2.523989223509703e-16,2.0066349023424024e-120,1.5377510798684666e-32,1.0007979544356919e-11,2.234597828297758e-109,2.995173821844613e-54,0.10772091391276159,0.015377002215506756,0.08450929538415561
sim_strat_0217,7.229358756633832,71.56562462859304,0.09219896925699937,0.5079663121310601,0.08017152102965427,2.5261047664265484e-23,9.483820591687631e-16,0.0006740398082913758,7.79090592776985e-77,9.523634686210734e-82,0.022196445537588958,0.08057155490830624,1.3855569313735258e-163,0.007248123861676557,0.0007846821217211707,1.603131049932483e-05,0.3212089502752937,0.0006425366045985295,4.776978357910105e-23,0.04139891078179441,8.294056380053836e-06,4.5052038753978554e-203,0.003968382324281254,0.010192474912176466,5.908390729746204e-76,6.02103443320583e-10,0.0002877292096007423,0.0681720852613715,1.1578910685376978e-24,0.0005050902789134496,0.1426633427482916,0.10592761795184247,2.761190485411586e-59,2.0637709722743006e-72,0.0001446744761684126,1.5022019356381094e-70,0.1933890329690994
sim_strat_0218,17.268873571681546,6.602556521644311,0.06839712742283065,0.48192164651143826,0.2040152288404711,0.0312455178497942,0.04734984725669474,0.3149057822948612,2.8436115717323465e-07,5.4318295562877804e-185,0.0143599133834468,0.0005526810536202157,1.4196120884296608e-10,0.01701135686614308,3.4553890167435145e-05,8.98806959954307e-07,0.003402520593361615,0.006165398483515385,0.00013724197807999357,0.03119136417156684,0.018334811675763067,1.7000367131457892e-07,0.0013554271348623725,0.02757533290603205,0.02892905620670093,8.579519003369326e-06,0.007947229914865229,8.59897900555363e-05,0.20556741135719364,1.0159363866098814e-07,0.006308214843611708,5.2522170542040025e-06,0.027185537857910017,0.1277472012162838,0.02083188482273153,0.02744574459160373,0.0343146932176889
sim_strat_0219,3.6974044467091636,67.56486408590357,0.03639537561440844,0.5408908134407734,0.19343520145939716,0.03663055789918657,1.8559586011359708e-06,0.0016572573734930575,2.80760652065035e-13,0.021837460983622745,0.5418779253068351,0.011168062582205946,1.612404066091212e-97,0.04847191599270504,0.027451487867659545,2.651752328649178e-07,0.0016493302526923795,0.10611669284281147,0.008275273901592023,0.002553187684364653,0.011110611959186402,0.000694025330648815,2.573989812465023e-13,0.0009433511743754087,0.04141218750404233,1.1226022997111274e-07,0.00953325301095689,0.052449826853481846,2.3693610420945403e-09,6.230703777657687e-47,8.804176203345504e-07,0.005766097678719432,1.0416889373358401e-52,1.1744539344365275e-07,0.07039450126241355,2.899409197139101e-06,8.595028329487823e-07
sim_strat_0220,5.946169888440537,45.372732242737335,0.30432984306547245,0.4502097802447135,0.0937172654380465,4.206545742129229e-62,0.06267269796456462,2.950881612750933e-09,1.5961750078363884e-07,0.000627538037895929,4.737691655269785e-24,0.031272568717699,0.020627012662626364,2.3894422846367005e-42,1.9144780855064715e-08,2.0024582696892915e-136,1.012677257444727e-177,0.8840003193969397,3.939498310012338e-34,7.907125531859374e-135,1.529452241350374e-41,1.2010332971174925e-48,7.374943844851396e-10,0.00023825601348790792,3.072199461363549e-54,1.3016036802793112e-09,3.337260724172684e-64,4.749537575261697e-31,1.1951589503778705e-06,1.0819184074240026e-05,3.13419303327259e-14,9.746276737843224e-06,3.348795118717994e-70,5.059369932007886e-38,0.0005374774334887551,5.0212763093384176e-36,2.185401242404256e-06
sim_strat_0221,19.957758379607,11.447278255296935,0.0778131747850518,0.5632361193148533,0.11304074040183083,0.09023741194603742,3.0307318200463833e-27,1.5141627716658612e-54,1.3786475636809446e-37,3.604651587915247e-119,2.911589821820016e-72,0.003363627808365191,5.406692545556013e-43,9.089150731485137e-10,0.019734848636236996,1.2383167628883165e-20,2.2050777279300244e-20,0.11196578597823127,7.61936145115332e-57,1.6595600285055574e-36,3.5041789734491085e-82,5.164953668339671e-06,4.0919457589056987e-57,2.090160569687125e-18,5.147734705882806e-06,6.785716572538922e-21,0.7204896908203646,7.639745420706891e-22,9.03989205058052e-13,1.97072199033715e-66,0.05154605263469755,9.501618915397819e-05,4.670130473577433e-18,0.002546924817703382,3.3911988121082974e-32,1.4268827745052801e-50,1.0327571016202097e-05
sim_strat_0222,15.018326145926247,19.884495689911077,0.1831920445761048,0.5188760247357879,0.08957980342468105,1.4966909045585786e-135,8.50427842226844e-86,2.342169314469537e-109,2.147224245163845e-83,7.255545500704172e-16,3.61590076197597e-16,6.66908746690346e-98,5.037868620367651e-36,1.3924604927497338e-31,1.8622003595535782e-53,4.0162524909098414e-28,1.8936210855810737e-42,1.1885362993251057e-17,1.3978209748921248e-48,0.5163537564725115,0.14092439925405686,2.1591665320442627e-107,7.054991015552662e-16,5.5523969722116e-12,0.21275990217599314,2.3310997638789364e-74,0.0015684231186646387,3.4395525207426012e-18,2.0456619802910048e-43,7.98566296297677e-05,0.12831366233347152,5.652255805725058e-29,2.7243468714558133e-21,1.0118326722907982e-11,6.167750944330775e-35,1.7121700122470377e-20,3.7888180719631635e-22
sim_strat_0223,16.165839693541724,19.59965654708254,0.09096782872074917,0.47157466709835744,0.09326820880682346,0.029162556993442276,6.990885248208723e-06,0.000552770652882903,0.0002331879157420629,1.3318396922571296e-48,0.00040932922032138006,7.204471815982739e-13,6.968536111807485e-40,0.0023905275084015946,3.621334542044081e-07,0.001990665092392562,0.002854514915231021,8.997588371461558e-06,0.10186296760860582,0.006580392799274835,2.9738009786480955e-13,3.437001848741252e-05,0.0014706634322105292,0.005104775383075967,2.797159515223072e-13,8.387944588070798e-06,6.809348588390588e-05,0.1427004579189755,2.6897373984139278e-08,2.3762383227202105e-44,1.094841958397549e-31,0.17021472686999592,4.206678250498165e-25,0.12497328099600896,0.40931113238181316,4.311531816331512e-179,6.082135692063651e-05
sim_strat_0224,6.040516308145264,59.39135991260384,0.22537472420509752,0.6298171642220189,0.09344313439439933,0.06481442357418611,1.5011701923153218e-05,1.0949936732836887e-82,2.9097479952492015e-29,3.690706869546348e-115,0.09005231114118066,1.6093918730577095e-07,1.364184034145309e-140,0.05040529025109519,1.34694815898056e-61,0.043987470526190314,0.023626888327388167,2.000037606383844e-35,0.510036241960503,6.128981840408616e-36,2.113196537074182e-06,1.0848677986034983e-71,3.4271320936664265e-06,0.03683688283153252,0.03171914744115669,0.005754784267239047,5.308091532374163e-23,7.534666886329582e-48,1.6796217616882822e-60,3.2437048699644217e-16,3.605532974969519e-18,6.6059146923287925e-24,0.14211910517043294,0.0006267414860188517,5.3334975668384263e-11,7.928334328732677e-54,2.1495409195932182e-17
sim_strat_0225,13.139028301542057,26.889632071354733,0.1346193977655577,0.4636704556553085,0.1296351705988555,1.407651610465161e-104,0.9486087453020638,3.4342615410938754e-08,2.2003630501345763e-40,1.2436117619290664e-81,4.932720964984171e-12,0.05139026883512659,8.27097686973702e-14,1.1733975568401493e-18,3.368981490701496e-09,3.6117085107711995e-17,5.642686105413473e-118,1.186555516521082e-78,6.173474948005306e-64,4.01852954434702e-26,9.118940624911384e-44,3.5344131375103825e-76,7.028482098180837e-50,4.622249501495159e-28,9.332208941221488e-12,5.459194034929671e-38,2.194680566671367e-20,1.002544551532269e-30,1.772857367975123e-53,1.363722063792943e-79,1.6854063140369508e-51,6.71143194700449e-38,1.1694586409487056e-92,9.481368644751028e-07,3.795241999757438e-16,1.8764591045033805e-38,8.250806600639403e-45
sim_strat_0226,3.927658888075217,63.71739562617586,0.24939776985399853,0.4869731095632777,0.10411946548133086,6.905151164836283e-28,4.375712020614727e-05,6.202041818325875e-97,4.465458109898892e-12,5.017270036550415e-28,1.2963260862943972e-21,2.0380746933868162e-18,0.0021407686534801636,1.1495752428111113e-21,5.202260178126065e-81,1.2695099478980105e-19,2.112424453186074e-43,1.2434332986396118e-10,2.6715334759316186e-36,5.9754056399085965e-28,2.3306398677724684e-30,0.8798533300869131,1.4378939726083484e-32,2.5082266755680227e-81,1.697650599068693e-82,0.0004687802270933633,4.430853979096608e-21,1.5582665142068015e-10,0.0,2.3379896630003933e-14,4.078413023981496e-06,9.363130833508629e-30,0.11748742328063151,1.5232518061033534e-50,1.861933990022858e-06,2.689203895270706e-99,2.72317768757357e-15
sim_strat_0227,14.48294225673438,20.213778646569587,0.19743757177634597,0.6217268639392938,0.13032916279517726,9.332790420863324e-08,2.9552859892082887e-80,9.305068932044956e-138,0.03861763971618641,5.945735122495108e-20,0.007911558829750663,9.657096096551719e-21,6.377880587662408e-41,0.06322519910825,0.0014420156537285984,1.6475929776427423e-23,0.019521134760120462,0.0030963302339130556,0.27660884098394395,0.0026503350176417043,6.17354365336569e-12,2.08958997999906e-50,0.0011661928751801806,2.385780191676596e-10,0.2943648225975197,9.813947989836356e-05,0.1311209658793174,0.0679938283858507,1.6636562359033973e-32,1.5371162396371725e-06,1.3819019794383966e-05,0.07457588194654137,3.219255799715823e-55,3.8436525244167867e-32,0.017591655035551493,5.334244127520486e-46,9.787915990778512e-09
sim_strat_0228,6.4006645900055785,17.779409758649425,0.041712174961454726,0.5351253828788591,0.23409672837396908,5.578588883290056e-82,2.6447268015940983e-06,2.1465027361956172e-27,1.586749663668129e-52,2.4923934436406374e-14,0.021093299791727967,2.0492194407466763e-48,6.918479395538394e-08,4.325908114738503e-22,4.4851179182064567e-07,4.5258028045749504e-63,1.231858138628183e-25,1.2661670953765608e-32,1.000711164159092e-51,2.1944321730206134e-77,1.4526003649744368e-19,1.6680355418830158e-33,1.4336461208822144e-111,8.638374187308583e-08,0.7794411341333478,7.020655656333298e-15,2.3584772826903448e-05,1.5901994041338807e-23,9.17748877755299e-15,1.8439131727710883e-32,0.1994386723862906,7.279441190555887e-60,6.010863215780068e-08,4.7192584644196586e-52,1.7439063319726676e-22,4.1635543597349116e-15,5.2760179194677296e-151
sim_strat_0229,52.09890180105226,8.064903636506402,0.49653266770465787,0.5036660475966366,0.14084310441016956,3.3841881086045595e-08,1.1333529014784428e-31,1.5418094282359427e-09,2.871517652514739e-30,7.5849625072644e-12,1.0370082819297255e-67,4.7478530124638376e-09,1.3778314268258627e-11,7.386890585682728e-11,5.367166184219881e-73,3.114161618846882e-18,1.5447748748107497e-38,4.567888941719137e-30,0.0172407371066528,3.9783737188711905e-05,0.007356531729455009,2.859258691964098e-68,1.8442898457958794e-63,0.09199652866108426,0.479670530612359,1.246193087178579e-27,1.933509081464135e-20,1.2625490481298465e-39,1.1297837340665409e-42,6.105519379356145e-115,0.4021220057544899,1.2343668084702329e-24,7.492258165803895e-23,0.001388972462886732,0.00018486970910769034,9.838458054915276e-17,7.929439391945895e-85
sim_strat_0230,40.70581698514462,9.73733449620766,0.6150771752847881,0.5294217447365268,0.12825906015187333,0.0037940280049093256,0.0006497000391157822,8.859641197425942e-117,5.0440279458915526e-18,1.5416990160993765e-44,4.136793001630927e-193,2.7200537065265734e-122,1.8664404373176132e-10,1.747477156248102e-29,1.554520784977035e-93,7.402090208378346e-112,4.279562194851087e-152,1.151037674796473e-27,0.13189439108023637,7.396561723469439e-26,0.007187459745247222,1.3053428862817343e-144,5.631898352455389e-06,0.1295774922910819,0.3866075718185255,4.784290807060094e-11,3.7690825612802713e-50,2.0278964052367953e-06,2.8945952850363785e-17,8.308503537226583e-17,0.0636873336720786,2.8396909269144434e-52,3.262927386843419e-38,1.5438804551374418e-21,0.27659436331956067,1.0227510984536227e-68,4.500296715109477e-19
sim_strat_0231,63.13943192119176,8.021098874660062,0.532104235792697,0.4500431327560729,0.10175330568280584,2.4806569431834734e-31,1.9400895444838176e-14,2.167089333177884e-28,0.008742884434048555,4.177763439566807e-61,5.922769144797408e-23,6.02555215498344e-213,8.093401513561241e-17,7.761582591488273e-118,0.0001746750141124938,5.134051291886127e-56,2.3793523431791664e-36,3.4369126005330233e-18,0.04261801716451125,3.4612337744120304e-122,1.1592768458842337e-143,2.5003868733784474e-19,1.4871554532803719e-71,0.062453066599069906,0.34492123327199153,1.5910627787500157e-19,5.39579081066208e-15,9.753865190231361e-39,2.5657403935669912e-79,1.7050918477110259e-121,0.2337491712423826,9.250012451351635e-52,3.231920199193132e-141,6.031408414416188e-36,0.3073388100831758,2.6982310495611353e-15,2.1421906803131393e-06
sim_strat_0232,41.62954035947843,8.276763104643793,0.5011027786286298,0.4866425062478881,0.08841036143652228,0.0014831637104199772,7.692842727535402e-21,0.011628086662182863,1.4912595569310467e-80,8.734481616696238e-07,0.08571387057847102,8.726269955184877e-15,6.120462695773031e-10,5.970419241338925e-29,1.487494308291883e-14,9.401873549672427e-55,2.123833362249494e-17,7.694391168427142e-80,0.22230851382223663,5.281853613151417e-20,1.0826164576993444e-46,0.125809408002969,5.822635982100967e-214,0.053942928869962194,0.21515189635307672,6.362351842751903e-117,8.434330972807054e-28,5.165634171951831e-44,8.764687705483687e-29,5.5870504160831e-17,1.066479164555849e-10,8.232417366084413e-07,1.412823653613878e-06,1.6205806044945224e-37,0.22339820014797387,0.056205677092446324,0.004355144527991476
sim_strat_0233,8.321217057884642,37.10185541882528,0.205159620453926,0.4606002762868281,0.1057895763124486,1.5149472664397912e-54,4.26807205784905e-168,8.407957130510129e-52,1.8120227178528184e-11,9.510721678287605e-51,4.2260673022287794e-37,4.499523966162173e-09,7.188910919963899e-10,5.446878977997629e-87,5.3361738113671395e-25,4.6744259498661455e-30,2.8947104748318435e-16,4.431925766637186e-26,8.131557990485294e-06,3.1515847203020697e-88,7.359148753988619e-106,1.2434450122409995e-152,3.228736019643059e-109,6.197375085542976e-05,4.866850621565954e-113,4.475422993617639e-19,3.554022734478464e-150,5.832415674882798e-27,0.0008603655235318229,5.682867314074349e-09,0.9990695182482145,2.5881448649617537e-26,2.8454329116064525e-86,4.87599615443506e-15,7.345586962274567e-36,1.2763733623305737e-100,1.9391408400562358e-26
sim_strat_0234,21.2909053279557,19.024208095454355,0.2268791378236954,0.5318390019304855,0.22540742036043104,1.7263719616536125e-106,0.0020845868444589193,3.254583182606906e-08,2.1216053868974085e-14,2.313837111054972e-49,9.405358056872791e-10,1.2884980472685191e-21,3.403691441843328e-113,1.3023277561074392e-15,2.2569312045720654e-15,1.823195823444458e-14,1.0689613710989699e-38,2.2161278516768303e-20,1.3876095021758027e-109,3.3702443948559257e-28,2.985687838410147e-67,9.740129848071209e-79,3.214774820689931e-33,6.829843089508021e-85,0.36043319017216036,6.541719400290365e-67,4.2825720703287784e-63,0.0007226671632655368,2.6993332067653037e-17,6.067697715664992e-16,0.06593072130108064,3.527293053592908e-24,0.5708288010326235,8.759404204098518e-65,6.460469510433951e-85,7.246140865627243e-36,4.060149457888097e-23
sim_strat_0235,24.889988642450632,15.966265721029638,0.13707997017697376,0.6007691651230755,0.09181955376009224,6.721158240065728e-55,1.3822350242794652e-21,1.2034448782130385e-05,0.24386104439572154,0.004919410775086279,1.5817712018600208e-58,4.5537768900654155e-64,2.270749842894482e-74,4.493949896604627e-16,2.6577219238048047e-52,9.265262994214766e-10,4.825532392499999e-21,2.493018202354296e-53,5.649147721664518e-69,2.6370190370924184e-72,3.0780509398222646e-16,8.821066439487721e-36,4.723982320526142e-41,4.030615586631524e-29,5.245312333192579e-12,7.962564175078364e-16,1.1956017062887228e-43,7.08407490246605e-30,9.18707510071993e-35,9.284899984559743e-10,5.307166514277756e-86,2.5892422461985807e-111,1.3096729419534041e-43,3.036772561662066e-08,8.285129246343096e-47,8.946161798523757e-29,0.7512074781524213
sim_strat_0236,34.45899914565374,10.888739495823737,0.1904811090138854,0.4490770780585277,0.09228774478119081,0.18664581423537255,0.005424135562017072,0.3432074581042064,0.02296925320410747,2.4280254207351447e-12,0.0010244868489028983,0.030300844742642708,0.010902055230023988,0.00038792620395605856,0.052229613849667816,1.1860354871918453e-75,0.026351710854058744,0.04438743664778717,4.614713594840796e-165,0.09911652671767764,0.007953304726910143,9.810074432363734e-14,5.670376534918661e-06,0.015065313482995921,6.303727730290064e-51,4.2229240196099375e-32,0.02963111656656582,1.807355078261444e-10,0.009469091223881275,4.873578804483314e-93,2.140954813067824e-43,4.9260203163186213e-42,0.000745675197392562,0.019313875331319248,1.2884687617430716e-06,0.0634479965362892,0.03141940570566688
sim_strat_0237,3.6362135521556027,67.70690624438961,0.4159459800031688,0.5118895880282933,0.06410585425783695,4.916453856841475e-38,1.991130856808158e-122,7.736827612198099e-10,7.978955571045986e-79,8.46097312141746e-296,4.518445370141395e-25,1.1520657507530023e-12,5.210543941723842e-31,6.14027461123167e-32,2.125863124528172e-06,3.723992016410183e-43,6.124435752872837e-23,1.8478923307364733e-31,1.0986658715010814e-27,3.650809191536647e-12,3.3351089126212898e-15,1.1344247132613379e-78,1.7921679735794533e-71,2.543726172652408e-215,1.211943897781675e-71,3.04620897557633e-15,7.990771181889104e-12,6.051991542165521e-37,2.1539807557843197e-37,1.6517100859101356e-21,1.898151129554439e-12,4.900586478977661e-20,6.663977730956913e-59,5.196552609666438e-57,4.071079035790956e-11,1.786282875355255e-26,0.9999978733077837
sim_strat_0238,22.872815965000978,15.044970568823004,0.4947911730546713,0.46415749756814345,0.10060600848001076,1.2920780137171737e-10,1.2762980703092793e-33,2.5013810193891265e-63,6.126819730289653e-14,9.31672559763548e-32,0.27485936507860836,2.5034373774400872e-22,1.4446349055919823e-12,5.024754661752545e-14,2.322481989456016e-07,1.1305485665609883e-40,8.272906340930745e-44,4.879297839699664e-81,0.25275071514560027,1.8280746668128584e-13,5.1050701126989295e-19,9.503688919841672e-33,2.1976246622369347e-34,0.20708125008865555,0.09037900581661028,2.290294527073817e-05,6.864037107786334e-42,6.3387386477839875e-22,1.572198400340455e-76,0.00834395035773358,2.1030624410773477e-166,1.1096892750837234e-159,3.357970084440259e-57,0.08653825752427236,0.08002430935211967,1.1311983214016812e-08,7.190588953233754e-41
sim_strat_0239,18.901407259787646,13.437660688606773,0.08872506592004929,0.520308293401683,0.0893344703328237,1.0625350052968123e-08,0.006970886171601346,0.000296991251054679,1.2702110413510902e-08,0.0003700777080867498,0.0017283191809050133,5.739791570008432e-10,0.005598898808466105,0.03720664036319324,4.179068456508991e-34,0.00023348437985703906,0.00037304658691764543,0.01178006854672387,0.039338317905737594,0.046247315870774505,0.0024022709331147987,8.278573075691804e-09,3.8772195328817696e-18,0.04967794328597069,0.05598322210957214,2.078036816805861e-05,0.0005998962891874345,0.00027577211752076214,4.933555860572508e-78,3.723560606169473e-87,0.5513738325421446,1.430949157201527e-12,0.18952086737387458,1.897465648749397e-28,8.563427009799921e-34,3.8520316020487325e-09,1.3321736539936153e-06
sim_strat_0240,25.13415214856978,13.30173573980761,0.0914593852087849,0.5101872361101634,0.09580659559425954,6.46394497231378e-06,0.0777976945708687,0.0353876381006897,0.004478719029310969,1.753859759109591e-12,0.49123354846963946,0.0009623802005168442,0.0022876825898937767,0.0009574181437015282,0.0395005160518947,0.0003396731871225411,1.6388038243786703e-07,0.0020921158974026586,0.012956854407535683,0.004226972295620105,0.012679229027429642,2.829966305753467e-06,2.214773928322064e-12,0.0003560125164946459,0.05622666520278173,1.2986622159523138e-18,0.0001829185010693802,0.00022313768787523712,2.873030503411625e-99,4.198120188395787e-09,0.07869678200762009,0.00013082020959253392,1.299725278658576e-05,8.86230377637984e-15,2.691600188442154e-12,1.7550325186437787e-75,0.17926076265370378
sim_strat_0241,13.727638533319443,14.73666622188741,0.06614688266155343,0.4397889056418651,0.18493299770733646,1.0497460875824223e-06,5.106044555519371e-05,3.356557211171937e-13,0.037888773107134684,4.1320544504506323e-16,0.10695798264174906,2.725880568061611e-05,0.0005342879063086254,0.051771704286684476,0.0915308879503206,0.00046640869678211293,2.6717733666156634e-05,0.05654144183553426,1.2492329635514167e-08,0.0845645148348475,0.0004917422009754543,4.97521027399657e-10,9.900757510950463e-30,4.129728171651894e-05,0.14098150275033944,7.678304611039032e-11,0.017278230543691427,9.220412786892644e-08,9.922289132728444e-123,1.1581623518186587e-110,0.0036016143137824245,0.35187526426484206,0.01878433421110713,0.02449373345147966,2.037671856066359e-30,6.721326423313867e-15,0.012090087720610798
sim_strat_0242,16.520697923356,29.494107257934914,0.24416886555958198,0.4683776014033704,0.09657680814989225,5.804877091622493e-22,3.7368729423273584e-31,8.514138734519974e-17,0.797695211541341,1.4508702607037934e-08,0.20228876716582264,1.2301236205612897e-56,6.098297563452193e-06,2.9745626422902414e-06,5.001071059067039e-92,6.423965790728431e-21,3.5433737190589402e-12,1.4859675437267003e-43,1.320111811221414e-39,5.545230320141062e-15,3.303827002710814e-07,7.021361521811143e-87,5.908651847022548e-08,1.4747332788214415e-55,3.86236472275159e-48,4.129875497581513e-63,3.2753777861623844e-06,1.5295423485798054e-74,1.2565020808504368e-14,9.045542685563944e-80,2.6646442436725135e-28,1.6265589690485635e-33,4.9004825376995517e-76,7.946106685151698e-20,1.936583560505803e-18,2.4774555030919177e-49,3.2690733616538434e-06
sim_strat_0243,6.2776538176346435,73.7098699234419,0.16560695561672517,0.48642883795823216,0.245367288148069,1.4104900470751231e-14,1.8002283412106733e-25,2.5835553856694683e-94,2.172744572628983e-15,1.408669849989818e-93,9.52136787618201e-21,4.492773073805636e-47,0.8526743445945022,4.360399547723003e-52,7.289361215224594e-13,3.066651699324461e-10,1.4223923543532593e-09,1.1315037192691953e-74,7.633631699504233e-16,1.4079784034870354e-189,0.09731802195298736,3.664889713449701e-38,3.9597836289949616e-64,1.5080871291954854e-96,0.03599999458406744,4.468246092711604e-06,4.5057539707220405e-42,1.5727861256986475e-05,2.8967762764380637e-36,4.270831139376354e-51,0.011329772973917832,6.255738175673037e-59,0.002657140637853105,1.5115343900229866e-69,5.093642168620722e-56,5.274195187086279e-07,1.566013663220475e-120
sim_strat_0244,18.494701780268784,13.981123932551636,0.10259716229485366,0.6551942500265243,0.19631532241620872,4.585124182264902e-09,0.013357297877940462,6.728618298955073e-19,3.0379553592487053e-10,3.822706631502121e-68,0.2693462154448364,1.5341217177961692e-75,0.0007188600882654807,3.971817477848712e-06,1.1367440602301138e-38,1.7052008687749617e-16,8.56587005625186e-204,1.2940416538196448e-48,1.0732930075814168e-61,0.0019505843987118498,0.04029295772461414,0.028424973962746566,2.3238061903970963e-35,0.37068365661761404,0.019383415187645806,5.199735717539585e-41,0.040178695041715826,1.1508588416056204e-15,4.660082621700445e-12,0.00025555397835700207,0.02806758038349891,8.4654131208468e-137,0.18721358792062376,1.6106150736307274e-15,2.218899167947482e-64,8.048843323864023e-33,0.00012264466236926058
sim_strat_0245,200.0,0.5220496477795784,0.11429267805980772,0.42450981052208,0.029544994275291156,0.0010253496479291893,7.563227012788373e-06,0.14336510501547406,5.644125721974028e-49,4.625493612601531e-99,0.010648655428854755,2.0625610710803896e-12,2.9542810650969867e-05,0.007460177402013479,4.487306073575362e-08,1.91523349639513e-16,0.005646216624667734,1.2065387971654367e-15,0.001534611846432322,0.002972922764152065,6.282718295074671e-08,2.9006493374860653e-26,5.380936555628964e-15,0.0001397164331324155,0.01987751100054893,3.654070606775966e-06,6.588958006543127e-07,0.05230056292227525,2.0291202505025807e-19,0.015246171183678789,0.06404992795930989,0.0042659220147230675,0.0002247485489780181,6.44407125482175e-33,5.544352703241444e-38,0.6712003302854418,5.442160038807742e-07
sim_strat_0246,19.882151530268835,16.58897738517317,0.18158251907351936,0.5788703742531344,0.16318312768284385,4.742935070999123e-46,2.0120231638705883e-11,3.23235779535838e-41,1.7720400019194533e-84,0.7118038798974275,3.0610072702999237e-06,2.1692967058045636e-28,2.3505608179672816e-28,0.08185223009660102,4.2343807873495933e-35,1.3606878280605421e-15,1.0189727034310414e-14,7.096671971014605e-36,0.14277503328039617,2.1130944029367245e-54,3.0015621067649167e-175,2.3600245722200916e-15,1.9139934072096706e-13,1.5230546952476784e-17,1.488095114095974e-20,0.06356552240904878,2.727468155460099e-07,3.8242058988125263e-48,2.5200043793973727e-25,2.3283237382307867e-19,5.421145594192976e-10,9.688427444775431e-70,1.7836776392124057e-29,9.974918631043076e-50,8.485595531782719e-34,4.118213046458613e-16,1.307253439600598e-17
sim_strat_0247,31.168805512429167,12.047857555761315,0.22396483097751538,0.5496733535460497,0.18434970703136563,3.4582859768764065e-17,6.66117208967645e-11,5.824437717157199e-35,5.5704277460987386e-15,6.389752040024903e-28,0.7576143103596115,4.016387901904687e-123,7.284439460918731e-19,1.4370257430281842e-87,0.00011212768728577776,6.721564028564435e-11,1.1070702849352316e-16,2.729882505964509e-19,7.776773216581941e-39,4.208167570728235e-37,1.084784683600635e-06,0.17471923858039115,3.738415982515237e-14,2.783653571009002e-19,0.014814248523591428,0.00017357570576473165,7.661082889196989e-08,5.403763418150166e-09,1.0635030001723899e-43,0.047580281529858506,0.004975359879697347,9.690800653097272e-06,2.3793331968485305e-36,9.524923844311456e-64,3.5322922963294504e-97,7.630548201732159e-26,5.639110481817371e-47
sim_strat_0248,7.2714237506617625,46.25723344073477,0.1970525189592449,0.5317299684355872,0.10691003482072346,3.477208268083988e-22,5.116511427713872e-52,2.36744100053726e-81,1.4461589534500843e-108,4.962024553518566e-30,1.1271684395984087e-103,1.810779180834236e-05,1.8098631039127002e-10,0.008012015795564278,3.37724512164949e-23,1.0739887231536062e-75,0.09359897644823904,1.1579656445527375e-15,4.4746358478562955e-38,2.5463934614168908e-31,3.5003607179494384e-14,5.006168611675562e-07,2.165076371243208e-06,1.4065166251048518e-52,0.8737727837406074,3.22943653212383e-129,8.52392113511065e-16,1.0297317546029061e-21,4.603201979566791e-15,5.178022601769814e-38,3.0062867294749613e-51,2.966851394191784e-16,1.1175809196522857e-51,5.917219263632216e-19,1.1338546648099004e-10,3.156286319204915e-18,0.02459545023613492
sim_strat_0249,3.831051979918474,55.26556079513112,0.07256960944738776,0.5220532658478134,0.35734844353136913,1.1612264797850268e-19,0.22319887254773924,1.1381253168460048e-143,3.724125430728275e-21,7.052848008318065e-120,0.01471036446299559,4.818328473805714e-45,4.3342454186568783e-10,1.104001461917131e-25,4.73689620307526e-13,5.62591089364282e-19,1.1705579852519023e-06,0.04682394946472388,2.2424533415650776e-23,0.007900222633698462,1.4487253647276034e-27,1.6746421294930507e-56,1.864110894872234e-128,0.014494810068924842,0.5301719970563779,6.168352799720236e-102,4.910908314792695e-45,0.015547426701151742,4.935242611796541e-78,0.039371842068804765,0.003918075921045703,8.384967009043538e-66,0.10371737353319793,3.134820174206416e-51,4.312265421680221e-16,0.000143894549455979,8.255384038956964e-52
sim_strat_0250,24.31760045529761,11.815553042247037,0.1305570325652456,0.46792119001146915,0.042690466407283086,0.15583729628848425,1.1990130359604698e-09,0.0003098128361703465,0.0034093955093982466,1.1182261823843691e-09,0.0068471960828307464,0.10225562593426418,1.5710757226946656e-40,6.277685289740813e-08,1.0148103209463701e-27,8.712437164164199e-07,0.006788341796321741,0.0644924467922856,2.6243741945082607e-12,6.200184381132393e-19,0.003531673265729846,6.128010782314997e-16,1.8373129617137522e-59,6.413373350571752e-34,0.3589101411399318,1.0215713465363376e-89,0.049425884237767906,0.01932987264488107,1.0133890283733089e-19,0.0016004659445923838,5.012935226638963e-05,2.4675033324080596e-74,1.1321650932794996e-07,4.8048115546799286e-20,0.10381713919528773,0.004540275911764268,0.11885325351108045
sim_strat_0251,6.316499861181437,60.40300755835275,0.07871967090403259,0.5660044766629625,0.09943676652707072,5.735599538154438e-12,3.547616375115303e-53,0.00048508845643743245,9.938298874618816e-19,6.261537982264487e-32,0.02659460863106557,0.14083606388928585,4.4011707728064785e-70,0.30786519541077506,0.03160042913431331,0.005955421613443478,0.06436753884490615,0.10890522981747576,2.3969179028321474e-10,0.05557526065848732,6.961738478318517e-122,6.988244135306162e-86,0.0008354313638871161,4.3559925224220874e-09,2.1439234198004566e-46,7.468769945422877e-08,0.07116274446287633,0.017774231626228376,9.123404236971859e-21,0.004257349676166373,0.0004487053136070244,0.13929101357558465,6.738089468469827e-25,1.0760803203272846e-20,4.655480521935141e-68,4.0066605091521003e-29,0.024045608236340946
sim_strat_0252,16.80172268002374,7.219407769443209,0.05943044012791534,0.4939988134115631,0.14590018056423817,0.02268218997641137,1.2070810432412684e-14,0.04017143742403805,0.0005933495587119773,2.2352450402619046e-131,0.12650628736331174,0.006668842911688821,0.13370173730829268,0.38568492311433145,0.051266672448820806,0.005271943713178565,0.10537850690980372,0.00019700870568153,0.012313585003295711,0.008922792966425385,0.010981532191951403,3.2148516829862236e-08,0.0007406950440648599,6.218306789674108e-08,0.01650254537445316,0.00017213462023896395,6.966957016401309e-06,1.1757920516085588e-06,1.5311714382649563e-05,4.4092108951738464e-16,0.0025759418177465363,0.002414151158462954,5.407774316407888e-07,5.034832194560785e-05,0.02087036922534333,0.0011772374626049325,0.045131677806716744
sim_strat_0253,4.311593419612474,61.220912972399745,0.026517645656000313,0.523567608693451,0.21586604066581785,0.008177116814508844,0.0013692533238187032,0.09590549081338855,1.412543215304974e-07,1.9922301680416975e-25,0.014197409988555194,0.03889112116479808,0.06890454532964477,0.07745918643719958,0.017324831584669992,3.3132298530814076e-06,0.0034524565334134783,0.00408022876038817,0.005806013359444312,0.1633756645167299,6.917960127684076e-05,0.0022472828538911984,7.058177319323664e-05,0.0035299849646688894,0.01781021562102462,7.740549647686512e-08,0.00020551815106458168,0.06500819909205074,9.579922447864584e-06,4.794544425792387e-44,5.402889237910442e-07,0.011167881329622818,4.164135430837184e-28,0.30514612794525453,0.09316442132937677,0.0026231920093341353,4.4460163942917943e-07
sim_strat_0254,5.803073499319364,35.437309490276,0.30557136598907936,0.4991778508623786,0.11557529206695631,3.0310202410580277e-81,4.4157552145350495e-55,1.5031315938171444e-12,5.487733964059288e-32,2.888462374456274e-49,3.683676906324075e-35,0.1323922295814271,3.290294216244485e-07,2.622417141315578e-31,6.606432248093762e-46,3.7215701034330293e-97,2.139847574586999e-18,0.867566625252783,1.692119631656911e-44,3.022057057605875e-07,8.177095183747646e-14,2.9974464730924916e-31,6.07361793260636e-50,1.0018983764091587e-15,4.1016799097445394e-17,1.5215784823577796e-35,5.967777806431632e-52,3.205665413407679e-17,6.78071406710876e-10,9.888365220464503e-75,3.0424524272699876e-19,3.999325018197976e-74,2.2511269237985254e-64,8.628754932337239e-12,4.0513242376237715e-05,1.794881198348817e-195,3.778987911954731e-57
sim_strat_0255,25.89729038009055,10.294122643199703,0.07260316040152529,0.4234457056890578,0.11736841095629584,0.2612556318681859,5.758201215602211e-05,2.443488317528667e-05,1.0360279264156259e-23,5.725331520651788e-13,1.9463735977986792e-32,0.00023480143850444896,1.857052706271175e-23,1.3398336358795394e-37,0.0011971667184782378,1.7678262332247264e-97,0.006271597014754646,0.08628364413578689,8.013758335041786e-15,6.42357584920726e-55,4.2338607610349094e-22,4.2773397593783267e-10,6.9791889851174366e-09,5.255931842671495e-33,7.095814748522032e-10,1.0721807917781886e-62,0.4705613525223369,7.220868346435727e-18,3.009386877179869e-60,8.066569918148313e-13,2.3460824338626607e-22,8.029948846908912e-14,0.0014099362905355703,0.0002187221015322641,1.4704032883046573e-29,1.3159973465730047e-28,0.172485122896582
sim_strat_0256,14.410922310110765,21.370271697149462,0.1558885438173386,0.5376902733057563,0.1218620640872158,0.0005947698368798598,2.1285999887455773e-11,9.355937298259422e-16,2.016366419922899e-105,4.5531393859117844e-98,1.9035186047757133e-86,2.526500653315024e-46,1.116046858619164e-16,2.303859474826816e-30,1.2767081298010795e-41,1.2625890297428543e-49,1.799822711307032e-14,8.43685201815672e-09,5.864200752150628e-17,0.5503202285838812,4.9711557078309074e-48,0.004819997089776705,5.952323644484039e-10,0.004987586500256026,0.30090333363673316,5.22008447075999e-180,3.976243285001898e-05,2.423595665099996e-11,6.320968312944194e-11,1.1276435726026957e-55,0.13831206908474847,1.41495924758715e-67,8.985077827341404e-09,1.288877325177401e-22,1.0972988154714694e-31,7.075195189171285e-36,2.2234708961360804e-05
sim_strat_0257,11.901612178974133,18.486339229891286,0.10290215501367847,0.4611931459668619,0.08673377147228305,0.034149592336517154,7.892784370801605e-13,1.1487597066854352e-09,0.00011949670075488287,5.049191020437523e-177,1.972691741992998e-05,0.02649743816504301,6.245169918479142e-22,0.05584933698681437,1.0652236739963308e-05,0.0037561394502719034,4.453832126925003e-05,5.012084342563961e-70,0.1579956974902942,0.0017338885351229152,0.08368894986595206,1.5736465879290048e-16,0.08308030223554529,3.843000782668194e-24,5.939617356473299e-05,7.990106996363896e-11,2.4564031061747156e-05,0.2895151584439471,2.2778618504806896e-08,2.357801471887722e-10,2.7950687926971303e-21,2.7215404755692467e-08,2.5177267295217177e-22,0.009645591287919773,0.25380947936250803,2.1138664372898968e-108,2.192192360264892e-17
sim_strat_0258,6.037854533167949,52.272495263336715,0.23646170001834266,0.5717921888464054,0.10522583585659569,0.22627009704511747,0.024944513945959805,9.525498757891089e-29,3.6585109975609753e-07,6.771208447954624e-06,0.062321988597947846,6.989156748225398e-62,0.0011525201705324206,0.10378382859327613,1.1067604698326664e-07,0.048029407447198615,0.07457280155687365,9.856432112639146e-126,0.39270168413014606,4.402761512465863e-43,4.893263143339063e-81,8.941046223232597e-52,1.0098026139751618e-57,3.883903039955882e-05,0.025851379392141032,0.0009698767664460797,1.258822451761101e-104,2.532562928078049e-165,3.6125485566847276e-17,9.309164491304572e-07,1.6834504912933128e-99,2.9124779201040044e-54,0.00841454093763655,0.030940343734275795,5.0023738364809145e-15,1.010073684752022e-104,5.010869285330945e-35
sim_strat_0259,16.845713108538014,17.769084624168602,0.16806530475554268,0.5759841076364113,0.14415233114302897,4.5609716638784e-25,0.9842467227868991,8.840716404942831e-05,1.078609201852408e-186,7.859379097869862e-10,3.345290941123958e-30,1.7110491603894345e-34,4.2875575609032557e-17,2.754425162753473e-46,8.595458457115238e-32,3.0392332415474947e-35,7.850992150741323e-18,2.2947587819277818e-61,2.3579848174923908e-14,1.5345526285427683e-155,8.127203596735035e-40,2.1809905328111896e-31,3.1478338228137746e-67,1.864325252634046e-15,2.507007491578741e-148,4.749010794458246e-18,6.637611874661171e-40,2.6412549178768544e-37,8.79785279681609e-126,7.916150471101529e-25,0.015659735482289373,5.133780798775626e-06,6.441768844064192e-60,5.691960609836638e-38,2.860168382476907e-42,7.384771097006274e-21,5.604171563580639e-20
sim_strat_0260,4.336312444309131,59.444722870730494,0.18781346657760226,0.4609756704299721,0.12830118535904783,1.4975217566166454e-31,5.343269766691838e-18,3.4113815422157498e-46,1.0931589089218912e-20,2.816885545450942e-57,7.395986512060486e-08,1.6096893037013152e-92,1.5522605381082825e-19,4.131085034816948e-08,3.085252159387774e-38,1.621422075753193e-42,3.085806411589431e-06,1.203148251856861e-08,6.897212992557476e-66,7.673489579286831e-43,7.412817471519486e-43,0.9998341679851948,3.509524918818336e-18,4.447200138240466e-86,9.08270185928138e-16,1.084219581307766e-112,1.2925302595867372e-55,2.162842783138197e-65,3.7673771193665585e-93,2.514950210082301e-06,0.00016010395598485173,1.6470034580893674e-18,1.8676151004764495e-22,9.294115907155244e-270,3.711617880785933e-27,3.171504992486892e-49,2.6643287653138343e-41
sim_strat_0261,17.439345658902127,23.91541363207431,0.19085060648385674,0.44116435124331377,0.10817398838389751,5.983110890519941e-06,5.855569525226802e-88,1.498155592770631e-40,0.01893534704953664,1.502131603491935e-237,0.32284400035001226,0.09185005030325766,7.711968280104827e-118,0.18272605311986048,0.09008735456606602,1.6375554088254162e-36,0.011726115669529394,3.177201685071674e-05,0.0027600396180450003,0.03990238856854394,7.873818324141548e-24,3.476190143634989e-31,2.6363457390900967e-68,4.487495818879989e-05,0.0006746819463503415,0.005212682582770568,0.00022027665433470864,0.046313532528945024,6.350313745021665e-67,6.392444849323135e-09,0.0013843111938242813,0.16607499776033025,4.942664129368977e-24,2.143489384217219e-35,1.0194511465208183e-46,0.019201540434508665,3.99117571002698e-06
sim_strat_0262,6.618642757755013,14.055156181331856,0.0325427297311059,0.47197321910653267,0.20964321700044966,1.5958653448390935e-57,4.672380836572412e-27,2.775028154577995e-47,2.2456398556895005e-62,9.068491608843876e-10,0.307714738294646,0.024127093339607022,5.266941312291667e-11,7.614195123631658e-44,3.5002865336360693e-53,1.4646066061957667e-57,1.3204222226874351e-05,0.0067243729994925245,3.4601529257244156e-18,1.3550645154512304e-91,1.8839406923645213e-55,8.16050437227334e-78,8.85381677625377e-30,3.3215831041795073e-06,0.5987925960208144,7.913084892518641e-65,8.932709935889095e-36,7.593089224223495e-93,3.561309232927649e-12,3.1117449663853772e-43,0.06260735529159839,4.313584782896118e-06,1.3003700647983346e-05,1.20127276137998e-44,6.494704474714001e-129,4.1514286240749485e-28,3.440228919606466e-58
sim_strat_0263,47.35996050536605,7.301544787904363,0.5715862932432703,0.42509816666253336,0.13366232251365182,1.3825441841564289e-18,0.027529806617347316,2.7241317924944382e-58,0.01493275748511916,2.515851473443148e-50,1.5097048102818466e-78,6.918585178971992e-49,7.880741641061184e-138,1.9325946263683043e-13,0.027783119310419362,0.0007398221974841943,2.2297141464205967e-14,6.166827120422608e-62,0.33081198408491325,3.1671117727321714e-70,0.0332441845808831,1.5364933759313626e-54,1.7454667564977917e-31,0.016225816841068035,0.13891622444445556,1.3052432717298088e-74,1.516434729867167e-26,2.3663203878676177e-33,2.3109318425261233e-87,7.376976689543449e-05,0.2201103656899899,0.08252640313335714,2.560050186117915e-08,0.0010025037550647749,0.10610321649228534,3.542570904310383e-51,5.940817820128459e-85
sim_strat_0264,38.54276432098138,8.432659651213493,0.5367260509517375,0.5732846765379058,0.13428133239111217,1.5791047266524454e-32,9.45306668890416e-138,4.0824574598371056e-42,1.678224532071611e-05,1.621089079909596e-136,5.521620901932018e-40,3.455694779581657e-24,1.2762282456978958e-16,1.154598457182522e-21,8.609748309975555e-08,6.52191410027609e-15,1.688518556640164e-11,0.0004150804097495237,0.41360555015464007,1.508812398643792e-09,0.011246360833266609,1.4977671354778767e-60,8.48387726605403e-28,0.03676263589702879,0.16286180802647118,2.8099464273341435e-28,4.1231038446477676e-49,0.014273956517898726,0.05779566523040366,0.0015158705646443787,0.13703850161891065,7.475297348572455e-67,4.552183541129616e-188,4.3117944682568e-114,0.16127033998602716,0.0031973608924515105,2.0510529978199594e-21
sim_strat_0265,48.84557246389561,8.836542162040093,0.5376341176386784,0.5721971515104872,0.11883613572829477,2.796845956563031e-12,1.5366337730098766e-20,2.985602964865399e-25,8.016355300231422e-106,8.166243661253321e-42,3.3224082733491578e-09,1.4376678316868318e-06,2.5634771630958415e-107,8.610609069274017e-09,2.0329157202818246e-17,7.10938836773675e-44,2.342107651944874e-121,9.312776938034383e-53,0.023361609532808563,7.352411954682848e-17,8.85650152758631e-13,4.144884338739214e-56,8.05651468597346e-25,0.16565176466549758,0.32456499621594787,2.933829418448659e-07,2.764419671079978e-31,1.4163491200166542e-36,3.5064518069571646e-12,2.749162857485582e-23,0.33102807007884494,2.1404063591990253e-47,7.290382357154927e-16,3.2753448044358476e-26,0.15539171642797145,1.8363050957144133e-58,1.0008794900591711e-07
sim_strat_0266,47.99208902387991,6.744073138291006,0.5114831178889826,0.46123817999200273,0.10218057658741785,1.8668579966130556e-38,2.02786089074341e-05,1.054460451085629e-17,6.5657925485910015e-28,2.1104760717127385e-91,0.23358583095091046,1.9030198543170993e-18,1.0696191730785532e-107,2.689306288788064e-36,4.0226992805800895e-12,1.2024556128761911e-157,2.349526863922571e-06,1.2904343396569243e-24,0.05847975681367607,6.65652497481533e-64,0.000279643525399303,0.016655071139849598,1.3177521023630903e-42,0.051010880804382555,0.12447268111938758,1.563733930980066e-15,5.68149566894597e-08,2.409773876194513e-06,9.725082115239068e-41,7.069977919560686e-102,6.793821001580846e-87,1.2733474191885072e-50,8.782762667903976e-83,1.920506273934926e-54,0.4692166895105044,0.008201951906095963,0.038072399501165595
sim_strat_0267,7.66811556376096,32.36861539372546,0.17934540794569023,0.5409362045748622,0.0907663840107486,1.1988736758745955e-05,4.822759384450802e-20,6.311906985058904e-38,3.541256460451688e-43,8.200636777517429e-302,7.316458777958549e-07,4.43520027030642e-16,9.522999140891272e-59,1.058376280206341e-24,2.301065115600795e-18,3.2485024241560104e-203,1.882173498182565e-19,3.533180044504588e-18,5.9584277926547756e-46,8.982241899982907e-15,2.6096220561690184e-55,1.3870622145467963e-27,1.1521960784040628e-68,1.372666646810487e-07,8.15395838124828e-31,3.4271897391443075e-14,1.0358472199579826e-67,4.733554311583522e-26,3.32278624550104e-73,1.2488704463095548e-72,0.9999111159328149,3.56067363055485e-24,2.487677770773888e-07,7.577765004803559e-05,1.2812323452838696e-17,1.5209042896974202e-14,3.4099259244337137e-47
sim_strat_0268,18.44801413320326,19.83086683232037,0.1975582942938444,0.5419380453257776,0.21607150504268188,3.4197543760139927e-45,4.943131175242603e-110,1.6346105988359232e-33,4.63674067618911e-09,7.189218147589173e-13,8.28182323226944e-27,1.2233363822068767e-47,3.854368623320314e-16,3.06606357006714e-14,4.095536314573983e-108,9.884697524471623e-10,4.544679426941644e-26,3.490249398053083e-14,2.8926675297581557e-80,2.6411131340951363e-51,0.1448360874804752,1.0633672245599683e-15,9.638507637562533e-71,4.348237212919798e-28,0.10171413110959583,4.0457160951055364e-24,2.206515011672771e-112,6.862406062154284e-45,4.588529969641971e-78,9.603027184907546e-56,0.1736825085771059,7.445683415002375e-13,0.5797672672060822,1.3252432032186373e-55,6.281180079140602e-19,2.3835739921770204e-20,9.833678188404218e-102
sim_strat_0269,20.762519809279024,10.415330200485124,0.14916682887703422,0.4285967412269138,0.08624162925160482,1.2985200520617692e-89,3.316375459869322e-66,8.654798314329057e-07,0.004918572116872095,0.0005235410535964816,9.29473413872444e-10,2.292554632932874e-85,1.6335470852304276e-33,2.3238669700741123e-63,2.655269442039057e-18,3.0078868214883026e-08,1.4108634717698052e-34,5.2419190722848036e-114,8.522021179088287e-44,5.685356985533949e-22,3.359825412171183e-92,8.46014015117144e-09,5.436593807980744e-19,3.333515248724816e-24,1.110922223252948e-38,7.828914560368896e-29,0.0006464464223032353,2.911737046278038e-60,2.5545106593972835e-05,1.0844744002361237e-31,1.4995847151967678e-40,8.472649738921372e-44,5.2889365332396866e-120,1.1578307443985808e-40,6.0223648581639224e-71,3.776953883789353e-18,0.993884990352321
sim_strat_0270,37.98131103754811,10.573529195541376,0.1525474164718787,0.4964124861961109,0.09575640835642715,0.048688670774340304,3.984376340758361e-15,0.04072740805336481,0.00038277330132308756,1.919109966342127e-05,0.031814811819198346,0.03409256251677894,0.0002972802344840225,0.13632109090469435,0.0005244279433553709,5.666690300961063e-32,0.010396012870018479,0.01772233172185132,1.911480552049145e-16,0.0024650862978030366,4.922699321016184e-05,1.0024496679850207e-06,2.7613673993834657e-06,0.4342627567037311,0.0029457075033617417,1.2001104036794856e-129,0.0007567803735055227,0.00017765482186286475,0.023116823949745426,2.2867388784329315e-06,3.160963211507879e-50,4.9234373639237615e-42,0.029771864542649077,0.06629342912614551,5.359872427892195e-61,0.08812920013154413,0.031038857761418893
sim_strat_0271,3.2255088535413914,49.21311873765668,0.41899426196332284,0.4553650897672606,0.06970548293821249,7.555286056753291e-39,9.575091421756855e-07,1.650627659504567e-95,3.4449068215360866e-32,1.5422380502118172e-23,2.1279926747100704e-14,2.78473396394559e-08,0.00031028987877404176,3.6441218400140823e-33,1.8330396143365642e-62,3.970535149108336e-22,1.976968447669363e-23,1.2924045620711368e-72,1.4669584821228154e-06,1.6022885995066304e-28,6.874856662409723e-13,2.3336044993743594e-46,4.3429213546710614e-32,0.00013156263730315537,7.065905059882567e-35,3.822300304237184e-60,6.653473250693279e-05,4.081437394027288e-10,2.645198130747217e-28,1.652186300920873e-51,5.1489920354651155e-31,1.5011162424491778e-81,0.029908389268545874,6.185496548956476e-13,2.81843706154057e-17,4.409352218790075e-82,0.9695807707584351
sim_strat_0272,19.28165470115306,13.340478019693403,0.43325927426348554,0.5139126867097017,0.12994148490078017,0.0001031711181667801,0.06752226663313718,1.3397248071250076e-15,5.020982088267163e-28,1.8298098308969562e-22,0.28595614025753185,1.2627489012948374e-46,3.995309918057787e-60,1.8968930879869626e-87,2.1028676680631761e-32,0.000406786055171524,2.410779922321263e-15,1.226289972991498e-23,0.28050016459321175,1.701331107230836e-183,1.818200395677655e-102,1.5712252160387358e-14,6.899559113979712e-22,0.13183009443055904,0.11132995286409689,2.478044345105122e-122,3.532344601376132e-38,8.206951344423998e-17,2.9760730617503167e-12,1.1145029316393945e-100,9.319514780612832e-46,3.584976691099316e-09,7.841876294798298e-68,3.3598959991590857e-06,0.11925335268013011,0.003094707884023357,1.0864598702050696e-121
sim_strat_0273,19.33563970067703,12.32091576099197,0.07768633234572196,0.4498060108052643,0.08633500705706658,0.006437218107084165,0.00965430967163459,2.323958259673995e-11,0.11740569981302826,8.259271544851669e-38,0.015348582266746371,7.602729876032191e-05,0.009210675984404863,0.015608528906318885,5.172102708191878e-91,0.023082614462392993,0.0008566158032083878,0.007896944307405415,0.04052889774165963,8.55710892607175e-06,0.02403584600596889,3.112864053317443e-22,9.743773870450303e-16,0.15624838616012646,0.14104460679088376,1.0746448448608396e-11,2.6224035224922487e-12,0.03601919247277244,8.15638433957729e-09,1.1945653388751042e-48,0.16834655792204342,6.083300640956851e-06,0.22687676325774536,1.0640380175043646e-13,1.7352893566763673e-32,0.001307884425148465,2.183874174948665e-34
sim_strat_0274,21.8291982823775,11.52442760060546,0.06574153447755103,0.4413911346340593,0.10146324172874618,1.162187318301459e-14,1.5313821147136716e-06,2.3996010335458176e-06,2.6094028591141566e-06,5.1381927778717394e-51,0.02348454488934816,6.72924839238518e-05,0.012478086391800671,0.021157778504586208,1.6098466960240536e-07,1.2501140719889621e-05,2.3507476544609187e-08,7.020384509997256e-43,0.0650762774923011,0.022743078169244927,1.7239649081242872e-07,7.088313203201143e-14,2.2732259141213185e-55,0.16581243377877328,0.2215715254167653,0.00012437107553208993,8.924600929378203e-05,0.0010389915244828321,2.443643293338792e-14,3.563157072251294e-11,0.3649582719321094,0.0006481933277021287,0.021511301660733114,0.03028151834466791,9.411841159461206e-55,1.2792806441291375e-39,0.04893769054763264
sim_strat_0275,15.018112738714533,16.56799016500032,0.06573571706900677,0.5936602639110808,0.17948084359285763,0.07317304442940112,0.007766006997384235,9.720834813711134e-07,1.1282813815157035e-06,2.1587476611696122e-69,0.041123865312333314,6.485088858185977e-06,0.11575814272425247,0.0316021765834124,2.4530289198539157e-15,0.004367791739315381,7.007685572537716e-12,1.2785589561098132e-10,5.6136237256746195e-14,0.007642135815697865,0.14003570197033982,2.9376035547976616e-35,1.945703903950254e-09,0.06076365167290844,0.08532841490927007,3.462365688117727e-21,0.05511613786670522,0.2520684457101517,4.305816815662644e-23,3.630372967780571e-17,0.0003054021396132806,0.00036814964425770726,0.0928023350002555,0.00014205481553565603,2.7585930827334477e-61,0.030472861119268398,0.0011550940155503518
sim_strat_0276,15.759283482245056,27.220248842765866,0.23957704027493928,0.567691582431373,0.09349803590674689,1.0196706504044298e-112,4.46775860621106e-65,2.1647780286712315e-60,0.9314921129287452,4.6801513351658545e-54,0.05655438660314903,5.914892470353597e-19,2.0059398162045653e-45,0.003513331988620968,6.070196796892376e-36,3.7453245158996795e-136,2.1532860230600848e-43,6.970638881278879e-08,6.286383607568444e-52,6.0021876246233674e-05,7.229605652529622e-06,3.179895578323342e-32,3.7809917402994495e-73,7.904867876243112e-17,8.348315019801536e-131,4.1262775232130055e-21,7.916462222995497e-45,3.817448751310657e-29,1.0219582322646287e-11,5.007158080947504e-124,4.540266425363815e-33,4.961323864533522e-08,1.7172750577466778e-12,3.401230714594386e-24,1.7342674526519716e-67,1.0186891015622711e-63,0.008372797666021467
sim_strat_0277,5.373866334385736,84.25928910765136,0.18594305972394376,0.4714427420136845,0.29302255486166223,3.059710886464127e-20,7.875339428076291e-66,9.245902756218822e-29,7.881496582565818e-15,7.076476128511688e-10,1.1410307414923697e-56,2.170353448122168e-94,0.9006292903024241,1.2631995184570145e-54,1.0196155329090433e-11,1.777909511544324e-12,3.8937057983159944e-63,8.306278960823052e-65,7.165410132191508e-43,1.7799103854626408e-43,0.03159103546318119,5.97575202880298e-117,8.909735512026068e-26,3.0556036412761256e-09,0.06777804200273428,1.600602016199355e-120,4.6831426720329655e-24,5.772720036713629e-35,6.376010922852899e-41,2.684374927656463e-24,4.778800393392802e-12,2.0213514395981165e-59,4.837664196775826e-09,1.9747509125251735e-65,5.005893376981258e-21,1.4509845551215662e-67,1.6236139842967465e-06
sim_strat_0278,14.409156969210464,18.07577339329681,0.09601674908724495,0.5402252157182391,0.2232097775612777,2.3124969012695513e-30,1.732979919911695e-05,8.829945574073654e-17,0.01762757422245718,3.253062970611686e-20,0.37808663064470194,1.6767244771071435e-68,0.02690101385104779,8.572825322749325e-06,0.00042697458767822325,3.7940435649945633e-246,2.304203982324095e-17,0.017263726743838297,7.284284124064718e-32,0.08651945084107478,0.0010650155114237396,8.486430575464502e-14,2.3130294299463603e-23,0.07546214869272398,0.18701066152232307,1.9045956322853698e-11,0.00025750059264051205,0.06023310511111087,2.4036813596955272e-37,0.10330039688600319,0.022241143183061977,0.00033270378120403603,0.022147203583346556,1.3999313558879e-58,5.55043874000468e-05,1.6197980903877523e-35,0.0010433432143111014
sim_strat_0279,178.27032551792064,0.505036116144976,0.11256456920904781,0.5463811940840346,0.027859807237774134,0.00046469317422251214,2.0540440469674484e-05,1.870440804973613e-05,4.18210552359131e-31,2.4930027565629387e-26,0.00017381252374787224,0.001804164065604309,0.04588617415443212,0.14278999323542946,3.526726790963661e-15,8.628179456121534e-13,7.176333723434959e-14,1.836860473437458e-15,0.04997628025311543,0.04250557657483859,0.16134549363435943,4.2726705063451096e-39,0.008824559096342522,0.02837387598055592,0.0011007733766817982,1.6777892237867026e-10,1.7770990876370946e-06,0.009267945669507636,1.2970628934964992e-06,1.5220028875772013e-36,0.015837956516430066,0.06914903335683135,0.0006517264488198677,6.603118934616151e-96,1.509582759817472e-05,0.41811147962211775,0.003679047310145766
sim_strat_0280,14.894846477454031,18.990697610630075,0.19163274563084778,0.5259962845761597,0.14659757611720992,7.408765688925267e-19,1.8447115361416832e-18,1.0483201969749412e-84,4.979326521272392e-05,0.5587981406575286,0.03121259127145094,6.585468525140323e-22,9.914260590890044e-85,0.07880227334823886,1.3458546631317434e-29,6.271832869541941e-46,3.014377241693383e-60,3.959319928842338e-33,0.0512725816502938,2.3925679025042494e-71,2.5058151519045044e-37,1.0386379028043929e-24,2.8748959016709054e-71,8.454717023441641e-09,3.751503696265636e-08,0.2690371003637338,1.69368427934014e-48,5.196857568703538e-12,0.010827473468588856,6.30844874300805e-118,1.340423760974359e-15,9.304106597520432e-41,1.7916432779071784e-23,7.455426044421885e-38,1.5611642584363307e-120,1.5941295945516353e-38,1.697354787915707e-20
sim_strat_0281,23.991134983404557,11.323827040907382,0.22456195127381715,0.4411298608070041,0.11684156309399144,2.2159112506101163e-52,0.0030329092443640306,1.3158690657533557e-55,1.1397788608651309e-89,1.4964087059651257e-10,0.9136864403452503,0.01642866180287154,2.5154352626622783e-32,2.199827979708472e-25,1.679931400196115e-70,1.14551206273126e-19,1.4070259539796374e-49,2.1198298172119577e-14,3.604512009913383e-122,2.002844755398294e-166,7.180096129296555e-13,2.290787745591625e-148,1.428988126063675e-05,1.4507658536592341e-33,1.8518400101611384e-06,4.533870723870843e-13,2.1300285881850405e-18,1.655669474675256e-89,4.73009595147721e-136,0.05885927445224589,0.007976572283164002,8.952855701218586e-49,3.799302211054252e-52,5.0625820855242715e-81,2.445321958701401e-24,2.1888041827346062e-23,4.339066248834304e-19
sim_strat_0282,8.555729652897522,49.21825404787856,0.20634915574285465,0.4504272215799888,0.10510828230683691,1.0627658463853399e-06,4.680424262329196e-44,3.477133167169496e-30,6.595222967367378e-08,4.777440297749602e-18,3.3481065019749055e-76,5.961299607250292e-32,0.01084630702737853,1.7477612945931817e-51,1.4871178870093965e-17,8.760686358945834e-17,6.459758103022131e-85,2.1063067985622653e-20,1.9222436738127146e-31,2.3531511964660553e-21,2.318078730465075e-93,0.023874500850379503,5.109390672570896e-34,9.534098054913653e-07,0.9523657925186715,2.344488033031033e-42,0.00016697348742350952,0.0011549624264533967,2.8681005650117017e-10,9.759293655544013e-09,1.442280933719613e-88,0.01158922281793932,1.4869776865786852e-07,5.339342169192183e-49,3.945058722691459e-130,8.352841634599996e-73,3.4612409155616247e-121
sim_strat_0283,4.970401900365002,71.90178673060261,0.05907384477629674,0.4771031998853172,0.43503832651356666,2.706781679487831e-87,0.023013192777784533,6.990539921026166e-15,2.275134444153694e-25,0.006063889179686356,0.3617966811975426,5.763728863790686e-22,5.582004775016868e-16,4.294356130022663e-24,1.2379829713451197e-08,5.464375032327258e-45,9.61963430908985e-41,6.312233067095128e-58,1.2801650959788403e-06,0.00030355168180104704,8.469023566268226e-31,1.4926259408968083e-09,2.5394353933376435e-49,0.2934556531763121,0.13052466053009065,0.02596813506426652,6.075121279359882e-07,6.800949071516597e-06,1.4374762845103554e-13,0.07053684508915196,0.036388453277039615,5.0673355739035384e-06,0.045996710306653935,3.525479523326425e-30,2.506679057617617e-14,0.005938457885169274,1.7392347758879285e-34
sim_strat_0284,25.43942799648417,11.665927048272362,0.14115557334776976,0.5331982633340289,0.05020928670292309,0.16697642728820525,0.0002500542990019191,0.004163348512427503,0.0001390508007059693,6.352094569783464e-60,0.2876069620454657,0.14208733011691435,1.3310005017987846e-20,0.00021289923642281216,6.263688039978405e-41,0.007454101057573627,0.04094019292451263,0.01772635894059319,1.598031135432323e-05,1.2097391437925735e-24,4.938096904767845e-05,7.232936104404397e-14,2.6437907510705794e-64,4.9732979784793e-10,4.328497481389114e-05,4.0659002608120986e-100,0.010816429886931265,0.02611373412468521,0.00025941400129338187,1.8579330448049424e-125,9.687378022349403e-05,4.8913386378101786e-89,3.0742374297331785e-12,1.774590902283547e-07,0.18357405575124294,0.008132948282352148,0.10334099473666584
sim_strat_0285,7.257313928713368,76.05930777756973,0.07494363865618417,0.5375251710285118,0.12217882831841657,1.190282437438735e-10,1.2157802572685229e-76,0.027876454567977892,1.178223010217222e-10,4.8481556570743435e-27,0.029244919395466733,0.02131076285781816,8.653217911943989e-54,0.4843360900674586,0.012652422170579535,0.08207148866805868,0.008740874456112114,0.0004027158900223991,0.0016521535449582076,0.00018736944256265251,1.6488722475382536e-54,0.0008607586957822213,0.07701264705569803,0.008821237258514856,2.5968826355681586e-60,1.418951402399268e-18,0.07207303227576528,0.050089182016349695,3.373312253857141e-07,4.0419200256420625e-05,0.006409759782811284,0.11482047961832499,1.5512869870409426e-106,1.7194933674858591e-06,6.478733953204497e-31,1.1225296126331776e-26,0.0013951759740389689
sim_strat_0286,19.168100237720616,6.658858739648684,0.060746153948818105,0.4383461573115694,0.20798037876684175,0.08332819143427546,2.3154994387337567e-10,0.015056920128341264,3.5333571938775476e-05,8.579700660602416e-19,0.3942292384290921,0.00011995656203037923,8.684701837346443e-08,0.03448536805498685,1.287433278255112e-06,0.001143568346454124,0.12817480807086,0.05982342906814102,3.416132552406386e-06,1.1640475847840247e-05,0.0655646093733724,0.015010543993129358,7.058370508442948e-13,0.05548595551072109,0.004810229735643203,0.008987953850018916,1.4303958009253287e-08,8.627321786437545e-06,0.015564799074239804,2.6163757382937616e-07,1.072193511593409e-05,2.328210287301282e-06,0.02456555797648137,0.047874053523139566,0.04485033770228666,6.236697990755231e-05,0.0007883940852658831
sim_strat_0287,3.9601063474200635,66.49478263617601,0.0391774385783555,0.49668287137950945,0.19257256185709454,0.03867450051222239,0.0002610921643800594,0.010714011381787222,2.0465035107124362e-09,4.209394653242681e-33,0.048493742530308935,0.06517889895825396,1.3472688204560357e-05,0.008936682067211446,0.21227066885082774,7.168475851597482e-07,0.047305733988751854,0.0011676314814110444,0.0015629751569465305,0.014066167713006344,8.070568691454912e-07,0.00012133235678813419,5.4783443173892457e-08,0.0011567096698017361,0.00010647923014861446,5.100022550159962e-09,4.3989857729762243e-10,0.08986685121797812,4.040312282108757e-114,5.084297915687481e-82,6.104215972371337e-07,0.00020032556361665127,1.547761764750758e-30,0.24573393309973618,0.1506290328267722,0.05975547540753454,0.0037820864383925
sim_strat_0288,6.981903016268181,49.84808482072723,0.2851494507836682,0.5467691922755821,0.08748605687410362,5.626846211027541e-68,8.375613203673976e-59,4.346495259277042e-31,1.952300287699618e-13,9.274137943319262e-17,0.026667490850713276,0.16312613893729666,5.46183805863933e-43,0.001269853849159561,1.2549549700455502e-28,4.798210267699751e-27,1.12741321460988e-25,0.8088935337228081,3.2952448733758726e-51,1.884787146703408e-34,9.586703521307737e-44,2.421828259021633e-25,4.561229814004193e-47,4.734829614297036e-23,2.21183807465893e-61,1.3410361346982717e-115,1.2471271306071475e-172,4.4652618996038074e-20,1.120091413781266e-37,7.25388679721301e-12,4.2887059261823806e-05,1.175896888129584e-115,9.557331131434307e-08,2.5075854554209815e-19,8.227721440875955e-73,1.5787415970338433e-34,1.0005596595831788e-201
sim_strat_0289,23.928337063750302,11.471356838293012,0.06591655101228741,0.5919331952043118,0.11614503573678144,0.27857335749304807,1.7288336380213725e-119,2.800587728475008e-19,1.441947933201423e-80,1.931290432892357e-05,1.1213986862493485e-20,2.091926743174107e-14,7.548401619232704e-39,1.7590130963807614e-56,4.509579541188384e-40,2.347425224849619e-30,1.9562827101484873e-09,0.003189711027417398,8.38559204667185e-69,0.000895048982480935,4.311014088999058e-37,7.468655099244005e-17,0.010671365282764198,6.728102254322224e-80,4.407913616232739e-12,1.552380155732237e-86,0.7065114865032898,8.748682083165232e-18,1.3237787557790224e-12,3.6774525860505214e-58,0.00010718400304894438,3.75923199520687e-18,1.2570471370101083e-28,5.905368676924321e-17,8.788986463900494e-149,2.723052855715647e-112,3.2531841586362926e-05
sim_strat_0290,13.642648819071931,16.424665699412905,0.17228830352088917,0.4865784020742907,0.12315192626407914,8.955088033553965e-26,1.9163876358101813e-78,1.2118125773160355e-15,5.748377225153641e-17,5.742459366926801e-53,2.7463365525531045e-09,1.7019364242991343e-55,4.707840726129572e-81,6.984361963145055e-195,0.00010795558553205983,5.028345876541433e-46,9.241049406307879e-27,9.215378255997033e-74,9.054918564216307e-14,0.4393680297581253,3.4906112619035033e-168,4.203506302124678e-08,7.97283535082451e-69,3.1662924816415325e-17,0.518899442654109,7.26682188276892e-11,3.172132005119651e-97,0.02104246128144244,1.1244670460387643e-07,3.694312382337949e-14,0.020581953419879805,8.077363950092688e-62,2.606465135808159e-36,1.167564984726911e-97,1.3627084125593025e-37,9.127545921178662e-15,1.1870857020123156e-15
sim_strat_0291,13.801729637605439,15.163180011658321,0.09258066615182747,0.5713213282123901,0.09300034790312545,0.2787660905906916,5.573049185907649e-75,7.254705895914371e-13,9.108198458088402e-10,4.074400724093395e-46,8.394937905921036e-05,5.717608833831903e-14,8.618377595692427e-05,0.008204765502075159,5.175455261629617e-21,0.10685802935472195,0.0008004387119831508,1.5450668214942185e-21,0.039067499723726085,0.004942762669627966,0.00011125162813025569,1.3554143606893058e-05,9.781803992578232e-32,1.3635479422936128e-14,1.2188260205943957e-27,0.08534051848423777,4.851221624024462e-13,0.16201410945345535,5.724875749954098e-13,2.3758312838716144e-10,1.4336609970320283e-11,0.033910408100032825,3.022155423604771e-101,0.0016162250109870075,0.2687317210571563,2.2080766984513116e-10,0.00945249102915041
sim_strat_0292,7.645807041347908,76.91080119438635,0.20727361582669526,0.5775151141184417,0.09341287276731974,0.038219704896345845,0.0012694914790678216,0.0027120488915070725,2.9377894124134513e-29,3.514122840485099e-06,0.21954054429928746,1.6690305886252392e-65,1.1934800090539204e-19,0.09798610736825862,7.003744728419329e-167,0.03508052780686968,0.03573306878135308,3.781798018447199e-21,0.08963660175384434,2.0784892638450477e-09,4.1938526314616145e-73,0.00014947645647356842,6.216919226257767e-61,0.04096732921284243,2.35655747035065e-08,0.012950679888718104,4.20742729803515e-48,6.565522538853185e-36,6.98428342624553e-28,7.345546694350305e-19,1.970704083880327e-29,2.2528340481065174e-118,0.3992627150106208,0.02645624162864116,3.1922759229657574e-05,3.597106504154776e-14,1.576293413841009e-26
sim_strat_0293,16.227854262501662,25.26822198464645,0.1537425488865553,0.5002046955707072,0.11980439362597164,5.31017015311587e-68,0.9998458300343492,1.0244355409763197e-21,7.692800148904209e-09,3.719107676787452e-29,3.2410115434489936e-104,3.0127190902693446e-55,2.2515115445889824e-08,0.00011786004731783028,3.2741968941267037e-06,3.5218168995242647e-15,2.580652770191209e-175,7.973850059569966e-173,5.680477660887197e-93,6.945318165877203e-12,4.239404900208567e-33,3.2806142328153716e-81,4.617177167667178e-54,5.4237853185829525e-27,2.758633671170832e-05,2.9829571464012142e-33,2.022616366447692e-50,4.487662420507451e-28,1.951876695034769e-52,5.780802964564408e-34,4.3400916140005274e-17,4.2597912921182877e-32,4.984240810177941e-06,9.807407137366676e-08,3.368549809557185e-07,6.652493863411119e-100,2.7422800896285277e-18
sim_strat_0294,4.703733027344923,71.50420323018545,0.17449416450339847,0.6330216913712187,0.10061497042421232,5.155975158278777e-16,2.5158292786438585e-13,3.9227046519965684e-60,1.0112730249258346e-175,1.695455633252303e-15,2.9487755321952487e-162,1.4603535049312356e-20,1.4042331846801143e-27,1.783878565705679e-51,1.429292264492155e-169,1.583348829427205e-36,1.2290010685493205e-107,1.3431818166698224e-06,1.1561644187012816e-22,8.670224492508305e-15,3.5926227479523116e-19,0.9909552014042643,3.6946475397604104e-05,4.208793693308741e-06,2.5894919279320118e-90,4.777617400958204e-262,7.015379459214747e-60,8.753312161403941e-18,1.7043328353130517e-45,7.514418023132078e-10,1.1187686884935849e-44,1.958040878395967e-33,5.859298723466765e-87,3.6790665309926256e-08,0.009002262602458327,1.700556085371116e-97,1.8434717587281945e-111
sim_strat_0295,16.48487972173468,20.67851015974,0.21912478393819376,0.4775774827666546,0.11043033401656774,0.017199164186910556,2.097652550646702e-142,2.5052584132046857e-10,0.04545956496943941,1.5947571996835444e-93,0.18113387629024136,2.643190376129821e-10,1.240466982341681e-18,0.0071877196985089,0.0019267836906121506,9.742380624650199e-57,0.02874473137996449,0.0033951780575550874,0.08933257406109489,0.00894357223345714,2.3096459880584942e-06,5.879627829696741e-34,1.8111303074690762e-77,3.7774123956239795e-20,0.024701018874223695,7.267555789843866e-05,0.31981740830691247,0.020662687508489656,1.483435700666446e-26,9.421486899387557e-24,0.002846451583581673,0.1563602313607626,4.280379053588955e-23,6.219874936235147e-20,1.2970122100890209e-08,0.012837022000777952,0.07937701710861438
sim_strat_0296,5.573577297696244,17.632783092897814,0.030463949548394886,0.5938993678940182,0.2701254485593892,4.912779780515039e-52,4.6732839161495724e-17,9.777882992945181e-61,1.1919300502306782e-11,1.576021671218076e-46,0.00012235937977586662,1.4675661998895282e-103,0.011284606022072286,2.1477084788063657e-21,9.682049240355334e-10,1.0607147523691477e-29,6.684935121249414e-09,5.276339174894701e-15,2.6234953615451517e-58,1.0145126865567088e-207,4.1738705875875684e-07,0.006796750711206144,4.681779175643414e-64,9.672166165095085e-05,0.9598637196571776,6.266636774732198e-19,1.4149237110224183e-67,1.3565868254077698e-107,6.5079012948634615e-202,5.556621196961647e-14,0.003567572770493847,4.0374393456966003e-13,0.018267844745040535,1.5248532394398276e-18,6.156768012448787e-46,1.980746190041028e-23,3.281258424174163e-27
sim_strat_0297,51.456269430741,8.125146510509143,0.5224689743428507,0.5062328903421678,0.12393454257367967,9.399709656724915e-10,6.16596874347808e-190,1.0567515246875367e-47,0.008993799636577251,7.55793301455184e-54,3.6731254283721385e-14,2.8665076225779287e-43,0.021490062868984583,6.927135449855747e-06,1.256984421640987e-07,0.06639694080024457,4.1873690642221625e-45,1.7525983254818402e-13,0.24079628797947422,5.461337728159406e-12,0.0014027114913187414,7.991451741018634e-36,1.6934390118917574e-27,0.05480864174892226,0.3254801981437176,1.0195207386565003e-30,3.1178907404012754e-05,2.3399600887295143e-135,0.1387461994130918,0.018443059861818142,0.09206176248627707,5.570146723345691e-65,1.3276872627099222e-157,2.2458644651764536e-41,0.03134210288263344,1.2804786873550586e-54,1.0162852699471275e-99
sim_strat_0298,38.00321633220101,8.805872162775268,0.5149104367644899,0.45376017977394456,0.13306806581532746,3.925774462401352e-45,2.647685743610877e-09,1.3442375683750646e-121,0.0010790078922853262,1.3660163619564655e-29,3.579763553440707e-24,0.154003699727632,4.911584954563469e-41,1.793826675473278e-46,1.0192379809920273e-16,2.25406026373071e-193,0.020701235776911808,1.344287490345367e-75,0.18822466432803467,0.00037996536980370064,0.005223524027389819,1.5062187865341815e-28,1.6901125716438645e-39,0.052115187880290514,0.3833451184470921,1.5107606145958314e-28,5.3258705858872055e-05,5.279814677708404e-40,2.206752238396927e-38,6.349024473912236e-07,0.06537858816192152,4.1299324663285736e-258,7.472392585892771e-85,1.2369596812245007e-196,0.12949511213264642,3.2782405422902457e-26,2.9652795408456517e-24
sim_strat_0299,47.44455258124607,7.133621876074088,0.6217709584595181,0.4890615590132182,0.10668331640611803,8.908877324540935e-51,1.6804933680390469e-19,1.888764026516259e-62,1.2842461137333559e-52,0.012584162970078841,1.2059738415961422e-40,1.2401030204513578e-32,1.046959113981353e-09,1.872148050890552e-54,2.3278170450834732e-08,4.623665444258433e-19,3.832666129379416e-29,5.302094411376519e-155,0.363644002523347,4.200635285423821e-87,2.18782924872599e-30,3.957329852598088e-20,2.7202243597851782e-30,0.07995526273780282,0.16304871078985758,3.891843690199358e-95,1.9288831498272164e-75,1.9115840505462705e-17,1.5508257860897592e-102,1.9549857248940215e-110,0.3127877822393765,4.958156131447251e-05,3.082945030412784e-85,6.429381366751299e-20,0.06793047285308845,7.066773017926775e-76,4.908435808672509e-15
sim_strat_0300,45.64594280961182,9.43272178636442,0.49389075700138857,0.509179408528297,0.09645490518871204,4.478246402341314e-68,1.6852767963442747e-36,6.317528930257357e-20,8.09536298232364e-63,2.7853691269762104e-11,0.04639752928829586,1.4572272596119172e-127,3.7505383862872145e-37,0.00011149335402270746,7.1860947811119505e-37,9.334300885391204e-11,1.0098917678543852e-113,6.82232678376886e-55,0.15627278138492645,5.265894285568407e-33,6.798498973387351e-16,1.3886058766185841e-08,6.278685728507957e-13,0.0378885961797045,0.34760155293651657,3.2447030444771005e-10,2.1865921294002356e-47,0.0,2.4220878535418248e-27,3.780821844680345e-19,4.0159240242776034e-08,1.3024887404937859e-05,4.450020898180651e-78,4.703059383378635e-18,0.3865568498127057,5.269500221314091e-05,0.025105422662615593
sim_strat_0301,9.528723826240004,34.919373202157765,0.22534625798739538,0.5494225036573069,0.10079698395493884,0.009215365279900528,1.1676781426883418e-20,2.9395639022075357e-71,0.0015619037266325182,2.6122692020336227e-73,2.2083924044085853e-24,6.671183236987402e-55,2.731097951063183e-05,1.1685465245051477e-37,2.757846955499737e-19,1.0354643897106366e-39,2.9333628644684815e-64,8.899654107689705e-18,2.7301542212482618e-12,4.3147926438150927e-13,1.3991699671838685e-33,1.6850927410970945e-21,1.664739619820143e-20,3.984878739668204e-26,0.027860933550543986,1.3478202065751784e-25,4.286523335865541e-44,2.796231588342726e-11,0.003305564896915844,3.019088918614774e-14,0.9036380393791266,5.4212608184140724e-11,7.628352048703747e-103,4.151339465950801e-29,0.007786471998141885,3.1540635784225174e-24,0.04660441010386137
sim_strat_0302,19.32364610956491,25.66775407586441,0.19706792786294816,0.43574854650361033,0.2719261252422076,2.1268018661229396e-21,1.9239836306172206e-38,6.0419868074068046e-86,1.5741671374923182e-80,1.330014077574911e-113,7.326714757922072e-65,1.6237742476024046e-05,1.8590762830852456e-69,2.6478729392552453e-05,7.6872728359955105e-25,6.645385759189214e-44,4.651249817802532e-18,8.672711145422802e-58,1.5704782741319696e-08,5.792743846221219e-81,3.095433737035657e-08,1.0881676080761666e-247,2.5388044851897825e-50,9.75070079621586e-37,0.2514778729034159,1.1834407917483803e-06,1.6893510843942798e-29,5.136573143660955e-63,1.1053610834599992e-36,1.540436556935825e-32,0.32650374230456336,1.1309522129420697e-58,0.42197443822023983,1.65676717484268e-24,4.855618628623586e-16,9.368730084893776e-149,1.1220977812071345e-90
sim_strat_0303,21.770795610716984,13.038998610649525,0.14602340927758134,0.4581018948976982,0.07291017605801496,8.82406167108508e-45,3.2757728630658452e-37,4.482270605815305e-05,0.08300184247481956,0.0018977226498891248,1.646363285337145e-09,0.0007953903637841134,2.9454675758735065e-13,3.890157322793042e-65,7.773935543122493e-32,2.2894910867866757e-09,8.758637244455786e-40,2.10489444027475e-47,1.486957661300733e-69,3.80555026666267e-21,3.926346455821391e-31,1.313158996709002e-81,0.004773046913079241,2.0738148898763226e-55,7.646665402694993e-13,7.481136842539504e-22,0.001544471402646662,0.12090301419827713,7.256390264362819e-16,4.552023193172139e-33,4.7575700077463344e-42,7.18267561299544e-33,2.811676885180155e-71,4.2497280733497085e-66,8.878398196704597e-83,5.480408325871693e-53,0.7870396853545316
sim_strat_0304,28.91494953622151,10.706221904291239,0.14242092326710057,0.48305217580130666,0.09803893836500506,0.0603889249467748,6.725273209914794e-06,0.17712243903623767,0.011891392857085582,1.9862351820140565e-59,0.02088977771853156,0.0017789909171866249,0.07455106174188005,0.0035442084007063983,7.459315633793735e-06,1.105330259526385e-29,0.0077788174231167495,0.06879220069964742,0.0005171082868617936,0.042947214260870364,0.08859919785156298,1.8209932989119893e-14,1.6954486107015524e-21,0.10997257282119574,2.614736303942658e-45,1.5057482626379082e-94,0.005775289463920015,0.0001754473399507294,0.13713119200416507,6.244802347398348e-77,2.449809355833604e-57,1.9027106495319283e-16,4.984364620721803e-07,0.055949309975865884,2.4752268212954362e-58,0.0008036435432567212,0.13137652768585956
sim_strat_0305,2.966645944039871,53.21727509719689,0.39543275684494045,0.5361884748897423,0.056833856885340706,6.122737710094361e-25,1.3902387005431695e-183,8.747200405815094e-28,8.193901273327724e-11,2.611579499339875e-92,3.5900937641209264e-28,7.977813582656029e-05,4.378827070246355e-26,0.0999537227820522,1.0163559636730513e-40,6.117546361982741e-40,1.7548820654646132e-33,2.1459272105919987e-09,5.74957907354904e-16,4.913884074765567e-43,2.813213148911592e-09,2.5313032895862714e-91,1.2602080194304476e-81,1.1824340438468011e-16,4.775145373947035e-09,6.623714664812576e-12,2.0839902716321147e-15,8.812782437233968e-48,4.7295149793909553e-147,1.1590588457501754e-20,4.94661097356182e-22,9.892731425388902e-31,1.1249258937893536e-64,5.503516369916848e-38,1.1118885469848257e-70,0.010502398568978262,0.8894640906902918
sim_strat_0306,26.861366155061177,16.209939671783054,0.7152177264038135,0.4764875049009567,0.12111410597782098,3.4900515017829755e-40,0.011078448623725375,2.053184894210175e-06,1.0871730206249607e-05,3.527560270237981e-44,0.4677420158241755,9.872036395476695e-166,1.88719385576679e-37,1.8105047591928874e-13,1.506853881487462e-05,5.806014036713357e-06,7.202381254164332e-99,6.031451665406411e-90,0.05490218196818074,4.562769007362186e-25,2.123076961389542e-05,6.56974659434692e-19,1.3284988092057634e-23,0.09741440248989577,0.24993691455957392,7.530202975050614e-33,1.627472600957334e-08,5.471199892509398e-123,1.4031355175403133e-07,1.0284591250596823e-35,1.8105129442434677e-77,6.099516275480116e-69,8.345355300840472e-20,0.00014965963922630824,0.11872038219496674,8.078742308939946e-07,2.360986354423352e-40
sim_strat_0307,16.899317670947635,12.013454051306283,0.073833316484701,0.5025545231248717,0.08666008750859512,1.1426498605591448e-06,0.006060142336360456,0.0005874236257936199,2.0625268814187994e-05,1.2747576009716616e-110,0.07663226556646248,1.073736429979927e-09,0.029045768766736462,0.23175051857817341,2.263707221634196e-105,9.347139693568716e-09,0.01040390463110569,0.0015021898697476555,0.0063398425965233915,0.1004267204580116,0.09215414319152486,5.950579315776845e-36,2.558561642813481e-05,0.04497810755106618,0.08386090283823787,0.026250354693562784,2.2166583370042978e-05,0.03663059629751838,1.4535701637524557e-24,0.0002357602183342273,0.1697299867265991,2.9572100504521166e-05,0.0820306236605151,1.448524899909902e-48,1.3918677658193899e-26,0.0012812661305891448,3.7962328391842407e-07
sim_strat_0308,21.527283094656486,12.083663503107166,0.058627432711852216,0.4452801038230457,0.11164781117784804,1.2696432537154224e-18,0.007656365104979307,0.05529913595374345,0.035482687510879574,5.807917478026174e-19,0.0962735851692114,0.00648022769377639,0.14821471682499718,0.005883101107065368,2.1718144681354023e-05,0.04907911882185468,0.002154109171404268,1.3851464523147246e-12,0.00027363584829423465,0.017102290982524693,0.0318670556906462,1.7476745611225276e-07,2.3071226472748392e-12,0.039462889508541134,0.09047440828809683,4.891695088128552e-08,0.03888400266426558,0.0015195034627395565,2.4146594135714982e-20,3.1760765097655805e-13,0.18303233050710688,0.002461223713269342,3.05919558674427e-05,0.00388247787867688,5.241783759539037e-36,2.6205497409228423e-10,0.18446460004690646
sim_strat_0309,10.414089279343944,20.849956710927525,0.05938122816138832,0.3971154506786808,0.18629188156291412,0.03784730194149064,2.3353550454762404e-17,7.239565263242979e-05,0.035908391587515784,5.073636182419226e-07,0.3527648497156963,0.0013867304586103549,9.952869389623934e-06,0.015863961118842987,0.03798167016719173,0.004174931408208176,5.600981273957239e-09,0.007081272438390361,2.0757312641017483e-08,0.09192424822856618,0.0443288430420144,3.3829506294415726e-19,1.562700621826816e-40,0.00038866076678393277,0.27413624175897994,5.586867692770569e-06,0.0007230853101910435,0.0008635655173208887,5.931950912602767e-10,8.75423647944353e-25,0.0026349920098835996,0.002289639766659776,0.0567607244082124,0.03285084230370174,1.554445176574619e-46,1.5781075793402348e-06,2.393382923392192e-10
sim_strat_0310,15.579880926420461,20.16570698602411,0.22474275116084855,0.47917562438040695,0.09558364807115885,2.8259988661474514e-08,0.03174191591935958,2.019204538255981e-46,0.6041268841341211,3.334035025109362e-94,0.29648243641729294,3.957278176415273e-69,6.7687965953367e-16,0.02849711048842535,5.182602992103813e-124,2.917943330908116e-30,4.054599923575579e-15,1.5295197275267665e-69,5.423759033867268e-95,0.028137701562436716,1.4778414792031397e-14,1.1844093767456877e-08,7.298958868932014e-14,3.6731144305211667e-78,0.006574519740488684,1.7862468636370584e-56,6.446362434458128e-41,1.5111111368639705e-46,1.1252869888664589e-18,1.9281783893487378e-07,4.661154198107244e-10,1.6335117832156142e-38,7.76010206864132e-36,3.254368839352247e-81,2.343899432905002e-13,5.7036325383341945e-12,0.00443919834380805
sim_strat_0311,6.133754265751792,68.34202633826118,0.17835737948137012,0.4712363063197582,0.2376749224028987,3.4733727838132145e-27,1.4641814678858947e-72,3.7429563174065126e-67,4.532895669711577e-06,6.098124850923706e-128,7.474193036028575e-63,4.5448938638207474e-104,0.8738294449559639,1.3830122736546016e-25,8.199288649638488e-49,4.5635047173727404e-10,1.4139204099828689e-108,5.304213898979309e-88,1.699257384911148e-82,2.3749381677404487e-67,0.06272778810743666,3.811447086003693e-302,4.387886747503426e-19,1.436803928472253e-19,0.040289023428628834,5.390563357016324e-07,9.077866169875146e-42,4.4938296015033207e-13,7.355190615944464e-09,0.02282065692929415,3.183910371712645e-14,2.4459840032632625e-217,6.2896628038078955e-15,3.7448403998506765e-07,0.0003276323306024672,8.852499019630977e-218,3.5215565269616508e-28
sim_strat_0312,17.195344845752686,12.027447609201843,0.08726578076487514,0.48600173992967755,0.2261054665813154,5.2418624159363347e-08,0.0015664841633178186,3.9832561080089254e-13,1.5619673465313252e-05,5.76750541137052e-59,0.22440314941267417,0.002741632740874322,0.24471517321280503,0.03513619399465069,4.182767553024509e-50,1.3941873149373866e-05,1.5426422141913598e-205,9.027585949592575e-56,1.0953867990241046e-10,0.08258300989443662,0.034972899838770825,6.301451449792371e-55,3.814769729430934e-11,0.03992388938490251,0.15027367794434746,1.5910768290496182e-34,0.00020800826014354443,7.912099718537313e-09,5.256658748344152e-81,0.09361543129371462,0.021718195076766734,5.853408036388453e-22,0.06811259473929303,5.338355041904694e-12,7.7348957277616e-43,3.1539592389398025e-104,3.801254079715674e-08
sim_strat_0313,156.6732566151998,0.5570944740184566,0.12877143196424387,0.5277944890839925,0.027470326771789,0.0026787099611677613,1.3170106134544361e-05,0.000540625915402214,1.358408355756552e-32,2.7431235113128214e-46,0.013059377677553975,3.5782728189992265e-09,5.278224423158061e-06,0.0011547637859075045,8.727564922979465e-30,0.0006435474488837856,0.00011096037321306052,0.00039102606283610274,0.023072262053105533,2.105803301119558e-05,0.023632806554213088,1.6696584719186358e-17,8.55748944711487e-11,0.03265103007339185,0.03440555905552976,1.6967640405729612e-06,1.598368536089977e-05,3.8221670391521896e-25,3.4493334748899675e-96,0.00013500208461301736,0.00036741440054892106,7.962393698777278e-06,0.00010100169324635812,3.780302242593172e-10,4.672508629681306e-18,0.8329402026917075,0.03405055692013236
sim_strat_0314,19.71677607968126,18.32626216939527,0.17562787401498864,0.438919679953419,0.14120284164252178,5.066750822077417e-32,6.396857358385667e-32,2.4130590218526716e-119,0.00025603433749165933,0.6463048276971565,4.699842891768808e-05,5.588369502269267e-94,1.4747188248971863e-50,0.04667353816420752,4.4766338245600186e-45,2.185279295001195e-21,6.154486053199861e-49,7.09926311349956e-43,0.10792511611921136,9.335018818286555e-55,2.2821013126404766e-68,2.708003377788115e-122,5.610340689316611e-51,1.5987278653790556e-24,6.642917474668431e-136,0.198787959225154,1.7289784013646432e-73,1.8664630350951948e-28,1.781780987231659e-123,4.927540921379827e-16,6.831346236646747e-11,1.7323123092928464e-16,2.851585095987142e-15,5.525959544337618e-06,1.444398771117768e-99,2.2015971993129424e-61,3.0046234131394216e-41
sim_strat_0315,27.14887410923788,11.29050692890837,0.1951748007203886,0.4858290581630248,0.12637062900933285,6.663081435228086e-30,7.355974332984763e-57,3.8242298312068075e-15,1.5284999140841948e-54,1.6263183750444736e-38,0.8601851801486896,1.2764779440173555e-29,5.733061284303837e-12,1.2621856966911701e-61,4.6400334612436144e-38,2.0868003739697716e-20,4.663795992040167e-92,2.7962348249540908e-67,1.701232800462844e-13,1.1834497583396395e-19,1.681270694719014e-86,2.528331822536751e-58,1.8398903119646926e-40,2.886725239567446e-14,3.4954482489018636e-06,7.871419973860358e-07,3.6832003126774276e-71,3.0271772004192737e-09,8.254058144496658e-51,0.021613852796342467,0.11819668143160851,1.6181617792109917e-63,5.692700355716628e-18,2.4712319923199813e-46,2.111332700277028e-26,7.369774926815162e-93,6.399354527041831e-28
sim_strat_0316,7.197380956637867,47.09187409586103,0.2280191337041851,0.4504117940631628,0.114008263656442,2.9912231552498315e-42,3.939613918807171e-13,2.0353029929580947e-15,3.420726919012345e-24,3.771685337837175e-23,9.023351473773748e-12,6.870786819730888e-44,6.655053299633518e-108,5.3764099525920865e-40,1.9077691847613522e-30,1.3423124150467367e-173,5.288961664307562e-06,1.2508749490055077e-151,1.0458723728304697e-16,3.230857306147188e-35,6.1007355546121076e-61,5.456815790706597e-83,8.44311805369741e-20,1.2088679789964444e-11,0.9987944627114396,9.544661630318122e-93,8.48883938875053e-08,0.0012001590197259421,1.6503188762674666e-28,2.5212097809940414e-16,7.678865192292647e-13,4.224339341529869e-76,1.1926493631066812e-193,3.1143924001310688e-105,1.1119160160902769e-21,4.396499913081559e-09,9.397233440920934e-89
sim_strat_0317,4.165643060920176,65.33350630391395,0.07181205999167778,0.4869094167171559,0.43488732166166716,5.570142059375448e-60,0.054128159009669385,1.0602956568488358e-07,4.317889785736695e-25,0.01159377259403332,0.18542892910547545,5.337413699032148e-29,0.00136019252619135,4.6504981523364235e-31,2.0894958109323454e-48,0.00025917242695930624,3.0345447819419525e-11,8.88582411516689e-12,6.881000523524805e-05,1.9937343623898974e-05,8.180988720867949e-13,1.26754268570799e-14,1.2749638643864006e-09,0.09896756085786453,0.5930025205986772,5.923657356295067e-24,1.2091994078336602e-80,3.613303115919681e-14,1.0182197877958017e-08,5.272767532234162e-06,0.024133010410076382,8.33390016426131e-82,0.031022089370681988,2.2572006231049684e-66,2.404743523807157e-15,1.0455457151578558e-05,9.872730731415999e-34
sim_strat_0318,27.58881549779676,10.562114743001304,0.12162746867198261,0.5453258548194266,0.0463745439526432,0.252049222011176,6.18814168587268e-09,0.01863381005816639,0.00022626870977222633,5.173856493073926e-21,3.7924545596915227e-05,0.023058770689908022,2.7465513179460103e-104,2.1232524461343223e-05,4.5516350358488155e-38,5.646387005357019e-26,0.08191579116845353,0.08300153686969963,1.478999596719715e-35,5.524010038224221e-38,0.028822433386440745,1.9941121264705152e-31,1.3138861269996205e-19,1.9271895462836428e-76,0.11062488904861256,0.004272880387428279,0.250670028625246,0.00023246842226358968,1.5417094357264063e-61,2.2413141916644752e-88,0.07110843162979592,3.29281290435582e-35,1.8880364533813423e-14,1.1239100939646257e-63,0.049643431069605726,0.025171206675853517,0.0005096679893591006
sim_strat_0319,7.772339472909837,58.44044959037895,0.0958752463003501,0.6610123312951586,0.08309078824892796,0.0710263474151488,3.416950804108726e-06,0.000312577739316441,0.0005445334739332535,4.4728990810435936e-08,0.06982945463062384,0.12442525818340468,4.235335178466363e-21,0.010946864940450551,0.0008570950368060307,0.001207968587047444,0.391975516307613,0.0015355012694777087,1.0465132071248218e-13,0.07010341574843168,5.374658906486772e-87,6.7062712438507e-05,0.04099915200792911,0.0010711691330596784,2.1100968987412624e-40,0.001190119692707533,6.691249851862517e-06,0.0927297746481504,1.474865672856108e-39,0.01136140516106075,0.012711279587986311,0.09478767052537619,3.3998540264218483e-28,1.0912947420101617e-127,3.0352220622621736e-06,3.888973415688704e-12,0.002304645043335512
sim_strat_0320,19.591121228118784,7.432783513021925,0.05430538214042485,0.5578651336133483,0.13945149511806584,0.0587407324921461,4.886875294335199e-08,0.00020093336116150373,0.025130268689975078,2.1055080106476427e-15,0.02103774487681611,0.04907926258654996,1.3681338434344883e-05,2.1074953276290887e-05,9.051795860699722e-12,2.5829143904984353e-12,1.7012019369565982e-07,0.0003197563116992977,0.010368481841997436,0.15155915692804597,0.2964885377031357,0.09115528191247267,1.387336699027144e-17,0.016508409706879106,0.06851781400419539,6.156449962611538e-05,0.04341494635590328,0.00011509621221147976,0.006413308586995087,2.0909226821697094e-15,0.009764078276362494,0.0028161817335164764,0.025073107984423634,0.0010062365777244971,0.0003110733611211299,0.09631479269182316,0.02556825801292208
sim_strat_0321,5.156319902192657,60.23756723877554,0.027285913038458353,0.49709784905301574,0.217522273469677,0.09264385602104248,2.6958815374438768e-06,7.28451280283392e-06,0.011987727881688871,6.963317474375518e-14,0.01355631331162291,0.0002883709900454569,6.805085272307782e-121,0.2264360441739052,0.2482265419142651,0.01664422923951446,0.0026698619517834476,0.07189599543536151,1.166723715932445e-11,1.700377086782473e-10,0.022152196831442747,0.03639242183194407,1.030057910524199e-06,0.027731366445980694,6.44442623287955e-14,2.020795822600349e-18,0.006167399015154676,0.13400956308869927,2.9974922196021463e-36,1.4711721097872966e-07,9.953307213183061e-08,0.003449773286627899,2.0346854361970225e-21,8.451923903343595e-09,0.029381119666305897,0.055999926769445804,0.00035602640887267536
sim_strat_0322,6.567229298038874,40.85738918939102,0.3789610102660281,0.5364674581654905,0.09586427378391549,2.9254985257205975e-68,6.981672185993e-29,8.317933541955875e-34,8.81553811082996e-05,1.2037175743850787e-12,1.8009094466366418e-70,0.0808114035651258,3.571794322580631e-45,6.422518296723742e-45,4.0907036592134947e-69,5.140957795885893e-31,1.245502334936469e-63,0.8978993233774997,3.900274640836878e-34,6.453043256208571e-05,1.701672744443726e-103,1.0823667425640173e-24,2.9569622541682427e-50,8.452305587849405e-270,4.494454047430763e-65,6.880185280924306e-98,1.487699199555175e-64,2.3442890294425015e-235,1.0601148214192533e-07,1.116556574755563e-45,1.5832170697209867e-06,8.500187999025896e-26,0.021134890155065693,7.858882861514539e-09,1.3228730862942078e-44,1.3869007750842969e-69,8.17714960712691e-31
sim_strat_0323,18.272909320661373,9.856203985556753,0.07845854459382035,0.48769409564762556,0.11961030926090162,0.053649319097905136,1.300803040148481e-42,1.2436536991724282e-54,7.581401467844223e-26,3.975198381947779e-36,1.2263019581229061e-05,0.0004353680369847307,2.591380023987671e-30,0.05524666738377435,1.2409990317541215e-37,1.6354620352381413e-107,7.309004394960495e-05,0.0016650542713523883,2.108029118940279e-17,1.5391078326247622e-120,8.129629843871594e-24,1.0263812972030693e-103,1.3840682375617607e-47,6.14088900343211e-55,7.8730206318409e-08,3.00316939274833e-32,0.8858095068715384,8.553823930993238e-172,1.1046193619153644e-21,2.857043592232235e-35,1.479321086307416e-70,2.2725871594988762e-35,3.9789685631816896e-10,1.8196975665381316e-45,2.0859841428524868e-47,4.535049770609793e-17,0.0031086521468110563
sim_strat_0324,15.958684778370996,18.04113834904093,0.16615136225273852,0.660435814369485,0.09091606136332926,0.0005769785085895038,0.012065446580402867,2.6315397594241747e-63,1.2301878080958318e-86,1.125476646952986e-167,0.028055891018640745,1.0560387142026308e-13,2.817851561003003e-34,1.2388925405243784e-06,1.289951899858043e-35,1.1332557707760724e-30,2.516852709381097e-65,6.787104770461699e-12,2.453744042871245e-41,0.5737838149246595,2.777024097285612e-65,2.967167681502536e-20,1.9084022585048985e-12,0.02680062270644545,0.2155377952525757,5.050394195368857e-56,1.1209196936398989e-07,0.009638089101819746,4.089671219466839e-24,6.231119872959335e-67,0.12723470161635703,3.941512111972793e-16,8.305723975602492e-72,0.006305309297192989,1.344939955348991e-32,5.3624241046060935e-15,1.1474661086750074e-70
sim_strat_0325,14.122966946884114,19.140031742652017,0.0950334719386859,0.521468070561356,0.08406587452586448,0.016239792195032746,0.05655907014675682,5.88914439971612e-05,0.08625789020865969,1.1180850705621956e-66,2.2396001710534772e-12,8.984332958613317e-12,6.929141521200517e-07,0.021597964402726648,2.2689922280516966e-22,1.3164071025229892e-06,4.0983502029439074e-05,2.3135278264889155e-12,0.10811938400124532,0.09307278085793748,0.035011237787612455,1.2751716844975909e-11,1.374337499468405e-38,3.9012583277000255e-75,0.004903020263927162,0.0005206113622229605,5.098577380238158e-19,0.06918877386130265,1.4029006982460195e-21,4.58872395152867e-34,4.0834074747046203e-42,8.039539600047077e-05,1.5904581675700995e-64,0.05510916688909173,0.4532216327371735,2.7793796400448553e-72,1.639559674005988e-05
sim_strat_0326,6.148251270651661,56.0339903118969,0.24949283359055455,0.46769386595428303,0.10296483615681401,0.06712025666134164,0.0279157340751706,1.8703383389493342e-09,9.860004640406697e-65,2.1039059267077963e-19,0.017932808673757936,5.539716974649512e-80,1.5700600182381673e-40,0.022629559448995744,2.4746098188910426e-50,0.08090709155607026,0.012302668408915996,3.9445476681919035e-53,0.42880956535390746,2.523758138285986e-85,3.812313341976105e-67,2.0785120922315528e-30,6.628404954848116e-14,0.24341488721147156,0.00015407074637536176,0.05985157615806942,2.3838802161753742e-14,3.3307329579650153e-13,6.668706735577153e-10,4.126395749300053e-19,0.014166347337906095,6.398270653302852e-119,0.024196223572138357,0.0005961527854236117,1.3722341319689923e-52,3.472011809503482e-10,3.0551256229802477e-06
sim_strat_0327,15.29464299262419,23.1188122685394,0.13915651556837105,0.44091692219320683,0.13702927345934457,1.4485497055229514e-09,0.9462963400976779,2.8009488124517827e-87,0.0006721791151667631,0.008768155372363416,1.2889650085858625e-68,1.5227438922343283e-15,1.6774724681839005e-76,5.783606163544008e-54,5.699075089430761e-39,1.593982368326419e-59,1.5985547348926428e-08,6.0669367246350314e-37,4.478872021678732e-26,1.789932757719937e-15,2.1997970444355395e-22,4.051514547760045e-18,1.1815674841291882e-07,6.401639701287337e-07,7.390543719779818e-92,4.829884916799971e-44,3.91558444391393e-38,1.1432106122992627e-52,1.1359322108048542e-42,8.312051482638979e-20,0.04414034268366587,0.00012186895991712512,9.212504195619796e-123,5.107931260945635e-88,4.806834387830123e-30,2.486574912627937e-14,3.38016364825716e-07
sim_strat_0328,3.9068410881825897,62.270225099093814,0.19938273912331997,0.4686339666548822,0.07632205388307546,1.8795993855917372e-16,1.632568594553521e-169,9.510355596305723e-07,1.3924638233595687e-47,4.531849132027175e-63,1.8474536066519047e-10,4.115642044559965e-55,2.0841452689252105e-12,8.508278899250877e-53,1.8375172421621027e-40,9.895829009700792e-58,0.007713521778940335,1.9977139681245655e-142,1.1714428012621914e-13,2.762927751252342e-12,6.566001341169559e-06,0.9544762513497765,5.235838560976801e-34,3.431027683098078e-31,3.8453045845537136e-23,4.983622896938745e-20,1.931293554304074e-22,6.619190997013618e-38,1.7712605620560408e-07,1.7660306935428574e-66,1.023789499994951e-18,0.037802532518616344,1.314198591456434e-55,1.0007387490215335e-57,8.330612603641597e-53,1.6529635499329116e-23,1.797625430076009e-115
sim_strat_0329,15.973462798923569,25.381549141135917,0.1765040223879132,0.434389501280359,0.1253333721329803,3.448240202177659e-08,1.1212240721213647e-69,3.0809163535379395e-72,0.011142169329014259,3.6794619394235745e-38,0.01576645053911071,9.461262418641112e-18,9.211367594042672e-127,0.057751108581111425,0.00649975505223614,1.889569060242005e-35,0.0007499353089885916,0.187036322961593,0.023125570458718415,0.2708216853161655,3.281367238938712e-17,5.7229124137276905e-42,3.187346656790086e-22,1.4424313694138205e-28,0.0015066782666336603,0.1697339096229508,0.00858101636335167,0.09892790084722339,2.0015624726410283e-112,2.5445905799114437e-05,0.00010827092935320329,0.14822373978746778,9.163420745796038e-29,1.0387137426407041e-42,2.0861270199661805e-30,4.340502250766105e-58,6.247880331465505e-09
sim_strat_0330,6.494356692990077,19.85246082632265,0.03043496095550249,0.4811962538994745,0.27292305383366555,3.980767234260628e-14,3.624441910407324e-15,2.1717623666490024e-09,1.5161167849967532e-48,1.7460028233922635e-31,0.0020507918792412997,4.13116886526759e-122,2.2366932789493437e-18,2.497539653990551e-60,3.718359034745533e-80,1.3236573279691984e-89,5.763710130471818e-42,2.345167869399037e-97,4.673270167872887e-14,4.623482337460262e-16,2.390996130646121e-35,3.668499635993527e-36,1.959127993088901e-13,0.13349946137071578,0.8166726501975723,7.927576738780277e-23,7.562649059154207e-135,2.7150454034517174e-44,6.963286034357767e-11,1.8588308746077346e-278,0.0470548627746421,6.430126509741504e-35,8.411942030609275e-08,3.1213780062043225e-69,0.0007221474167262312,1.9344193050932093e-53,4.71022006707211e-22
sim_strat_0331,53.64165668489237,5.9755389436449295,0.5136631402207389,0.494427939469713,0.13301409470846895,1.8193837671522647e-47,1.6052539612640282e-103,5.028782757502128e-96,3.443085843302455e-26,6.721326367330247e-13,1.721510121512491e-24,2.5985484483498276e-36,6.028818763127109e-81,1.5112455348760746e-16,9.170332747600137e-91,4.164838324072835e-25,9.206039487885948e-80,1.1005079129609687e-13,0.06899103760642956,1.1565164473774684e-102,0.0005579063012432802,0.008819060189455627,1.3611190157011184e-171,0.004601234320802907,0.3102402137840055,3.931814646438255e-43,1.5524786910531457e-21,2.521399402739022e-24,2.988456990608749e-08,9.487049580869261e-48,0.563653327430359,9.325745636163035e-111,1.54156903980088e-17,1.2347200720600223e-20,0.04313719048235174,9.159662944413727e-106,2.9110218130842687e-38
sim_strat_0332,37.13690416153013,8.7716260936556,0.5405659401162132,0.6095849093462611,0.11136699432936854,1.2294571384040654e-26,7.364161552261348e-28,2.5819627237737006e-07,9.019500443291114e-62,1.1826585381005093e-25,1.0541228448507962e-78,0.0001356280423645988,0.00038596210914618596,5.563324752963091e-08,5.028775165649262e-80,5.6526830703222525e-18,1.4512619452614341e-157,2.635413135534834e-41,0.21713451503894465,3.1626781128555644e-42,0.04353487420929178,0.001215172076099853,1.2107249774547756e-35,0.008211816167406323,0.29291878851323183,3.1963226623864027e-29,5.29654676671855e-46,2.745949660950166e-25,6.564634310191627e-43,4.512442957526879e-10,0.09168580058401285,1.4171898653639332e-98,1.258112231215869e-49,6.095648266531964e-23,0.2943326478881997,0.050444481090538194,6.325665528283898e-81
sim_strat_0333,47.22757414848767,7.679874070935469,0.46966302488499423,0.494823446535994,0.13430113957104534,2.4506099782672196e-35,2.2537206785456352e-61,2.900051772125274e-117,3.82607411204154e-23,4.807672920110018e-41,3.77475413831673e-49,1.3427132730902452e-47,2.512239252815191e-11,2.528254418884265e-22,4.633325751829685e-53,2.268366580904738e-27,4.806746597189302e-19,0.01052464878473389,0.090295337226299,1.0708182082231271e-297,2.5020895524725728e-68,6.523890809560761e-29,5.548154804988412e-40,0.07591122084899121,0.17741845180011237,1.8261798662097968e-20,8.01422946897034e-105,9.304137753953334e-28,3.438945370962894e-83,9.411744005481356e-12,0.07718343134685937,9.488963405137175e-124,2.6596032913196725e-63,2.649800237086905e-72,0.5675624576841899,4.558182720253146e-64,0.0011044522742801434
sim_strat_0334,52.62645536922795,7.810870867756392,0.5702627272065172,0.48041911181655833,0.1141413667759312,6.731920070159256e-19,0.0008284071541050591,1.3809275445271865e-18,8.841078322800176e-78,2.964774460089752e-11,0.024694244358290936,5.986582262595039e-16,2.314533603595129e-24,7.380007947300389e-09,1.6115339905701482e-09,6.955621566600698e-21,1.1401968277869341e-117,9.643056642564962e-163,0.19068135134867262,3.7154159080689474e-16,5.912374508453423e-16,0.08795334036698713,3.6849233499539096e-08,0.32698392155640316,0.18749894551438923,1.0161871472456872e-20,0.0271526038033971,6.48082706525695e-10,2.410787596916641e-19,3.8365921262098314e-58,1.0262641527786e-87,6.368874505247433e-85,6.710558444866053e-11,6.521521898554713e-62,0.079122527920526,0.0034119743341909196,0.07167263705742502
sim_strat_0335,7.497421953445695,36.179916109396686,0.17651583875028953,0.5560106512416926,0.09497680634779826,7.036336497208189e-59,6.818718216159237e-11,7.112797939089044e-12,1.0350186052247773e-62,1.0730883710405804e-07,1.384583873198581e-68,2.2158560285945974e-36,6.937830999230869e-29,3.9732811803044675e-103,2.2642151778872955e-24,4.947103807306167e-41,8.046586981319156e-153,3.7486785214496256e-87,5.67148949414039e-11,1.0443794054753853e-84,4.727973585530194e-54,2.6711347391527825e-45,8.172424266549396e-41,2.3317704469339294e-154,8.560764914703268e-42,1.320046649320498e-18,1.3053534810781617e-21,4.5386064599819897e-29,6.457837883111306e-17,3.4402238896519846e-110,0.9999654758495921,7.0020275762622194e-09,7.786850454092521e-06,1.661742246402212e-15,3.985948256637778e-31,2.6622857072658843e-05,1.7782074212072656e-60
sim_strat_0336,22.51029283550941,21.771712203798895,0.19750259236706824,0.5324107906753336,0.20707863517722055,7.348201258731081e-67,2.720678443432888e-21,7.769549497336545e-68,3.522927049500248e-19,0.00140913830867567,3.743567853077976e-103,6.909156101519358e-08,2.6883635649383312e-45,4.0341680930565852e-53,8.634111089027913e-33,3.461363255408212e-33,3.148298519912884e-09,5.401832074500751e-11,1.0948052855832003e-10,0.0005223403384452934,3.845560222877503e-69,7.450111650447728e-85,3.5860211374614595e-35,6.772255798927332e-35,0.6681957940468195,2.6423290910546154e-13,2.1215421256678673e-10,2.0732753232099995e-18,1.3770649200837111e-11,2.433921593891464e-19,0.03739003871071468,4.77776401534335e-197,0.29248244992232003,2.186092399877391e-139,7.391166907021335e-39,1.4973217177412613e-33,1.6604347745955702e-07
sim_strat_0337,25.032749344041832,15.557079701383875,0.15293770956216055,0.46752811347025736,0.0717626569855634,0.01657791440896616,9.56263968386722e-67,2.4530162156376014e-58,0.0059092014874429916,3.2032103542716835e-06,1.112853143566335e-08,1.9975848232829848e-139,4.734550702706618e-124,2.3650244573876e-06,9.6452906455884e-17,2.2354429746426126e-136,1.8465546166271242e-09,1.4273444464065016e-22,7.099821934232141e-12,4.349868298922495e-15,2.3838877719725397e-14,6.488367873817402e-91,2.0590731175337443e-32,3.1579344988880974e-07,5.842758730382043e-36,2.0036484754334443e-30,0.0007859424172108234,2.660132344088781e-57,7.040010791665336e-22,6.914985574001018e-25,5.375995122052692e-149,1.5892709431470526e-38,1.6571269719118648e-10,1.5223031018870388e-05,4.3977959851396254e-126,6.042621618637523e-74,0.9767058214791728
sim_strat_0338,33.56413555067577,8.408980630114934,0.178601133383856,0.4985684507717755,0.07272592114140485,0.029027850614786035,0.02215583258222485,0.007179831299122812,0.025967010507249283,1.0753592318175513e-45,0.10702919497408295,0.09087740791602825,0.000368615956533261,0.01656137134602778,0.002166412315791583,0.07122453395812334,0.00041966841709425106,0.03788196297070495,1.0407681589542417e-25,0.005347194969628421,3.2214444857323355e-05,6.620647631757747e-45,8.722180259379874e-155,0.041570756677382914,2.4192808076332436e-57,6.519672246010195e-33,0.08700781949636849,1.77652649958854e-08,0.08928073635617155,2.0346194150047958e-72,6.736421021065393e-36,2.509811853413212e-12,0.00023418997440002065,0.00021099963632976968,1.6337241734996502e-07,0.11744977683508333,0.24800643761181693
sim_strat_0339,2.997692870418229,63.55191652725203,0.3668000865698366,0.6217457277994043,0.060239969517995706,9.831890001678129e-22,1.436183281588812e-36,5.033405765381537e-27,2.7383988620181594e-43,1.7846156706002298e-43,2.5893553524170237e-28,1.4150491640511881e-34,7.200525093808051e-34,7.871228498333554e-05,2.721844899349972e-18,0.0014063181635980584,3.088828073050384e-29,6.045662900177783e-32,1.881335766097277e-09,9.807565827227704e-31,0.005086597592925306,7.422982635733666e-56,5.761683188789082e-91,7.72551562399739e-18,1.1600160520939923e-140,5.027090274949255e-21,6.826244531353419e-25,1.2800101830120308e-43,7.312975377166998e-16,1.5824841977098782e-71,4.048316623797563e-113,5.058552398759763e-65,5.615703953048219e-57,2.1291631973111695e-16,1.2740883145041608e-75,4.775152682840223e-47,0.9934283700771567
sim_strat_0340,21.434807156535342,15.667716081269116,0.6078863059814784,0.5576551973232852,0.1461626718862888,1.4630641519701596e-28,4.401532103609268e-24,1.2314951511745987e-71,2.566499254133592e-37,9.223635632621522e-13,0.11611195346324311,1.305068114336705e-61,3.1524145656524726e-15,1.287381075142824e-16,9.85843140437053e-07,4.6236120169413895e-19,4.450171066390769e-31,1.144071585424515e-09,0.36631135542735555,2.617109460926544e-60,1.5912038866374285e-06,1.826875561592569e-24,6.372209850082125e-43,0.2040859083544575,0.03132731595005482,1.4619961129723293e-40,1.823599179923069e-100,1.1069755533583145e-53,2.982185627457942e-51,9.289344502451544e-130,4.176001256284112e-31,2.546536436280817e-28,7.252547407685455e-13,3.2668295049853047e-87,0.2788152326087515,0.0033456560033878822,2.0610366987688787e-57
sim_strat_0341,18.01893498212516,15.231057903822506,0.09866714892270141,0.561907018808296,0.08105466413607032,0.00043128522588167643,0.0008990284966210174,0.0008910059352612141,3.11115991274911e-10,5.171494768905399e-26,0.016117289742780067,0.005393779387126652,2.3939528831816214e-05,4.902868695802241e-06,1.4623792612785032e-26,0.022199373778401678,2.5423497687340403e-06,0.0005056654394692788,0.48525361299303954,0.026716970348289862,2.064844662557119e-05,1.06493052852197e-89,1.5828599922584686e-08,0.03834590268257458,0.10034978871496805,0.08263372766294926,0.00010298287855909586,0.002632972118705347,4.227460973009059e-91,1.873560166625996e-17,0.1973952899491245,0.0007474890958897543,0.019331786191808396,1.2119903335434168e-35,1.5477620204105248e-27,2.4912313596776983e-11,1.2030061093296898e-40
sim_strat_0342,18.547766424116094,14.0756714156745,0.058822432005062125,0.4599310309020116,0.11165918013113905,9.326491053969943e-08,6.894802036542577e-08,8.519047122047745e-08,0.1370881272600612,9.554456285260225e-06,0.18513234770407722,1.4872722022239442e-06,0.0008482516474055086,0.04042165204476834,0.014722874127006961,2.878015823397609e-06,0.00030166834259688136,7.326626570314275e-43,9.582340043947159e-05,0.024071767791196387,0.00020203634305974844,1.6500265029757523e-09,5.86629561287422e-07,6.915825146296119e-05,0.19024959586997495,1.1229847177569633e-07,0.017324758037757737,0.015970232607036276,2.9158104627650933e-42,0.025845025835551545,0.008430135036888988,1.2397696794574687e-06,3.636978891301625e-05,0.01761796572680614,0.0006522860182016767,2.0673004149905116e-123,0.32090381667134293
sim_strat_0343,10.88064918613599,14.891560831312503,0.0844888541404876,0.5113024778390167,0.208243630755725,0.0070246784989031206,4.9165851578911365e-08,0.00011300450755301291,0.0017908098335306507,1.1093160121080625e-05,0.14706235403619822,1.1557082179290165e-05,0.04047217474587734,0.10689270132318288,1.2126596836120078e-40,0.008045938371505629,0.08035565950793297,0.0012424293325373195,3.1641668225703697e-28,0.0010658366204705728,0.0037076130845372355,1.0090295511939684e-28,3.2112215991382507e-34,0.20888832146182715,0.11305620688284446,3.5556720392812603e-08,0.0008729634992699581,1.9860861287439927e-06,7.059549678635644e-06,2.404444440319737e-30,2.373437323617047e-05,2.1294608182057544e-05,0.0010644977713149242,0.009140231491906415,3.631692986015339e-21,0.2530080367531697,0.016119732695340623
sim_strat_0344,14.188996618599251,25.522382267208982,0.205901124228711,0.6668474247118752,0.09064787139524522,1.548171475311988e-28,1.2826968604474615e-06,1.0268943818678948e-69,0.8355252615858503,1.6819223056795206e-22,0.054924444401157055,4.297058056093737e-06,2.2622784498469406e-151,0.01852510041023747,6.642337928686615e-203,6.717568606633196e-34,8.524795837778949e-22,7.07814153685609e-14,7.439302556227371e-53,6.360389613930191e-44,1.3130205286352043e-09,2.0121004924002275e-07,6.608105561807617e-07,2.314318121222899e-40,2.5513049763645244e-102,0.0005882043626925152,4.1300270890801203e-19,7.209854564808906e-86,0.0009929518468715349,3.095339153580094e-07,1.5722192711440148e-22,4.0766665354830075e-08,1.0629763694319537e-73,0.000866155319417298,8.764826708170545e-145,2.992875220208475e-29,0.08857108868458001
sim_strat_0345,5.7282276990907155,72.43384178832135,0.17967649635053376,0.485768394054075,0.22877778706722052,1.4391050283869305e-18,4.489312451873549e-96,3.0837657409857374e-10,7.889184804470908e-66,1.3357535756254559e-161,2.538135356763754e-60,5.193044380028121e-41,0.9082942953164623,0.02764703456229238,9.537465722821533e-35,3.2108835228814733e-09,2.4083515689922955e-12,4.038705013818582e-43,7.534926955876338e-19,1.338040844772682e-46,0.020959445190737166,4.607430005848114e-40,8.079769914555992e-48,1.1503569981183657e-11,0.036297905629242413,1.0345559582479044e-67,1.635544241593523e-197,3.406183063907304e-49,2.4996138051558502e-21,1.1560881752360759e-215,1.1375562293950223e-21,1.2305204436858079e-98,5.377226432852119e-14,7.627187603891165e-33,0.00028833476128834406,5.4902811175123325e-11,0.006512980951848625
sim_strat_0346,16.900227432421335,17.080041877326632,0.10850007388264295,0.5943033325258241,0.20825792933029766,1.0690111873520104e-59,0.0003686406950348925,2.0885692979578585e-31,0.003559598052283202,3.1457843128122373e-42,0.21186625780324028,9.217727111141053e-44,3.938928156843924e-05,0.04310796784194713,2.295156712522204e-50,3.417695455584972e-60,1.4237242305989903e-18,4.9033670959851783e-132,3.8878943268569174e-29,0.0027173793687576614,0.03251063074235077,1.2117186625170556e-86,4.1316013825791444e-52,0.08509183008953551,0.24840015889773256,0.005514793863823766,0.012670780328691726,6.558097766478144e-09,1.2366126951999435e-49,0.007999977189103547,0.26574668441551663,2.684193280895566e-40,0.05124890405546241,4.022528903045612e-23,2.667841142147118e-60,2.4566476771729653e-69,0.02915700081685364
sim_strat_0347,190.48846761472902,0.5325153061954097,0.12237597659705142,0.4524560135047579,0.029834227988901906,0.006864325497293016,0.006540312464787741,1.2878132217895202e-15,0.0015260486074436489,1.8129257658832684e-74,0.0001250257224190101,0.0004520857207142424,1.0033124553206557e-09,0.007980215135024418,7.249545272948693e-06,4.2921390799765276e-23,0.00012288511547772839,0.0024132801138840314,0.20653921090269375,0.009542291161240864,0.030734674448811217,0.0002325555729141528,0.00021647469628534527,0.09250335743033598,0.003604975752041214,4.206290890033351e-29,1.055261006264651e-13,0.049286847401744376,1.179889696245863e-09,4.026348629875029e-105,0.017075273626735676,1.3659450686023085e-07,0.0073934852161987585,3.1812165074018756e-09,7.984653945944033e-15,0.5568228258254173,1.645808422414592e-05
sim_strat_0348,21.157184721626844,17.982910127341526,0.2450977624532505,0.4159157060479824,0.17067616343925282,1.1211564591072216e-17,1.1784336313805482e-152,5.024281605507441e-42,6.976846718918852e-27,0.464581367239686,0.0045175139572554025,1.0274380108771986e-08,4.698962564527842e-50,0.25835940941372776,9.98125949078834e-44,1.3721606201852323e-39,1.126744230273423e-06,6.857129954009504e-21,0.07246869202921237,2.6844495582063644e-46,1.0993553920537759e-05,2.713699064087419e-20,4.003013562055536e-40,5.3826393124072525e-43,1.222940661815419e-69,0.19980751292401205,2.5861942048833e-06,0.00025078766937050015,3.145127663817286e-250,5.161362350940889e-88,1.727011066361837e-127,1.5515444692271279e-22,4.382081179715562e-161,2.820843192168422e-37,3.556540389838735e-57,5.1161975161517325e-61,4.4662400205868434e-24
sim_strat_0349,22.622824148843534,10.395630802509848,0.21841020992238774,0.49525828408128053,0.1506405611239122,1.5788078841795431e-16,0.08183150200237133,3.882665125313716e-18,4.238964862713303e-27,1.5296830261962378e-146,0.8870540179739603,1.8178609759580725e-80,1.488813815054279e-14,4.962442222566535e-39,1.825530967638984e-13,7.104072487360711e-104,2.3079853271469947e-13,1.6082136380588093e-84,3.224471145037712e-08,1.0787215441289029e-38,1.8910851143253008e-106,3.0198854716075316e-52,1.3588916340669174e-64,5.5229999914396874e-105,8.39911165065253e-14,3.050998769214367e-30,9.107668109516287e-38,5.262057215653745e-36,4.353476756742316e-07,0.0005964428516718041,0.02738604536537585,3.2325620032790646e-11,3.1347087660326255e-20,0.003131524181371187,2.2528005703232496e-25,2.4339765601271904e-14,2.2779204264540636e-135
sim_strat_0350,6.163603320059192,41.88203349410473,0.27010348007922225,0.5710960414810241,0.10155299708459999,0.002096946516101883,1.9844148131165873e-42,1.611687827310758e-29,5.244065592805616e-70,4.195549822811339e-08,1.344357722591957e-67,5.24318646611235e-93,1.3191780189889347e-68,3.23512175029462e-43,5.08085860070378e-25,2.7957746257643647e-18,1.2437220589388994e-31,3.157420815444064e-21,6.225289128796753e-20,2.7913487787741266e-82,5.163467004493993e-60,1.678733087498914e-13,2.128467630972773e-61,3.487700808666184e-06,0.9978995238057476,2.1669055764771236e-11,1.691497998184577e-50,1.0431410267341619e-22,1.967662613964116e-114,3.984618640962775e-51,1.950159347854796e-31,8.99510719387973e-37,6.674615388722863e-15,5.14473548433063e-20,2.71388388703505e-50,4.68809947100718e-98,6.0016683444661336e-120
sim_strat_0351,4.099756378371079,62.327460050425906,0.07877064890956559,0.6000227154329196,0.3656249509206115,1.1191692303758852e-40,0.1266484014623024,5.290939529796589e-29,3.712541207557518e-14,2.2463193939614065e-09,0.003476934173104376,3.269650706271517e-23,2.525178628164333e-09,7.988609179574254e-13,5.7480056912428625e-25,5.4177270227060783e-14,1.645811353523172e-52,1.0301729538142478e-173,6.876991416297278e-07,4.01073027809155e-06,2.743032560831456e-15,6.2057700477666044e-28,3.2614691358353204e-43,0.07673116550601966,0.22868782497881326,6.470813541118962e-17,6.78806324947301e-31,6.697089449965918e-06,0.018337560928392668,0.11412121607487939,0.300533990222715,7.405272084079358e-109,0.058893364898590476,1.0416316753809974e-31,0.00022630844190300265,0.07233183302201909,4.897407104837141e-36
sim_strat_0352,26.884046773619357,12.359090005121537,0.13522981185495145,0.5122204062027848,0.04280357619988059,0.08207951679025974,3.0479517798053458e-06,0.009407280807991674,0.00020330113313932495,2.793544920453115e-152,0.04286438330435753,0.12538552896431912,3.743709977343278e-133,0.30914719444338884,3.168055247751488e-60,5.267176838620423e-17,0.04798210995559067,0.23242111712274469,0.003244736003948746,1.39048030319424e-57,0.03466265283234288,1.4852442363874402e-23,1.4324119105190498e-15,3.285309611115629e-11,0.002364435414340921,5.961391328513271e-23,0.0419030276348756,0.009670388712515734,2.7395284175010124e-81,1.8417208883250654e-44,7.119772104599325e-20,2.6868174839860576e-52,1.1881207011597069e-131,2.645962173781925e-69,0.054436094429826755,0.003779668973311599,0.00044551549241189203
sim_strat_0353,6.935947171804026,84.40862172026559,0.08400682774371489,0.5390136041506812,0.07237831049586205,3.412794222532258e-11,3.230230006220992e-20,0.03049457865522135,1.3792823637747785e-93,1.1902994110198043e-111,0.08690634895236013,1.0502689506864836e-05,0.007704652461845838,0.09537377119278008,0.000165137908656546,5.773027702051266e-06,0.08456775659636331,3.0580136050918004e-05,6.79867944195489e-05,0.024991213250894373,1.2002422646623942e-48,1.081221809313393e-05,0.00983715200193809,0.11198518753507963,2.8857696228088633e-21,2.664043193422034e-19,0.0006460221542010175,0.03706534305541258,4.0030858617300884e-61,0.13604883751015961,0.07504101080953507,0.26232094703431363,3.8178205967751534e-10,6.39367689690106e-08,2.7223374159124548e-45,2.4755493188571656e-48,0.036726321662787394
sim_strat_0354,19.647065074919976,6.356689597561479,0.06694527750079798,0.5924424791630599,0.22321064043111175,0.04722106624973042,0.0032992472965677954,0.07146825481504852,3.846393616934953e-06,9.258032405913542e-09,0.08849996450573351,0.021699739860409017,1.9221788126819328e-05,0.03343330704688221,8.356464575912024e-06,2.515715202309335e-09,0.0003669736793935779,0.05423243754367602,0.01648866468050513,0.09215650675807634,0.024093865278421802,0.16231764941834345,2.647788894088843e-12,0.014232972961748695,0.004938288870145849,2.1508730676614363e-08,0.07852434276112022,1.4762953952971407e-06,4.8361164706943715e-05,2.7272854265602873e-11,0.00017358268001017312,0.230004242786768,0.02963514057819855,0.005748201436196614,0.0186117232756942,0.000801720493552763,0.0019708116049564355
sim_strat_0355,3.7799398512458096,62.072671284506434,0.026388143986537358,0.618197764794759,0.1892106925627024,0.00043625378907195784,0.0064019634195246295,2.673902981923384e-07,9.449503324989159e-10,1.1206932454553255e-08,0.08015961138501423,0.12501497719820975,1.2899767522654593e-31,0.001140754286293702,0.03473999940035267,5.809970765941493e-05,0.00012255213898646755,0.023901506225130285,0.0014941328896146393,0.0007749152324416079,0.00010627224794951577,0.0991173801509987,2.4842055973555808e-06,0.011488688487974482,6.267734864351183e-05,0.1482504262410763,0.015980187959176415,0.166451410170071,7.987240585459334e-128,3.5203886161881993e-14,7.548067002693881e-12,0.00871600107068148,2.5652413256573615e-27,0.08825855281016824,0.0022932746377263566,0.1368846529948362,0.04814294645303654
sim_strat_0356,4.985165732599928,44.38761307327596,0.3494539403343723,0.46015487875103783,0.10252601635357719,2.856195536689692e-54,0.13674926865575504,0.00010415685382728083,9.113560948820572e-12,3.9398707310318044e-43,0.0019091596025097566,0.06222435410960433,6.671255520319675e-63,1.5342704099725002e-119,9.00770764210839e-47,7.708161913124139e-10,6.265022718116516e-47,0.7990130599983739,1.2635776071638638e-123,1.0167476203347924e-32,1.7811411429297033e-40,3.516636191140897e-185,0.0,9.380943227284177e-41,1.0264005110297738e-85,1.0742483174100845e-18,6.773065585367876e-31,6.639890802486167e-31,4.559372284939885e-22,8.696240269801005e-159,2.5422972078731308e-82,1.9221717442206836e-60,7.887606571969089e-45,3.6198492268575017e-23,1.1483837682501369e-29,2.8896045520106207e-35,4.7772872007766795e-73
sim_strat_0357,24.691913072503322,10.173445162159357,0.059213040508908084,0.4555943474210622,0.0975889480932448,0.4778376181317733,2.0387911252754374e-21,1.4499298359609047e-27,8.490625145775132e-30,5.278736972506018e-38,1.607010807436875e-75,2.0513181758763857e-05,2.1879614742818463e-47,1.217801770934536e-46,4.977891751578144e-20,0.0009278635445994516,1.5110462184136057e-11,0.0006777523292159631,1.004430518640353e-06,0.016146116428753486,3.0134265061374794e-37,1.3455110796659158e-43,3.100469786116514e-153,0.00018354591777007266,1.090321921284725e-168,1.728004954853782e-06,0.4927820273810924,8.15557711735492e-128,1.0988887015019576e-10,1.3539277103944468e-53,1.7779906573792939e-29,2.6308032553612487e-33,8.679423704473981e-31,1.820087185328426e-41,4.0368742094201586e-50,8.26991541585837e-32,0.011421830524563753
sim_strat_0358,17.40302172251594,22.794780541271912,0.19664907806536389,0.4736727619343368,0.1124009770992702,4.219166505506813e-69,1.943395262376952e-20,5.66986184178156e-27,8.314980098177675e-79,2.970790694668291e-64,1.9095163074815852e-22,1.7941494094772363e-48,2.0810171212273374e-10,5.652469982518572e-94,1.4966727080294888e-20,3.170958481697311e-16,2.013362723024376e-38,1.4798155217902585e-13,1.1523462358150094e-56,0.3096903252627542,7.014082911100153e-100,1.7113812857474007e-28,1.8908785936448895e-41,2.286387947321911e-79,0.39030102489933405,0.19499082691189995,5.256334436757828e-28,1.0966571950693307e-17,7.358191450275662e-50,6.078960624361196e-05,0.10495703310863032,3.8747040030032646e-47,1.188681586660764e-74,1.7910215599421637e-17,2.8705558152578766e-12,3.023225071344573e-73,1.708618572250786e-14
sim_strat_0359,18.254173950689896,19.824669726208125,0.09676216675918105,0.49918086523606797,0.09148199026949053,0.04223325083720338,3.3586887312384605e-33,0.012782051545749632,0.0036008930962814416,3.3443987775610405e-08,0.0012190900012962764,1.5402312456738797e-09,2.396544794865068e-30,0.026142116667826874,1.1627063479247788e-07,0.01937401545665811,0.01820394052474296,2.4719590107464194e-36,0.00017894411020773443,0.026874050761223216,0.0007116114939012463,0.0004227602092696916,2.1291056586739072e-24,1.3365011360917566e-15,3.972064620934582e-27,0.004851703640815145,2.974211239240336e-30,0.18656114865836268,0.13840283830650327,0.012573542229038712,0.0010960301372422482,0.0018959735962642324,3.730348790874022e-17,0.11861981590432222,0.18285659543014196,2.8081194649068094e-66,0.20139947613809395
sim_strat_0360,4.973884983546715,74.7721039864994,0.24209537258653294,0.5507653816694665,0.10232206407467909,0.10639198329649227,0.0010759371037806346,7.72994870865376e-83,1.054991576686562e-117,3.68666347418837e-48,0.08452617934810033,9.496669907204283e-16,7.030664157909691e-14,0.37434383047459224,5.376191752982337e-34,0.008252533171127265,0.017105162827524684,1.45376836529681e-63,0.0700954771116643,2.0428592610307793e-54,7.669334834846606e-17,9.856210746007001e-24,2.784867946798525e-110,0.015747972039425774,6.999183268657544e-05,1.6747903154886569e-06,0.04284686763493365,2.1520717963608996e-19,1.2132481656519385e-23,4.4607439604534095e-55,0.20666492206363307,1.5398540955912957e-52,0.07185868799432185,0.0010187379867514384,4.232457909664776e-08,1.4623222105719254e-48,1.8166412832516466e-67
sim_strat_0361,15.277277615940255,16.38085214874691,0.1716073382798533,0.48522252785507825,0.1207432880997623,6.755756970149301e-30,0.9998610763133747,2.5472935605026074e-08,0.00012962565047388872,9.977148166808773e-70,6.287639572754721e-76,9.262170293458251e-06,4.776963513647521e-130,2.043913091574813e-26,1.6430355009677253e-21,1.882271804926271e-78,3.365961253674092e-149,1.0200741293298939e-48,2.2298894948087613e-31,3.205472822571791e-42,8.107959183369189e-10,7.189065416643754e-65,6.550057972974864e-10,2.9246114221862196e-50,2.3201408643935e-74,9.76156835600937e-39,4.024362858873304e-09,1.1982155823150285e-114,1.1299816491347172e-13,5.124934151781605e-50,9.006074229548134e-57,9.980203284499497e-77,2.194257799407672e-98,4.902632732822194e-09,1.1943079912107745e-14,1.1511889529294467e-68,1.53757362442709e-30
sim_strat_0362,4.844482218576849,56.535057225634226,0.26533089118041864,0.5415065888741534,0.06418673164894656,5.031529324671952e-38,5.729847326655102e-07,6.435996282747182e-16,5.4936000506879515e-21,6.897800540123783e-159,3.659611038085494e-149,1.2142697294513345e-99,7.477107903654819e-12,1.9423927393582466e-11,6.606965195112072e-61,7.689577272881211e-23,2.8607525472396955e-36,0.0056847313263575176,4.342028994156056e-33,1.2480703511011047e-102,2.0529402039246676e-156,0.9859718696237787,4.979620735424685e-24,5.329745187051348e-06,7.826964190976374e-50,0.0011749129499007919,2.5506139094189253e-21,3.535392782578018e-94,4.563539842280221e-38,8.856353765383951e-05,1.676206407346146e-15,1.7166721681191745e-107,3.2108446429921714e-84,6.021342698201788e-34,0.007074019805486135,1.2999544165787612e-60,1.0161607547323754e-81
sim_strat_0363,15.206148531406628,19.946513072211655,0.1549146825242523,0.5184906664877772,0.12838463684316884,3.634961452447881e-08,2.833256036806608e-14,6.809488443068707e-21,0.030204782456750488,0.004883099778999258,0.0013560880533686139,2.6355288641812227e-24,0.0011964721876345497,0.009584206422981459,0.011833537129978332,2.5496364332303287e-113,0.15927862364083362,0.0021981800038693624,0.2844523784717283,0.039063591333579006,1.2482423494476114e-25,1.346503177608413e-68,7.57928994472261e-21,2.128078914202066e-24,0.037887131740514626,0.001407683971481503,0.342867883163618,0.031840153498238,4.02488720560122e-158,0.00015343575599131623,5.422006505441231e-10,0.04171171375859858,1.2722800821559444e-34,5.288611760798189e-12,1.349764889183668e-103,8.099810659867655e-05,3.6281042233299604e-09
sim_strat_0364,5.679506207177634,19.278615426133992,0.03063512851116479,0.52396558837246,0.20313702599923314,7.607801923992653e-35,3.344944566166015e-13,7.600219279870391e-51,3.628680401926689e-38,6.1961043750849e-124,0.015279184038861015,3.15393471691712e-15,0.0002746702705565878,3.193351656377205e-39,1.0010927782401027e-07,4.7926811405651735e-11,4.672802042459735e-40,2.8377457822037593e-17,7.792309098739414e-07,4.03180225968503e-62,1.9633477329643073e-76,1.074005838085379e-50,7.005273410041254e-36,1.0963435757637978e-05,0.8054653268535349,2.545205608773749e-06,9.976105323985085e-07,4.508821934823503e-15,7.430717114205288e-209,1.263347660729635e-32,0.10693739297360155,0.00012198127034510669,0.07190605834170812,6.110361450545161e-10,5.16810194052686e-25,1.9030330680037358e-54,1.0477328111724107e-15
sim_strat_0365,44.77225604755958,9.151129730490323,0.6163697999061086,0.49734078843260804,0.11658148889054071,4.348859377284092e-16,2.370320087172813e-13,2.2620018219142267e-09,2.274653767880692e-09,7.906311161814427e-41,3.385260218614151e-07,4.967259903065689e-161,5.065599926049354e-55,1.7107552395192956e-21,0.00047970623203955873,1.4450479290227946e-19,6.128320474804125e-46,1.2701211190271155e-31,0.11687246528388472,7.709791526603306e-10,0.04581790614118874,6.4914990453690595e-34,1.4154349453090777e-06,0.024608987840621967,0.42876120002509305,1.1605096007151307e-06,1.390300698730691e-23,3.12369236602434e-39,1.8261512079505932e-06,8.201083951778005e-32,0.2781197242276106,2.3172139481864576e-43,5.206529343284073e-26,1.6013917703076365e-19,0.10533526425124069,1.0358781355300742e-42,6.867253027219135e-11
sim_strat_0366,40.76088048382345,7.194802058765751,0.5294005600438562,0.5183140752999598,0.11167295386786047,3.208218060829462e-66,1.7184661113355915e-39,2.5066926997524874e-51,4.082664916472998e-19,0.00018197124734482839,3.315327270866329e-34,7.772168303629576e-14,1.5625062508226285e-32,8.248279356336975e-20,0.0004901936209090229,7.477222970717181e-60,3.3911344271689655e-30,1.7297994400745712e-16,0.12617364534752637,3.461727826628528e-28,0.009556846955253124,0.006538348023429175,1.2158158528999216e-43,0.1268023218639683,0.2749550033171205,7.719381464728095e-32,3.022547182720346e-36,5.554052109387321e-55,2.6421492415324957e-38,2.3341296341394236e-47,0.09158124774504575,5.277931139143602e-44,1.7047031520768877e-12,3.257269930336881e-44,0.3637204218776205,4.978828342184459e-48,3.138933212915982e-79
sim_strat_0367,46.89917801763531,9.627428444067784,0.5949371539258412,0.5770795519358592,0.09606453483343359,0.0001678364986960689,1.0900314838577824e-81,2.5597574259695904e-28,2.8909163152983965e-47,5.427484930318042e-24,4.90381707892693e-16,1.280175898084789e-26,7.52493752623834e-52,5.26058244935426e-82,5.1591244414527196e-17,8.703824325770472e-106,6.660231445486064e-85,1.6515724471642053e-35,0.1587358933129679,1.6875313077099974e-38,0.0013561573401111885,1.2294622858546159e-33,2.0253384263848123e-22,0.012994956729395511,0.29189164975143156,4.596151125362001e-11,5.77913073822587e-20,1.0544312650133334e-61,6.240039216091093e-57,1.4809304183645638e-05,0.4961718893299058,2.6101123897781765e-42,5.519093496680524e-38,1.8558899811037097e-12,0.03513965691549582,2.641716099331057e-05,0.003500733609001113
sim_strat_0368,41.27552880312865,8.259059569752774,0.406831040681226,0.48918920869522275,0.11807903841969909,2.8582417935224495e-69,4.188553987830022e-12,4.252130423807164e-50,4.508852680821525e-13,1.5853996713129463e-63,0.2819898379621929,4.2765031415939225e-17,1.0051875570014295e-24,2.1861063803296422e-42,1.5148079236350342e-24,1.4940274403751198e-132,1.2676388557220754e-20,3.662246476701402e-20,0.13443343278821537,2.3187931725639728e-64,1.1238404117715467e-176,0.08904701995274739,8.910978352466573e-24,0.09154743283294244,0.068982464980192,1.288581414500922e-146,1.921004448996623e-110,5.114823827463829e-47,4.1791443147988517e-14,2.82186831252764e-62,2.043621078443202e-49,1.3846748085122465e-48,7.3372659145476e-08,1.142994302371468e-09,0.07308293282437145,0.046073573507856715,0.21484323063114705
sim_strat_0369,8.090308772082736,35.391516114656106,0.23736922750449096,0.5490003837096541,0.08729343517951654,2.1024953789620485e-54,7.95490455663056e-89,1.8831018942146423e-75,1.3624460343061323e-16,1.6775798208986898e-165,8.556500090542747e-146,1.1326574379401525e-16,1.9562295537097174e-10,4.6787785169071584e-08,9.43451095815168e-62,2.541608828408252e-11,2.5479428810533332e-82,8.420207392252181e-113,1.1314496085979036e-98,3.570054200250842e-17,2.66749714675086e-69,1.3502503762944714e-10,4.4505594341536433e-17,6.858387409712184e-64,3.0521266602754704e-26,1.2366434613637692e-40,1.94596572730991e-68,5.292456216199297e-07,7.989496711030564e-47,1.3863605577862425e-69,0.9999994236105286,6.108682366325099e-20,1.4239487591040188e-16,1.5856056898010116e-47,1.229496634908922e-167,8.779225044929021e-133,3.731768980578824e-101
sim_strat_0370,18.401872447988165,20.763880365035423,0.2245583998872396,0.5228271962863669,0.2201235137554602,1.9250542679288727e-08,5.505391107135805e-44,1.115931826862131e-33,1.230461769783278e-61,4.1989115312752496e-08,7.789011499931703e-06,3.5090750734260708e-31,2.9697157062695608e-06,3.268104426732753e-05,3.8460313291799e-75,4.7772385761075735e-33,4.192060713343063e-05,4.362829068630692e-17,1.7017334037152617e-83,2.176027886757545e-39,5.084752380016147e-55,1.9495214239376658e-158,9.397459069236633e-11,1.179700037937518e-08,0.13773443225207868,3.3469306008676116e-19,7.278510123004608e-33,2.4731393645470453e-68,0.0030743206961172313,7.320594685647392e-69,0.23998075196682148,3.655075495370415e-145,0.6191211029307561,3.958644986557579e-06,6.246636160140547e-130,9.909351176770545e-115,1.663028029603326e-121
sim_strat_0371,19.638990450676964,10.670471483678927,0.13012411774560703,0.37671811077364276,0.07430578655371516,5.725696312173673e-28,5.677481849495842e-47,9.18292210260901e-33,0.00904670067389948,3.801251333923173e-37,3.2001942878930816e-19,3.5510363492678656e-43,8.987969065579207e-156,4.279115920360995e-24,1.5861079776404605e-07,2.620251189312246e-31,1.1401953175560696e-63,1.001834876319927e-92,0.00025044247817297954,1.6242740946371601e-12,2.414574061391466e-14,1.628328951489287e-30,1.5730919320435014e-52,3.6675702378282624e-35,6.720276225840242e-58,5.192256981471133e-07,5.591477422551467e-27,1.5792110424653566e-20,1.9084348662421775e-27,0.007614433673315171,2.934589226182091e-19,3.8835222089822397e-41,5.811233233551808e-06,7.105937853203929e-10,1.0327325783849818e-81,2.485570667703089e-13,0.983081933392392
sim_strat_0372,43.428076912846755,10.754055523649283,0.1876442362216235,0.5311155542969166,0.09613404453005957,0.13431011922098643,5.278956330863818e-10,0.08691190552575603,0.025335591165141974,2.412146121692039e-27,0.0144512327528653,0.02673488653147987,0.1434384180370682,0.15098631366028004,0.0020636728535422624,2.345558556350841e-89,0.00695528632270586,0.012634916899047654,0.004791766420962765,0.0013197875725961005,2.7754048817793976e-08,8.862204234244125e-11,5.782446440599299e-13,0.012426771866280358,2.7676595193927693e-35,5.565096634211583e-71,0.03250118779286543,0.03795182727441606,3.3928234659804475e-07,0.18354025722147854,6.977792397704361e-125,4.728185059801965e-115,0.00010778014375563245,0.0010814984397486756,3.968633329971415e-21,0.034266659374721245,0.08818975327081012
sim_strat_0373,3.3551052446792777,73.06094900469533,0.38094563147710014,0.46348048524622504,0.053053150203480275,5.3212603426273116e-17,1.7434319142884982e-196,1.8765224303938552e-05,1.0833530349950281e-24,7.715420277774873e-117,3.7180457828782804e-35,3.2138144695646754e-81,4.2537430269657304e-20,1.4141443515103865e-30,2.7122673646765864e-68,2.8346351328615877e-22,5.904195458268158e-138,1.1154785772281096e-50,2.590386188775077e-11,4.455975520181357e-123,8.866447916828676e-161,6.456938144134643e-51,0.0001595672727851222,2.969342737723943e-32,0.0,1.349699866326206e-110,3.7636013808855156e-90,4.275071722253103e-39,4.70422049255231e-151,2.5786257639669828e-111,2.152059481426524e-81,3.447410400397276e-76,6.460474123304505e-25,5.264468161840591e-41,2.013539869732317e-14,1.0869622185065811e-45,0.9998216674769869
sim_strat_0374,22.640977131496555,15.782798375109262,0.5085735468773678,0.5469765166954031,0.11313064037598392,5.719245572846889e-111,7.301089174890496e-42,1.5514340945347633e-30,0.00055402136027805,6.195678629564417e-24,0.2219058149283234,0.03523330022623808,3.9961954520666935e-57,1.0258470953860864e-16,2.0136843533014325e-08,4.527311848754861e-98,0.0012427570774846274,0.0024976636163408987,0.06637852008087282,1.101510171843496e-05,3.315036615091077e-10,7.915881271989884e-163,8.522868438157403e-89,0.030309563380569237,0.44488660252859774,2.5860220728087833e-86,1.323128500525719e-48,2.9761192303224958e-55,2.1253268820781048e-10,7.939850965489996e-29,0.0005248317683267875,9.477230521957263e-86,2.7704553786094303e-139,1.8015466926103255e-11,0.18999715890464844,0.006458730327706234,6.501057000423422e-49
sim_strat_0375,14.709671019508995,13.976147590911332,0.057829551412202314,0.5200269121699989,0.07550404209918378,0.005411909518781884,0.0015521698725551693,3.4125205915029224e-13,1.6483954992582532e-07,4.827946549368268e-137,0.28494234999370516,0.00016987451189141728,0.01572906264702164,0.0009276889808948894,4.2377357029671164e-86,5.564636701108952e-10,8.207586630797826e-08,0.05224046938480909,0.07871745413101737,0.0027486786241895573,0.09175213373603018,5.824656442471991e-18,6.935040279841389e-12,0.18247663355428417,0.07647214692506757,8.80540245513686e-05,3.1208589601587093e-19,7.296152036892902e-06,5.598473693740272e-06,1.7533350492363933e-26,0.20159361175438179,4.357715193419812e-26,0.005164620235931616,8.004534669597923e-139,6.813187136141514e-30,3.127468761939941e-52,1.207384651961612e-19
sim_strat_0376,20.449113779682733,10.004967542893011,0.07386290239363841,0.6846433690573982,0.12279892878591514,1.3786731841427798e-106,0.008228599614740257,1.144512181915353e-09,0.002766771191061075,7.459585185327434e-13,0.1384840150452512,0.23821741552687636,0.0033999455749500283,0.15675416456959068,3.794696924267283e-09,7.728413005231793e-06,0.024101995215916574,5.8339040350112e-79,0.004008515916145846,0.023987361948768868,0.0005852449134113478,1.2237114678133106e-53,5.987719726794172e-20,0.00030120526825108224,0.14529497962189206,1.6845848862000005e-06,0.04625984757969964,2.96208759470611e-08,7.337558038624248e-11,1.0117567869486056e-22,0.05622343872804663,0.0016327249913966762,0.020073484488977757,3.886349434885396e-06,2.8389200689034927e-07,1.3855256202517545e-59,0.12966667193148432
sim_strat_0377,12.221882182029962,12.799276574129452,0.06673393196265208,0.44478529147328605,0.17648331822792268,0.0007108930581591717,4.7185578573784866e-05,3.8023909241674626e-05,0.05525603793269532,7.464128807378944e-21,0.21113695379537542,3.2594698509053224e-05,0.010053660228438082,0.0029044697007832884,0.005550992024285434,0.06327380203460156,5.59350609142411e-08,0.007594590384512696,3.0701332120201587e-09,0.0002541581361741717,0.002609730056573186,4.0812688601047894e-27,3.0034431264666347e-16,0.02671804646461295,0.4818620444060275,1.9267351860912854e-13,0.05140304398708241,6.735195132438909e-07,2.1139516238730325e-22,1.620616886764363e-07,2.2521538403238438e-09,0.001079050967215268,5.645217665234592e-05,0.004012231236933597,5.278446319886563e-174,0.013432094217028068,0.06197304816778216
sim_strat_0378,13.156973104922523,26.631616734070562,0.2096718584249059,0.5221808701477764,0.0958572230558936,8.063908746233129e-08,2.478301627179837e-75,4.0040069217146976e-21,0.7015339075006765,0.0032212384153250924,0.2952247610045813,6.730297777755901e-173,5.573485817704802e-17,1.9946992820849026e-05,2.9718523150750854e-17,6.622205201106145e-26,3.558047454508546e-09,4.1998287820271804e-14,1.2270245684941136e-68,5.437617237816088e-46,2.622729512026333e-56,2.4742142065169228e-20,1.2370829028243267e-55,3.625892510230416e-51,3.457698132942818e-16,2.4782895142546785e-57,6.753910559490298e-91,6.680659512787758e-44,6.315804265557714e-15,2.799923848136622e-63,6.188939248727344e-08,4.250675781981998e-44,1.713569053623299e-54,2.1138027719664615e-60,1.0288000794603395e-129,1.4620945295619738e-14,5.661948158791917e-15
sim_strat_0379,5.4388031830944845,70.91536393398982,0.1706678778794198,0.4619926659177238,0.20897929062534398,6.12117050596836e-17,1.1942730557782832e-89,6.1052569734156125e-21,3.5354704265835386e-58,2.1402661463503642e-71,4.677958999616909e-10,9.696798656098331e-21,0.755796447842317,2.3920725329342537e-79,1.2265024000498196e-44,2.912054172685102e-70,4.676731902421174e-31,2.0272262607773424e-42,7.45490049417256e-17,8.224800229941637e-63,0.1540973749652454,6.788746233493223e-51,2.7021475461981647e-92,2.9732730679977755e-21,0.08417380562455216,0.005932371100089384,2.298312406189886e-78,4.041161137053458e-33,2.5896060201061586e-17,1.7049216545121342e-153,1.8120428390018977e-21,1.8310252016991156e-47,1.6417628841094235e-87,7.81459102981664e-158,2.934197235098781e-95,1.6936878968127464e-22,1.0504293638190001e-55
sim_strat_0380,19.431031780199547,15.368999279235615,0.09562015662766497,0.4363079259056164,0.19546707027968704,1.0001654677827645e-58,1.607222767758311e-07,1.1507481655813369e-18,0.0006479790900579212,9.599838346970371e-91,0.4797475600353975,2.0631512259967184e-111,1.5122710965671098e-06,0.05048643306444052,8.034851061405316e-100,1.4645614115335256e-10,1.3072016176483026e-71,1.2704740966976794e-49,8.493056673083062e-10,0.03087749999168676,0.003470802414818899,6.403904260911958e-13,7.005674574925147e-46,8.350531447388775e-05,0.20222210168803134,1.883393937797811e-30,0.021721775337953685,2.8898197983338743e-12,3.5087692031336813e-10,0.0007394984371494242,0.044292247721784354,2.850106427753005e-05,0.16567611101126878,9.246032597756419e-27,5.523263982182253e-32,3.1681961298060842e-06,1.1422889875895225e-06
sim_strat_0381,177.06504608803695,0.5579180368632951,0.1273078008185943,0.5273419381040103,0.026794034271730775,0.0002152959317197993,4.208939579784931e-08,8.850922003829908e-10,4.1990240760993816e-46,3.353075470669027e-172,0.034691002783419723,0.024131021906429236,0.002670385546495735,6.814199204274176e-07,4.77940827284206e-07,9.949306930539957e-06,0.037368690405482546,0.0060026079242684145,0.0001723112267946189,0.00023375022977890683,7.16982241574082e-05,8.185214781630571e-06,3.849119835934507e-06,0.0012541769012052947,0.00020854066704898967,0.0036804520022124198,3.659638339280072e-05,0.0020552814655056604,9.846877874130758e-84,9.712690379913003e-15,0.007077463585462564,0.013157228000210616,0.056792723881767905,1.937239178758184e-14,1.9919529993215e-93,0.8087946083902942,0.001362978567540313
sim_strat_0382,17.048858834654723,17.072832836840877,0.18083108407087098,0.4076603308514772,0.17972816085993282,6.537883001666027e-98,5.812167736331228e-45,5.402592782195208e-08,3.0974010665598415e-79,0.7996485313242958,0.026088864109091708,5.520172925480511e-12,2.777758584815816e-54,0.049072560629872045,1.0909823772674775e-31,5.796904468484866e-14,2.1428186049436764e-48,1.0406212271182719e-99,0.03228321190006766,6.304945858300694e-07,3.171880515204019e-14,2.3409890928335786e-06,3.481214162041874e-73,1.9053434614221034e-52,0.046149071012669775,0.04675470335096916,4.560365001183175e-22,8.001276685845688e-15,5.536292929178613e-19,4.177405702598167e-89,9.648022089961728e-18,2.4484969853391943e-40,4.4516683693799255e-68,9.953130113288628e-44,5.3809023852367715e-56,2.6740018228669047e-74,3.215780965361669e-08
sim_strat_0383,26.167843587384052,12.27786770852848,0.19360450639500137,0.4680103497028656,0.16833150836424202,4.4729693993324836e-42,7.235065730130592e-06,2.635307130199737e-58,2.5726931748662515e-157,6.741112303310665e-30,0.9910703456636663,1.1095640645813018e-12,2.4584638325002754e-25,7.468226756525646e-39,1.439060614834967e-21,5.577178169640449e-181,2.1460878125681973e-34,5.443541441079763e-25,4.006995820207738e-20,2.1931717418448828e-29,5.0007538648835944e-14,1.1539224864422797e-68,5.093265274026642e-06,4.838476399234532e-52,2.061197998166973e-05,7.590032444561794e-12,4.66551050319101e-77,2.0657788654370885e-26,1.0265804102749828e-35,0.008681561187330381,0.00021513074482661503,2.200882394062185e-08,7.559840437866788e-11,6.11138874742287e-148,1.9232829991057465e-14,3.842513389843819e-20,6.516178813931959e-48
sim_strat_0384,8.311761274114248,45.361718300990674,0.1991533718430048,0.48349462401181825,0.1287996747985643,2.5727684081084308e-17,3.9746379916876176e-07,7.607618503302114e-36,1.9034581341973757e-05,7.014292707945842e-37,3.2470738495193106e-46,5.076750362486611e-06,5.036221064236161e-63,6.869456015808472e-47,0.3972536841545022,3.787349269840838e-33,2.619433565431072e-17,1.5994570337075588e-21,1.8359939322572793e-33,3.256662268677926e-165,2.1181181431812655e-40,1.0210263246661612e-18,3.9862680728271364e-56,2.1509376029600897e-79,0.6027218027145745,5.127364737513179e-34,2.6597082016479686e-25,1.1406025673648117e-49,5.038242900424066e-10,1.7035885910231088e-16,8.53630078291974e-93,3.35546951504179e-66,2.0235685410693698e-138,5.597308557781633e-30,2.4551200835222445e-15,3.831592864734126e-09,7.551008953921796e-32
sim_strat_0385,3.776798209988084,62.12871973459254,0.06367137350900415,0.4930793984161251,0.3325440783551319,3.4479058013795335e-20,0.12324345702003449,1.6575482347142784e-06,9.655641472535587e-08,9.012534737667753e-70,0.00882735227425204,3.8906349189601386e-28,3.0492143262089476e-10,1.4172014681823438e-44,7.134624143502976e-29,4.2661585633433986e-15,2.0510161846309532e-22,7.74616485099798e-41,4.563856605743443e-26,0.0004213869075984071,0.0004918049375954347,8.413624651102675e-42,0.00011657059810002523,0.2188679744653555,0.4852696872077603,1.7243470355333974e-56,2.490551183232318e-38,0.00952189564773681,6.067482386198582e-31,0.0019309110333969298,0.05208992097917145,1.368603608240979e-40,0.09491331971565707,2.373196615064183e-99,9.503539341824748e-166,0.0043039648008657665,2.900860856234031e-12
sim_strat_0386,24.92000476178967,13.010699714896617,0.12747675054570873,0.39981224119395126,0.05235847724152851,0.0813303250092492,6.087844645886097e-09,0.08813820824281919,4.935174086030645e-09,7.518477007793035e-11,0.03851750235265882,0.0075138605142489765,0.002619519861936189,3.018273970722419e-08,5.760790564013301e-86,0.24128623846154712,0.24260729622329597,0.07902683799286916,7.998993658878838e-40,9.662013516842102e-06,0.001305797071766199,4.586608365228967e-12,3.168734123502577e-30,5.428006539075436e-103,0.017076588842147192,4.463481327736926e-28,0.16538987258592983,0.027822129569394147,1.874673117056339e-197,6.744508245139363e-60,1.3547257053272533e-16,2.5301864112721222e-82,8.040564391062927e-51,7.653371212599273e-94,0.001514620987373246,0.004462356537152171,0.0013791424485658443
sim_strat_0387,6.754695630278804,59.22255738440301,0.08623579654104918,0.41286493689527903,0.08278286339552153,1.3847364317746924e-11,1.3827262196146104e-24,0.0008609962558726307,2.0817993170157943e-69,3.461558358787518e-35,0.19557952283313412,0.05253516224348265,7.546851106532178e-08,0.17252764334346485,0.00012479718608744044,9.847762144647895e-05,0.019879499059454863,0.0006359617283892998,4.83442500370598e-13,0.0009344640574636489,9.868387538791951e-72,3.26696132013821e-47,0.008026326347949557,0.0890668033463998,3.8332634251517623e-63,3.715729157509979e-10,1.4983455627961335e-07,0.07733575077991535,2.4796779735023118e-20,1.4035383724028411e-05,0.34912052065240745,0.032401165830789315,4.962512302608539e-10,5.569791090754607e-24,4.982344715432043e-15,2.2925448878967386e-27,0.000858647144791245
sim_strat_0388,17.479353877738717,6.0879638829143286,0.07486585402071129,0.5323518949012446,0.15460311168242674,0.15786872762494242,0.00034611537098426146,0.08001298856630738,7.46125589318848e-18,9.14011951925712e-25,0.11109537227549623,0.01339067712775623,1.2650113244682218e-05,0.05700301419162423,0.0002596188023519448,0.20388173933701034,0.09284491612896872,0.007296957158790036,0.04187048754243684,0.01973568019988329,0.001595568555474413,0.0006926820642378533,9.875492562148659e-11,8.509640000950382e-07,0.00674866682714856,1.984604785011739e-06,0.00012857816741963899,9.717008694106221e-16,0.14437994657554273,1.0062186535781371e-12,0.048269712925790534,2.3564202341003995e-05,3.660101515302563e-05,0.010844709974448806,7.103775331576502e-09,0.0016426801945375242,1.55022857867619e-05
sim_strat_0389,3.3591078553017817,56.460900605921324,0.026560824129661063,0.46606903613296535,0.16103834034619025,0.02251161406258761,0.35072289674004,0.009538462191721388,1.1808247403907541e-07,2.5343058690352263e-23,0.054947570551524785,0.004890865857557813,7.618965498692236e-63,0.09567113793249184,6.0615466779478535e-05,0.0004261114588703229,6.348835396550804e-06,0.018375707600432147,6.52745132850684e-06,0.00442183046009134,0.11076695020160782,0.004196428724917602,0.16158633048339616,0.0003370766300156602,2.3119201907865036e-06,1.837135343035521e-14,0.02183102419276972,0.021791016934700126,7.849342708196853e-21,2.4942137746994333e-50,2.3366921111706167e-07,0.0009008052578312339,2.4031861994809606e-22,0.007298333609518659,0.05621878543773729,0.0035390134772001645,0.049951882769589506
sim_strat_0390,5.004583606609785,47.558418141133984,0.3310616861839717,0.5641247666284441,0.08838138204762683,2.6989286349962214e-05,1.8211478750732635e-15,1.2249981662973892e-81,2.048666298043496e-72,1.1937184417549346e-07,2.039797661510757e-153,0.014018468049127786,6.355007154193905e-41,1.6028203786344702e-246,6.123255424484252e-68,0.005556389930274265,1.9771683117803116e-98,0.9803775931909162,1.0382140664809582e-35,5.186353728940766e-35,2.5948478233252505e-23,1.7419066398430227e-120,1.288901078792656e-83,3.1399974353152766e-13,7.256613252308336e-76,3.0824052496523484e-26,2.0440171171833724e-05,1.0554704891851769e-19,2.1963556716420234e-42,1.4601085218953343e-66,3.7540488309087575e-83,7.095347001684174e-30,2.6926045933375707e-96,2.2312094642131525e-66,4.6411196940489415e-71,5.371194447883402e-106,3.0843128117695846e-32
sim_strat_0391,25.464621810870025,11.326805536997545,0.07597607447634837,0.4694141075784795,0.0934527764474504,0.40301392392998486,4.429004760098005e-30,2.722617436363671e-12,4.748295032114526e-70,6.488910547548525e-28,1.9239917794487886e-108,0.0003224048911788551,1.2463755071637977e-51,2.360880745790793e-13,1.0891968760939665e-30,3.9226534996776764e-17,6.467986122599911e-33,0.0018608707153384887,3.6625340096493296e-51,5.270114863210947e-79,1.6325656909960608e-24,1.4431485640483463e-10,2.8899452042417572e-27,2.9553227598701113e-84,6.099390523178728e-45,1.3828456314745894e-31,0.5664203737650619,1.0282828648371185e-149,9.131496455342133e-73,1.3843197346117321e-27,3.6807846553676896e-09,2.308627960903257e-22,1.1976522643454279e-42,6.340045763300777e-22,1.1424031652053585e-76,1.044595418988249e-57,0.028382422870377948
sim_strat_0392,12.656097209435247,27.893738129338562,0.15420798237465966,0.6545119948832971,0.09702920952430616,2.020239025461115e-09,6.359553450581443e-50,5.478625211976816e-33,1.0099664837052526e-112,4.601672990846321e-08,4.192904332917044e-20,1.9426051056956596e-104,1.4038642087746215e-08,1.6669542968264273e-63,6.863301590876495e-26,2.682453621929467e-28,1.1626912527573658e-57,1.9694044411700715e-64,2.242651619329891e-81,0.578434222089957,1.2534467703869559e-11,1.3487236023212283e-33,4.358240593540153e-39,1.745286869192098e-101,0.254693556239621,1.1877941852737578e-23,1.7750770656937535e-43,5.511588193443545e-89,2.799538338324884e-14,6.078382601111759e-10,0.16687209350771906,6.546669118356389e-08,1.2613107417221507e-44,1.110748839539584e-38,2.78752179198284e-29,3.0324250344992184e-112,1.032625187285312e-27
sim_strat_0393,16.224808157765715,18.931686484922754,0.0893757668604545,0.5413077648997869,0.08527519821536074,0.1118822080653043,4.266808961846736e-101,0.008539270500055707,2.4230782693379818e-08,0.005788524873196058,0.00044707465676773617,1.593586557883338e-10,1.7071414247198995e-53,0.022015969493390075,7.259194123020853e-28,4.3944562974470734e-11,0.00022932024994977513,9.702445456153062e-21,0.0062986868645378054,0.12866265710209646,1.0659172221917892e-05,1.5385496159235273e-13,1.4576373507449917e-25,2.136609518872521e-115,0.28758257981565716,0.022147445913126285,2.580318390278082e-40,0.007882107862753463,9.530084704074033e-08,0.001862157185736777,1.3423640367488794e-05,4.113731726681832e-05,1.595050927052185e-46,0.002353989900782904,0.3942426676517024,1.2431618548537568e-137,1.576002611129695e-17
sim_strat_0394,7.087465477210647,59.66151670201928,0.18600231894518235,0.373144591364624,0.07914614656474146,0.056179545072779884,9.808661592700238e-05,5.363259727623619e-47,4.3244201514225953e-19,2.980421454504235e-73,0.057982741891546785,2.610392067840698e-22,3.317086270766728e-73,0.12788865523381956,2.076398709048103e-80,0.03689175983693513,0.007171190966585331,8.106081046812321e-63,0.5521434990732518,6.13383359204527e-36,4.931014752639667e-68,9.137423818726751e-12,6.264141723444174e-76,0.0057252074446202655,6.4226358889308845e-09,5.269531956161813e-05,9.583160707165937e-98,2.703824330295347e-09,6.149859216864652e-66,2.965659034907361e-11,8.815652535075412e-09,1.400080915694362e-31,0.14160533159248848,0.014261268971577592,2.4057619673063134e-46,2.1211064044472854e-20,1.2113912934073649e-20
sim_strat_0395,12.309769117477268,22.081458718066585,0.1490802265225791,0.39842229368258625,0.10841280070890615,2.7979598924453876e-12,0.9940089064736704,1.5083259497057875e-06,0.005924225496681923,5.3668762328720445e-86,6.080662518031416e-10,2.6421127991646264e-14,5.4037937472822234e-21,3.242137409953052e-36,1.6016865935639353e-05,1.9525459346092744e-25,1.9189940987739145e-19,4.934134689757205e-05,3.1307837965532284e-67,6.376823464047611e-45,2.04922832479155e-31,1.90876946894546e-136,8.802219232364231e-11,1.0043437072159619e-146,4.860795032044835e-21,7.909763093442487e-10,2.911331042854677e-34,2.713885506017476e-42,1.4916895842189322e-19,4.609667843588451e-49,1.375031861791453e-41,1.852088203174663e-16,3.540133717629718e-37,2.3038234427108082e-45,2.6512707363126434e-108,6.37968034672141e-51,9.756420471857904e-13
sim_strat_0396,4.988968989364025,81.19773146037562,0.2382926935237695,0.5738357911334592,0.08451004187850711,7.063983487815594e-24,1.2889974351967295e-17,8.718669973643704e-30,3.92039230044916e-16,3.0941817879122884e-09,9.292898711669316e-188,8.56234010708094e-58,2.874382825498723e-72,3.092098854273273e-14,8.320265262677764e-40,9.37982088683309e-28,1.1597077598905568e-20,1.4261600016299418e-17,9.082166294164477e-28,1.5069148938407212e-53,9.906123832720159e-21,0.9998934756003844,2.3095377519124992e-42,3.4683293696661374e-46,2.8500788413231774e-43,2.8144898402244095e-58,1.4729974749761973e-122,1.4239122504249618e-36,6.4373395743579895e-28,3.833866053757442e-14,7.076286859028382e-32,0.00010652130536362007,2.4014383778920366e-83,6.804497484932064e-23,5.144440446223288e-16,3.685560260838771e-33,3.770729804578817e-30
sim_strat_0397,15.93272233979258,20.9813456812518,0.1749682598554926,0.5405803081685769,0.14033235805549557,2.568925378359908e-06,7.55702124464774e-27,9.953224770862603e-103,0.0643954298779861,5.870395568354713e-35,0.21909947383214154,1.1766603491986762e-87,7.532337647547747e-16,0.04749977040885446,0.004653025210219252,2.09387391021518e-22,0.025343776823881295,8.194217933061681e-05,0.3152616017186085,0.0036925753274419148,1.2457351022894894e-06,6.838746294175376e-06,2.5080659963549077e-118,6.624215187958946e-211,0.11201029518759059,7.546413174308968e-07,0.008153034114463437,0.17997575081707012,4.406689229347847e-100,0.0014930378559926715,4.88403221396994e-07,0.018327555950957586,6.354778559439416e-18,1.2926116009833712e-19,5.1607201223239506e-157,2.933869703421019e-10,8.339507605716929e-07
sim_strat_0398,6.038851439959175,19.103115947237168,0.025501066978079696,0.42394885016371847,0.2770815667801405,1.430905572587444e-86,1.0803939849940363e-50,6.001230794448794e-09,2.1039464185139697e-57,8.782192985601469e-18,0.03490344498090605,5.214570888910903e-69,0.0002328175919090443,3.8262725530040844e-23,1.270243047591923e-71,5.740499723235151e-29,5.2527375843975586e-20,0.011032923367573604,5.3094118443992495e-70,1.1783872073834728e-65,7.663377263770873e-142,8.07552659628539e-55,2.5863180928955576e-07,4.1760841579080926e-05,0.9220538150095526,2.35080688636674e-37,4.259689754437454e-42,3.3182501155097544e-47,1.526027569794648e-26,1.9585828194266552e-13,0.027723430583641347,1.8601559416089976e-94,0.0040079727761619804,2.9397417641855725e-44,1.494157890530233e-08,2.9950902968154197e-86,3.555273861497355e-06
sim_strat_0399,60.216013876821094,6.438538334355498,0.41978777428679204,0.5418398606066273,0.1268814456646166,5.195944503349848e-81,0.0004441311508201695,6.905300252813472e-75,1.9828945075470437e-12,3.6244494168821087e-08,5.11232658271917e-08,1.708314898218393e-23,6.205326319284841e-39,2.1719755531881208e-47,2.0637229443544078e-73,4.0561325642085244e-55,1.0789629124997373e-14,2.1627033344467662e-92,0.12789430484903055,5.8686015650101146e-68,1.1708347581542658e-06,0.010585442328939876,9.011705567515193e-09,0.07636631908840384,0.22889864672534863,6.06464236026378e-43,1.2556464489442738e-07,1.93528913957238e-09,3.0180229613392585e-16,3.288618585176567e-83,0.5397430971973137,1.4162875227700821e-40,1.274843899410529e-29,3.279986462734392e-32,0.016064245192036336,2.41875195525901e-06,8.862502279841869e-25
sim_strat_0400,41.94717518255144,7.987129652346245,0.5380788738723125,0.4586835804462838,0.14052260103335557,7.986074126447291e-19,1.323075834040194e-34,7.052008848726677e-11,3.2405182198640645e-41,2.416323610194081e-113,1.2763362401425538e-73,5.282683209688044e-06,2.2515176993990919e-88,2.024490495838666e-93,8.846122269701718e-19,2.5265692058503674e-85,1.4789702468655275e-40,6.690377226532847e-11,0.12431727506462727,8.239824480178219e-18,4.5553639278435834e-05,2.726841682994773e-91,1.1532837698977852e-54,0.04171290183986463,0.60374736178445,2.6266071393374488e-06,2.7213808085627627e-39,1.0110826399696665e-52,3.3489718380048646e-88,2.4341416453969073e-126,0.14161143990824224,2.8921264629640445e-105,9.941711848806276e-47,7.74982909305273e-14,0.08855755833568704,3.2360986377055286e-81,1.5299829729169326e-41
sim_strat_0401,47.74360497275476,6.447519291809469,0.5716161693513779,0.46114520796754566,0.10171336774049701,1.198185056542381e-06,1.3859866833123568e-51,1.7604478620891268e-21,8.884954676323788e-06,2.3917777808781123e-142,0.004030863655011735,4.483923980289043e-16,5.681570805856727e-17,3.2957469512692284e-101,2.0882521567204884e-163,2.0592313915038132e-154,4.1937211221966476e-54,6.344214969587445e-12,0.14946140104469155,3.1894100510191225e-195,5.754211381286675e-92,1.8885959194849125e-60,1.5725945063692767e-20,0.025664664381953525,0.38456370844566334,3.8773653994305684e-46,5.702352459877138e-27,3.3108028456006776e-22,1.3078605472155833e-19,1.6874947232613363e-202,0.09279783005761864,9.38854582125315e-44,8.486209046467279e-46,4.933163274497082e-46,0.3422388393445034,1.5708662625032952e-66,0.0012326099244802068
sim_strat_0402,37.23993709063892,10.025640804172802,0.435236803965701,0.49530023833240844,0.09214440000099762,3.178033222279319e-29,2.614478983309111e-31,7.890535990065764e-14,0.02818808721841169,7.497007703728556e-46,0.05318739341850554,3.225342096452682e-30,1.6312027696217997e-46,3.343731715700707e-56,2.4727153796421336e-46,4.081337265571692e-45,4.802993576891211e-15,4.098516809788672e-06,0.2419035255311782,4.395322818156611e-18,3.1274114820227995e-70,0.024335450956906843,3.010417194189188e-65,0.23228972452569366,0.0799987654638167,3.259322920183088e-26,0.0012308299351647355,6.867247773179462e-119,8.54043664914423e-39,1.138054385825901e-14,2.4827631268055746e-60,3.424038306779457e-139,3.461204569597776e-55,6.286306714629023e-21,0.1812587274827519,0.12328803155784102,0.03431536539282492
sim_strat_0403,8.884670780969683,41.67845705639558,0.19524617967648436,0.5619324468290854,0.09464465801288796,1.0967451474864608e-63,1.7761352690023374e-51,7.072087066265533e-102,2.34504977912103e-38,4.2762697904945334e-40,4.261555222329099e-120,0.0028904941374559936,6.813232747230264e-29,6.763825733524362e-56,1.2014452910555578e-57,1.0356320023946451e-254,4.5990300739175944e-116,1.464683874836322e-26,9.605330233623148e-56,5.4375333387080956e-250,1.5475819175859849e-19,2.014158116992956e-64,2.2175525003240816e-28,4.0925984710287376e-131,2.4347628853685624e-75,1.0214390304564449e-84,3.0309127518551614e-68,3.14466478015833e-70,7.367632219640683e-20,5.679442507470956e-25,0.9967857573712186,3.10647840403715e-19,1.0265453429797298e-49,0.00032374849132551495,4.0980326120510885e-184,2.517738142616118e-24,4.651984670229611e-60
sim_strat_0404,14.756794193954251,17.93735112326678,0.21501761016016552,0.5178087920242752,0.24506645904768926,9.226859460112717e-46,1.5828083501694141e-96,6.45331071900197e-79,9.092657361403066e-49,1.5885893793587666e-21,1.7946032892257482e-84,8.751075359545428e-12,4.677235475813392e-48,2.1603838927540384e-10,1.1357730274125263e-15,5.883591691091455e-16,1.5479190309807998e-68,1.5950901846359224e-18,7.187865018013388e-124,2.815580263066131e-08,1.7923926420798236e-38,1.9362886022477034e-15,3.214706623670762e-51,1.631617017669029e-39,0.18863251708411832,4.657381891303264e-11,1.734011816987437e-33,3.9915981374223254e-33,4.836604622653366e-34,0.040550161444462024,0.11673403385643483,1.0357152018256365e-30,0.6540832591878122,4.080107735162342e-24,8.363186939514602e-20,2.9556766478816645e-15,8.717538763351459e-35
sim_strat_0405,24.28626267144362,14.347458026830836,0.15527066662808026,0.5662015086907852,0.07030593136659616,1.1961874867885352e-20,2.948192322646769e-11,4.5908243490207116e-52,0.012054651496347652,6.603341629534135e-40,6.3139106886924376e-46,7.223482251912071e-47,6.899623887419669e-28,2.9789376763367314e-10,7.987047698715585e-24,0.019154693623548855,5.302798481892012e-10,3.796805066455642e-16,2.6862666162943498e-101,4.877745752688049e-59,0.0020583029611992917,1.905499962717128e-95,2.381780408082663e-45,2.5509673063090294e-102,0.07825318376576246,3.908951864650573e-22,2.1664596324671355e-19,1.6501534480719674e-24,3.186563462406607e-32,1.1079963890424279e-42,1.0446414002240777e-98,2.5897837116665365e-07,5.277955328468941e-53,0.0055911251526135,3.5006690863605206e-10,1.3898738396719261e-08,0.8828877689156959
sim_strat_0406,31.83808631738193,9.72350335098194,0.16642302274275939,0.46178653655960133,0.08511652627835194,0.39250080420956424,4.93676199909057e-06,0.19914260405869583,0.08315381039016458,2.235857079429511e-21,0.02148171710383944,0.01995084891626739,0.001979163839465816,0.06269291937662297,2.820917103279814e-10,2.1851222528093197e-25,0.021854099275712763,0.004628176859517501,3.7414772357917795e-06,0.0679959505629733,6.613201356955676e-05,2.8266171013546046e-56,1.538788984786648e-55,0.004582618652513053,5.156627086330999e-40,9.700126494468126e-62,2.047858710438491e-05,4.57019402547767e-06,0.002026316876297873,2.757767256663295e-38,3.375722970784592e-31,9.038306080543663e-07,0.0014251417074496113,1.5627690240111952e-06,0.00016054440982639522,0.02524356890680895,0.09107938893862191
sim_strat_0407,2.770981186175515,57.45211411151555,0.44104707012911465,0.5455900100413492,0.05058211431826171,6.213580663065838e-59,6.965260486937409e-72,3.940493244586871e-09,1.3879512937609619e-92,1.0888353728972318e-26,1.2802000119272532e-25,5.204683962918617e-14,6.28009265178003e-31,1.2363322385073728e-05,7.65160024543177e-19,3.784085737667516e-60,3.4436574119783637e-09,1.9243231077112388e-06,4.454147050601713e-39,2.536572668890856e-41,2.138842184304114e-33,5.4632493026699795e-31,0.16169963959933076,5.340289714847228e-15,2.323045343385428e-09,0.00016766807729079062,2.6837661496000213e-114,7.880914093439081e-24,4.715781252612407e-79,1.33039377499782e-26,1.3638539559868518e-07,3.1930721276385646e-12,6.234689278358455e-134,0.06545122031662579,5.010925853366328e-48,7.663045742226676e-19,0.7726670382654179
sim_strat_0408,19.127475140176966,20.615711744816533,0.5298868629149714,0.5348504828244743,0.12952154369928656,1.0010342662678048e-22,3.068792680087654e-06,7.972981625194151e-78,1.0606406117521957e-68,9.462941595211698e-166,0.42327297671169406,0.047903452213336674,1.7832609144835182e-59,0.00023387001178200596,9.019972197034999e-19,1.6233414127801054e-07,1.0223344652658828e-26,3.950295534880677e-14,0.183807359386888,2.8368610954987158e-114,5.718469002524097e-32,0.001487443081628277,1.4642052169458874e-13,0.18475633319053125,0.03973823505325934,3.623084307897728e-31,5.177045214605971e-51,3.2874885632022374e-09,3.7930396702968406e-35,1.3730004120819482e-53,4.101902578839775e-34,1.5985832866374613e-11,1.3365081387660623e-68,7.365845521421148e-15,0.11871566225179736,8.143044732277818e-05,3.221271469596883e-09
sim_strat_0409,17.345493149420857,11.525513887990583,0.06719783081565818,0.5248537274229329,0.10020720861271881,7.060542619526618e-05,0.007209016950434767,3.75976806218955e-05,0.051962017711074886,1.6297903770031271e-56,0.0009736334166124466,0.0006018722524331846,0.08856609419573387,0.005020899382859042,2.9405187091982102e-59,0.0015431701143996024,8.990162693123523e-05,0.22168869776032235,0.12955179291940475,0.009732403230263116,2.1771385639794256e-06,1.040996249307627e-31,3.3813171960651816e-31,0.030282329100321907,0.03527804473719421,0.00012233534792237532,3.879812511270217e-06,0.016278457465039923,8.464865953976958e-50,1.0310136388581094e-65,0.3659506859295412,1.9586028371946975e-41,0.001606993284587539,3.879707085555556e-21,0.03335453040087535,7.286411615585623e-05,3.668751029039499e-132
sim_strat_0410,20.206340466355673,11.401813350368764,0.06565156432589365,0.5961409379940641,0.10281446666166763,1.8899508862303262e-48,0.00416786454471733,0.015757973160318323,0.0018015292535484909,3.6443241833274538e-06,0.3028208352282193,0.030111808016397873,1.2089138719751355e-06,0.005247033506871812,0.00111589656457226,0.019788201874536414,0.004841895956412303,4.765999366783527e-13,0.008238427535227006,0.05258387202128721,0.038951884315112054,1.3137629961395204e-14,9.044089469047711e-58,0.01255782074195304,0.1595044769950174,0.07701259174124261,0.012227061471517458,2.5499674304032327e-05,1.6893737408939133e-25,0.006212406125870302,0.004024340063027216,5.736465370164181e-09,0.0006019088715426891,8.35235699183629e-12,7.39631444008785e-11,7.770209647380037e-18,0.24240181328097865
sim_strat_0411,11.123416567338111,17.54640098962381,0.08370108462381833,0.5643199531250261,0.18437648456483277,0.00010106675896665214,0.02276144945664508,2.926925792015143e-05,0.016692996346922378,7.985607364805251e-22,0.08534392333750022,0.010878430674598137,0.0009684499556115925,0.021151299850336664,5.466539436524406e-21,9.113069315219944e-08,4.770531446036446e-10,0.0001462263953823096,3.1645037769108028e-06,0.0514127867706733,0.06946503578964999,5.459124731430748e-18,8.766333868758545e-38,0.2117222475127942,0.4463454103437936,2.353727173847208e-19,0.0010051936906772376,8.276681784569579e-05,1.4943365389023022e-18,5.845247219576279e-34,0.028954651842034166,8.180595108089323e-06,1.0365396489164524e-06,0.03292628393802276,1.1290167615702805e-48,3.801321435698206e-08,1.1309990118112804e-12
sim_strat_0412,13.396014019482909,23.890786917266514,0.17701246774454918,0.43518809786730817,0.08067033321605374,2.6262819102154605e-21,3.5857294751599933e-13,1.737076608968588e-05,0.733667426375403,2.1585727443811016e-158,0.25472044181775416,4.673995526668232e-129,3.270766989627141e-11,3.33611599865403e-06,2.2150779420158795e-123,3.031756505568343e-138,1.123556966352549e-57,0.011515839338223843,3.508076691043806e-86,2.149552398655118e-09,6.813546694647252e-51,4.841475575461049e-60,1.964421243444619e-49,4.781374677521341e-05,2.2649417236014587e-37,6.560477111005893e-92,4.566798250536251e-24,2.1669212826830613e-71,4.452183661060295e-18,3.44800592868628e-19,2.542301404648697e-05,1.952369231442358e-133,8.096778382427611e-20,2.200920234912195e-74,1.594484714974857e-131,2.3048180069090767e-64,2.3466430902029516e-06
sim_strat_0413,6.020976693112805,61.944427910057925,0.1763625932292838,0.4479417079861275,0.24464805817040208,3.893226819062145e-42,9.95671117126179e-78,8.917859683695762e-50,3.329152038987753e-114,2.1077525799210992e-10,1.5509586181192451e-52,2.1905955769358755e-75,0.726343281574883,0.00026506977594814064,2.5623330323554288e-05,8.516647095990179e-06,4.947854230293478e-05,7.790122114429534e-08,1.903562085194808e-50,6.758392098244762e-16,0.0782447020098686,7.76037223806763e-93,2.5678231609204567e-60,6.522565214872709e-73,0.1919161495290476,1.0837614675952211e-64,7.598114732044137e-35,4.7926863182931467e-29,1.2399727229398678e-82,0.0028181480134479454,1.2698678581092764e-08,1.3855252504336158e-52,0.0003289397664064384,1.2965099271129462e-46,3.498891723505692e-49,1.874134685370868e-22,4.5878594874735274e-35
sim_strat_0414,18.338801851034567,14.709686875034741,0.10523555758144928,0.5164667856308786,0.18774749177424419,1.0757501741339839e-41,3.9634472479066586e-05,7.555357443695997e-23,4.398022112406591e-08,6.204275838554242e-07,0.18701927169317745,1.6403641305178426e-06,0.06418429297690066,0.05316055804351684,8.462689829755519e-08,6.109336270690765e-20,1.1980389786015078e-77,4.1319946160882897e-10,5.55978123453432e-41,4.387250070223331e-05,0.0009432503885593883,1.0630498676443065e-14,1.9104041488587873e-13,0.05413197073300718,0.3326006150644549,9.194738690862489e-17,1.436745285274189e-14,1.2504025464649529e-08,3.073964162423319e-31,0.0001460774845975629,0.0023098522648766838,7.770678822996453e-48,0.3054170594556067,3.2097869739860327e-07,1.1591563053879011e-55,3.475969737412954e-21,8.216271491171747e-07
sim_strat_0415,194.11707976125655,0.5506917352704656,0.1311701122300681,0.6288661412702898,0.02386556435785511,6.043287312814463e-10,2.4189704951338547e-05,2.1030759650338578e-10,2.610381284535885e-28,3.37477221971934e-31,0.0008398653368067225,0.061281035684383534,0.22190332106617144,0.07599248513026882,3.5602326554391484e-34,7.523680463582415e-06,0.00014624574652183185,1.4380437184839868e-10,0.060192880083026055,0.08321689486205024,0.001062880626751044,2.4307582424432077e-05,0.11041986410229032,0.06421418676953647,0.012153133194735844,1.8978688444267501e-32,1.7378223297776004e-13,1.7646558076666373e-06,3.8438457590409916e-62,4.185469234351033e-10,0.01100270078946969,2.3752095999776614e-06,0.09412668862994628,0.0007476210370589375,2.2542208961937257e-216,0.20262746765293957,1.256707763449995e-05
sim_strat_0416,16.926774655212935,15.583080676709091,0.16840255903203688,0.4415225108489739,0.15666715197173015,9.571370588919857e-21,2.254754033764201e-111,2.455521904341818e-35,1.1134587142587656e-35,0.3801076910197698,0.195527669980835,6.807441720125945e-55,9.663062280339607e-30,0.18296900204348493,1.2175753057747827e-19,1.737776755382678e-18,0.07103480662085718,9.532469994308339e-99,0.021224418882677006,3.06801293957331e-76,3.66949975068951e-81,9.782787896689042e-99,3.566405663601669e-13,2.8540364910537087e-10,3.778222174188566e-39,0.08390944381047898,7.11511466107655e-16,8.75745584978219e-12,4.881851971685221e-91,8.53395727246466e-80,0.06516377370348185,5.847685088601513e-55,6.171009624576436e-10,6.008166829991659e-05,3.109853189638815e-06,1.3645460218468755e-17,1.5053062721212114e-09
sim_strat_0417,32.10395097122387,14.355485744143177,0.22481089624883066,0.42278280137319724,0.1137098384224328,4.652938961775277e-70,0.00011090689967562083,2.4359411575391257e-89,3.104981069825105e-11,4.536788163892283e-16,0.7883112531653058,9.975220524300912e-99,2.7820861831223874e-10,0.002018971801470321,3.173335987669715e-17,1.517799427838887e-98,4.584471720970862e-72,7.639103495325875e-06,7.665567906075034e-68,1.1177188033253839e-133,2.740848010451343e-22,4.390976403120813e-200,1.1325673870862931e-68,4.108817689032074e-19,2.6252918504343896e-22,4.741528134672661e-21,9.306023423173019e-56,1.7183719354315653e-37,1.4340976687138993e-47,0.19951806548333265,0.01003316323745992,2.3125988652589137e-84,1.5776497123304812e-15,2.1727170228694844e-66,2.6781984885156353e-43,4.088090574729814e-28,8.882213616157504e-51
sim_strat_0418,9.232740911884934,45.31414742873482,0.2240099758206435,0.5494697689504856,0.11521124128530345,1.3859833212972542e-13,1.560066369195435e-08,4.876374352196236e-34,3.7839366707114415e-16,1.22216983101249e-179,2.257740533953653e-80,3.9596542670233064e-37,1.1079689291103362e-12,4.8524246153366863e-14,7.925555434795982e-44,0.004947549816130054,5.895916323194632e-171,1.5810358035549316e-12,3.298310775393036e-113,5.959828546774246e-22,2.048618084932802e-57,7.165070733507834e-69,3.8968697428671724e-30,5.1846719067660365e-28,0.9950524345803297,3.2692496844621244e-272,5.954853648297637e-35,4.406376308448709e-25,1.3802103608095096e-46,6.251276616735442e-44,5.1454041327494067e-79,1.698438473994414e-25,1.7424996285876413e-31,2.5210373426929307e-170,2.563238220717472e-36,8.403594695607443e-69,1.087234034492367e-20
sim_strat_0419,4.653460822631201,58.171721739368756,0.05803872053981511,0.4686361325776147,0.38985707373176925,0.05391917549557585,0.11111486516576263,4.378665385810182e-32,1.6383462749604503e-05,1.791505629104672e-39,0.007359866353180804,5.335594625560943e-11,1.886546526514797e-06,1.4184560460584062e-151,1.442750029659322e-14,3.32943017589228e-16,1.3469462114480832e-124,2.566183462723968e-12,1.588344476128877e-32,0.02023031184366485,0.00023223318531284822,0.0041316487579180685,1.8872781938175415e-33,0.18876519688089943,0.3509143055937534,8.0779422932255e-65,2.1707954946538348e-10,3.789940499104854e-05,6.043515683185652e-10,1.4784188907683913e-06,0.1392054266325519,6.6568789299463656e-12,0.005835155875494287,1.5030799361584728e-09,7.609376674896218e-39,0.11823416399562298,1.303899888376837e-66
sim_strat_0420,20.419668663337216,13.390435885456343,0.11811866468285363,0.5163508750296679,0.04575701004919659,0.10304080095651984,0.0002681348680389166,0.002034551156479777,6.217503213363207e-05,1.971222358893173e-21,0.05477392306211794,0.15978956253289817,6.915131639149411e-84,8.112290987545246e-05,2.2270434824838846e-168,6.926424077605431e-08,0.014724151640588039,0.019535141207626484,3.805515261554154e-107,8.226991695573758e-42,0.0019259352316155654,2.469780749570768e-40,2.2055569483241686e-17,0.00044364335068552984,0.1378337140939071,1.784266519482099e-18,0.007239607410141848,0.003408887792998202,1.6216493833356466e-52,8.66606021476413e-157,6.340188680815257e-18,0.020239496996249315,7.310893647322577e-39,2.749587378274807e-12,0.29389532843220384,0.004236003320124678,0.17646775073880513
sim_strat_0421,7.108836904464174,56.19072585538105,0.07005127412660762,0.5055975113391744,0.07883740546177181,0.0008373298138534398,0.0001780962424699729,5.119999021341018e-05,8.00793892765605e-09,3.0596295406227003e-13,0.4004158300764666,7.240887272424253e-05,2.925628438229777e-27,0.009225560710062258,0.03952475459297961,0.003714196199653341,0.10107381327522802,5.5496889177220906e-05,0.002273392337479641,0.006816532939793308,5.890862036038748e-104,8.469982375043019e-28,0.0002545002332729959,0.007261846491853889,1.6203589209434387e-19,6.198808290565454e-08,0.005059693218885922,0.14817138305298488,3.954668009428376e-66,0.1095636684239636,8.938696033946809e-05,0.15917328542030879,3.303045468300644e-142,7.957528521380841e-35,3.3339311758777367e-31,3.71823057509318e-13,0.00618755426158991
sim_strat_0422,15.54179142352113,6.318312722639214,0.06665804361379443,0.41555005612601004,0.18865510449360315,0.043203586257961335,0.0010373073960889974,0.007949475649121357,0.04448911713197532,5.881750375356076e-76,0.09997799974297238,1.685324494132531e-05,5.0622749798193075e-05,0.0027327593390918735,0.0020362567563940266,0.0015289448631073917,2.367655185303964e-07,0.019642732997431526,2.8957283548348247e-05,0.2931556810876312,0.08422309930463975,0.012222391216179105,3.7978121550816498e-16,0.05300356148889344,0.0011576256947628792,2.2056739681992215e-19,0.00411845465175489,1.1370459651170758e-05,0.007171564464100087,0.017337144013308565,0.07548571741580262,0.03995401953883067,0.0005263908787353732,0.13870798624870695,0.002098320748887556,0.02977235863678947,0.018359463973375276
sim_strat_0423,3.2639256309717695,70.11372662618327,0.03922581793202802,0.47664602280084206,0.17089653466129354,0.002756623654688123,4.859790963342434e-08,0.023563283787888217,1.8164859784592122e-09,1.15838677984559e-25,0.06436334987626846,0.02668016470489463,5.009979510511688e-31,0.14429894125103926,0.013849335157168949,0.0004521778635782007,9.847297059856827e-07,0.15136857046374336,0.002249326192635467,0.024948151642566956,0.004572668672949315,0.05554300275039434,7.81779320707087e-09,0.055666875504402795,0.0010530760408759225,0.012824453153646513,8.22213735561402e-07,0.004786982810642426,2.6516230088888655e-84,4.0910476824028267e-23,3.3814353253149976e-05,0.04945911188825563,3.8658422139728706e-29,0.010334369692628433,0.3387258912786821,0.007829233432932754,0.004638730651234688
sim_strat_0424,5.709798963974861,42.29832529384022,0.376645026007266,0.5230298309265592,0.0921255840034569,6.385111634838146e-151,3.798824975476979e-33,1.9015371369452767e-06,1.0215324978322979e-60,1.990010877280915e-57,2.2799167047308964e-10,0.07652147968253199,1.3269015874426365e-111,2.912901307832592e-146,3.409868077152719e-42,2.712622874315133e-54,2.3354764895485148e-49,0.9234240983004105,1.2175299222911203e-07,4.208674947187687e-18,8.892391180346635e-98,4.202451244768112e-65,1.3266808112502687e-85,7.088282078473386e-13,1.3335585026847344e-36,1.0362756312343427e-18,5.381761802528529e-46,7.96571906217868e-64,1.687232075305077e-15,3.206027076349478e-65,7.914432341847416e-60,7.306739788650115e-79,3.945112676514989e-40,1.0898900279837264e-72,5.6716797875448163e-11,5.239843759571901e-05,3.913593862021558e-12
sim_strat_0425,25.724306123016433,12.61954624259108,0.07180721372126518,0.4737198222891475,0.10106077823361688,0.164613673499187,4.7526440215119645e-114,1.7635724840423676e-62,9.04601488385496e-98,3.747159750504687e-107,9.343900349312667e-65,0.004506862667429216,8.583822733120631e-38,1.1608502034453505e-08,9.776030698300072e-47,8.017377129547378e-06,1.107591308092567e-06,0.04284629325964478,2.4785183061011008e-06,6.935169376719552e-06,1.1708846212830381e-21,9.150578915287618e-39,9.745818013665846e-47,1.088760050217526e-21,1.661500505754995e-65,6.587793084071569e-20,0.6801856689408113,6.859116608475721e-78,1.200611885803892e-29,3.0976303649355484e-74,0.0002699487861259791,1.1086746717901983e-82,7.895332189337828e-54,2.0852034759228002e-65,3.4930592212505743e-43,3.0344152402315215e-38,0.10755900258217915
sim_strat_0426,17.03004623128386,16.941003883722203,0.13945707924949627,0.4143233895869754,0.11783612682450946,6.407022043015763e-28,2.5633340089391983e-28,2.6616396225960026e-16,1.6749861760398364e-05,1.2003209625381338e-88,6.192818847405397e-76,0.0038102462748318203,7.433757097607493e-38,3.6362655746432237e-56,1.2889445340639218e-22,2.4925982832681236e-09,0.013045371914614851,1.0477144807966759e-22,5.888207573087294e-48,0.2227628757893959,4.745781044743239e-06,6.487085778737339e-05,5.320835539412807e-36,1.5667583452953604e-09,0.2441003275847889,1.820379698984397e-111,1.8912685740048727e-52,5.1912678223521665e-31,0.0008488283522790459,0.025371385622612833,0.33493601260235456,4.747071793634448e-23,2.3395921172667785e-143,7.998264501478224e-06,0.0019351519094056838,0.15309543112417223,1.0931177482010064e-12
sim_strat_0427,15.440730517249373,20.463544923894606,0.08969679559976847,0.5164613389092726,0.09560272144166078,0.008567344099285038,2.0445193107617313e-161,0.11465840167259514,9.267525562007814e-15,1.9852664730772996e-154,7.345873898020099e-08,2.1697316981548494e-25,1.486831446829563e-181,0.014223447212584594,2.342850960536652e-05,7.094643128091056e-09,7.600531779468856e-05,1.8162651637093517e-15,0.3141496640430431,0.0025936453069737237,0.0016334240917066267,0.0002271934487652247,1.0967789007810854e-14,7.480313328461216e-42,5.189914611454874e-12,0.10401160827600282,1.3631965430757892e-21,0.0006231972290712305,0.0006799850347802884,0.00022007902897004233,0.00032450410702332833,0.03426944742734532,1.0582844525754995e-55,0.18510052814672107,0.2186180164891302,3.734013094916762e-60,8.128977447046421e-15
sim_strat_0428,5.320351679675822,64.06481049161928,0.20812012993256834,0.5496296782945022,0.086244474573601,0.1568582494562408,0.0019826155875770847,6.379724546052877e-80,1.3549073514642263e-05,1.04792970928091e-17,0.12681894508037594,0.00045857542781218164,2.5137121710723865e-17,0.04316446503285327,2.3839095254991634e-47,0.021531864477315255,0.0034611208579766206,3.0868493803030136e-47,0.3056732320274941,0.050047051150761836,2.491368573254319e-19,8.708248148727811e-78,6.839920432360268e-83,0.0018748058179149144,0.002654937919614253,1.0095740367979446e-05,4.750613611357946e-78,1.445336008075266e-115,6.613477689087756e-19,3.4893292689350726e-18,0.002363608245460629,5.6306506953944054e-36,0.2639288099797484,0.019157681316148943,6.598405420051612e-09,2.1186803807743761e-50,3.862104179042632e-07
sim_strat_0429,13.172561214560906,25.682999712963262,0.14658941608735904,0.5371077650429052,0.10465503077422814,6.856798552825988e-17,0.9999967008420318,3.5197881612442126e-68,4.4254434402920444e-08,2.6861682779933453e-14,9.202664222182848e-89,3.555145680670392e-101,9.592203996785394e-49,3.849057837860208e-07,1.3915095570201515e-11,2.1393775619323976e-40,1.6466434613896741e-37,2.042640500670068e-32,2.8699532089318063e-06,1.005552040594998e-63,4.549105354433833e-15,1.8477696034262708e-14,1.0926705634888673e-118,7.792403859851001e-85,5.351899884308335e-82,1.6864566905555615e-25,2.003983064218551e-117,4.6960710005103414e-95,3.057583178430187e-11,3.3181665618449963e-84,7.205948484193554e-53,1.941330699858051e-34,2.275646984400545e-54,9.69526706553569e-129,2.801198941761663e-17,1.204583708850335e-51,1.4899837496832163e-49
sim_strat_0430,4.314566946547284,76.38853503672675,0.2212899629670907,0.6239872399762717,0.1042583098246295,2.8985267566959805e-07,3.918909577402604e-54,6.241653064787282e-66,4.84577707158303e-29,7.235558433673386e-13,0.0017493878657327579,1.8493622819671497e-19,7.902352591194667e-60,7.64702598990795e-09,5.485249759585368e-100,2.3212659089162404e-31,3.651962470205706e-139,9.06014157695788e-18,3.771871031070232e-11,1.5671488453972585e-90,0.01585153097539004,0.9816301571377402,1.5205347929765464e-36,2.5527039462551095e-19,1.5989139168554454e-17,2.991895384319975e-39,4.227330992182428e-79,1.4744614637634314e-32,0.0007669092946595282,1.2655409487967273e-09,3.9882110839736824e-101,2.4451214142220326e-09,2.5268615793864388e-42,1.7134776711330907e-06,8.229812671394299e-37,6.38159546761665e-133,3.100087369162078e-168
sim_strat_0431,15.868448162156376,24.779277977642067,0.18979755420485403,0.41411039382404163,0.11520379089126036,0.005471251908339663,0.00017449298383009413,3.8658384473000116e-79,0.0010188253824151958,4.76464422575689e-32,2.3793104876405636e-05,1.0324304226827166e-33,2.0546185924532986e-88,0.05120033426164738,0.007007225309014998,9.571687800272641e-32,0.04983986403506823,1.3693621243394253e-05,0.0393649612654317,0.272626906638806,1.3159161434351808e-07,8.727639655844589e-42,7.518106719857118e-66,9.741726581108893e-30,0.03439284761888268,0.03676339962952204,0.015000282978294394,0.3155040939769237,7.62920539659995e-32,6.625348673261933e-11,0.0044960685407359835,0.16638100198146982,0.0007208247470117081,1.3881102135244705e-15,2.6373865377896935e-86,2.4171535439262186e-61,3.5861728251209926e-10
sim_strat_0432,6.394880785541692,18.830187878087113,0.03951517424833521,0.5001420825767473,0.32026160220839134,2.872434688796641e-85,2.2702561352623384e-61,0.009294666056249418,5.004268758463502e-135,1.1127234044487808e-11,0.022863107473929604,2.1653922339246567e-46,7.871726984576951e-06,4.005189097662095e-21,5.1813650774680454e-169,2.432844263292702e-96,2.258442808639122e-25,2.4050061611086826e-40,7.269000728252336e-90,5.423257291159877e-10,2.1318965996807167e-25,2.1482463780337685e-80,1.8019962617111146e-28,0.16477627981258033,0.7208780262996631,1.0103501751963059e-62,7.416073180485962e-41,7.716163932738449e-23,1.9137781666888677e-45,3.8599168310550115e-50,0.08217729243505166,2.7556419786846596e-06,1.0958154896440728e-13,4.638514525876568e-43,3.0283179927785517e-20,4.9918247584836355e-55,4.003155783514339e-59
sim_strat_0433,48.18712472052534,7.412764218982576,0.45995757572007706,0.49324766201397885,0.13115287512096024,1.3834730556637399e-08,0.0010108095767463036,0.005953815697576835,0.0006918179994223662,2.3325245008240801e-29,6.683718388796203e-16,8.81118803783048e-40,0.0004215045939536263,7.2410158436776215e-25,2.705898994346686e-20,1.3145526284236075e-06,3.065343056260723e-16,3.707063434658703e-08,0.06322671014941154,1.0775276969103336e-16,1.8666605610000227e-06,4.371102507152396e-13,9.462454031299127e-06,0.031042081246622423,0.22895683816706125,1.9667592045391375e-19,5.984238803220287e-171,9.722638901125642e-67,1.6638602974191075e-34,3.30042792579636e-36,0.5343608730641753,1.6623338146746853e-44,1.2051268537378702e-56,7.774482357057181e-21,0.10258372637085976,2.451111844228692e-06,0.031736677449302385
sim_strat_0434,43.59161784287291,9.190077597566292,0.5056165973108009,0.5054954067612423,0.12189608596428743,1.0789359514727683e-51,1.774004225349306e-05,5.671352841152142e-73,3.432734724912085e-17,3.5516732568977664e-19,1.8644169531459859e-93,1.1053450377705046e-15,1.3782675048758162e-36,1.3254092053943254e-123,3.4620350832734427e-48,8.520055920214603e-39,1.393484377247395e-12,1.117588878922897e-42,0.09929004530650806,1.7781606993345217e-86,0.22824307465547836,2.14619730228568e-43,8.05328081783421e-87,0.12496723792568369,0.36159533904371527,1.8829188546060795e-216,6.134492792249845e-66,7.271021648445533e-73,4.439605218725814e-59,2.559115021873334e-54,0.04686218009551956,8.568585954856101e-34,4.296310390734881e-07,7.463498675868825e-10,0.13902395255205793,3.508504307991509e-148,4.443593800597915e-43
sim_strat_0435,42.55683670299328,8.329639250653537,0.5216986305347947,0.460559700590098,0.09398856620761933,2.3011906954338455e-39,1.3490182278684924e-104,2.899055881422525e-54,8.60899052794967e-89,1.235174434762547e-55,1.5820476787093207e-38,2.6747308531766607e-26,1.4814335261286964e-44,4.459790000760928e-09,0.007659397368637101,6.050556672216507e-103,1.2378084349802994e-43,2.7445575120355133e-33,0.12448259118799979,4.2732998852961407e-88,0.004805035569633837,1.7481372344822044e-53,1.2328780316485283e-10,0.014836643790453252,0.1734827019881118,8.162189657729823e-50,1.8804859627801174e-05,3.683225782274654e-58,5.8377272521268865e-15,3.7473906002513173e-23,0.3762098372874669,5.090284568475478e-78,1.8708652086847387e-76,8.965821202807586e-19,0.29488115556740757,1.595900060532905e-19,0.0036238277975783706
sim_strat_0436,38.42526091072996,8.995054297092548,0.5471096789523703,0.5032652224786758,0.08982340573785247,4.1606805147243613e-16,7.771793540529366e-55,9.372618762865966e-77,1.2578020979846757e-07,3.5278676764566623e-100,0.05615996603160148,1.000141199130187e-40,1.2634583114587277e-29,7.610147976658104e-35,1.581107754237733e-51,5.1049862474466805e-54,8.205187003649802e-101,2.380733811505086e-11,0.180950060815284,0.004904699364986815,1.8996581194127813e-74,0.10260684581343035,8.852699840673573e-16,0.2861228961185098,0.0515122772681106,3.5675791571276104e-79,2.6899115119075564e-20,2.0600838033940437e-32,2.0520630811508176e-33,4.837523842261961e-15,4.899690595656934e-42,1.4397077658815225e-06,1.4285009500003967e-30,4.3028175408597975e-57,0.19105580592328403,0.026920356353956187,0.09976552679904761
sim_strat_0437,7.832484191959022,32.49648824477218,0.22003712710953172,0.5620067637242792,0.09260936237053947,3.9863699546349952e-50,3.9987333971810967e-28,3.513823991095549e-33,4.771980425236148e-11,4.713778975181732e-10,2.3361312831507226e-51,1.612810741131733e-05,1.925563086243704e-98,2.497656746792651e-171,2.1282024419884316e-29,0.004644049094719417,3.332806403374151e-20,2.572476725264865e-50,2.8034444386269552e-33,2.5125209925381544e-25,0.000780997780043447,3.057003795543228e-26,1.4717830605487943e-87,5.044223291176649e-06,9.748918510395444e-74,0.00020611299438634737,1.4235365533486073e-74,4.356316649419779e-35,9.712312387382587e-59,9.149425843114013e-09,0.9943476581316247,1.7414387724440763e-36,4.9750826267405216e-86,6.938931651677191e-102,8.89622063610754e-134,2.4183091767069395e-80,7.997728165868052e-112
sim_strat_0438,17.580226459264964,21.342702961123422,0.2120185977866616,0.47267570164518996,0.2173000358702046,0.01007344545190255,6.281354829990393e-09,1.7293271368764082e-22,3.4299199746237508e-46,4.8722301463544523e-57,1.1613850942867995e-56,2.7146945789354143e-26,4.1091688567509606e-25,2.8252877515823347e-28,2.475566994758112e-37,7.610312011307381e-52,2.4459889961670952e-32,4.9481958280684476e-20,5.5050635454513665e-08,5.588643465642756e-14,9.36339337261353e-14,5.6901887720700614e-15,9.9080480626288e-07,2.800308235246299e-08,0.03613324491121959,8.506954915672023e-28,3.1473425805969527e-83,3.2403263307336074e-104,1.70590739903343e-08,6.50477082289494e-44,0.26282302099103416,0.03702314996073291,0.6539460414860028,3.040322585324488e-45,1.355479483895081e-24,3.643086308859252e-48,5.0292519936847905e-27
sim_strat_0439,21.144026016903865,14.743422521992152,0.1676149287701599,0.3918430215158735,0.0837410656494997,1.3897045039108325e-05,3.7434219970316455e-62,1.2455595662693077e-22,0.001520382268287165,4.908320232653407e-36,0.0,1.1749498746305492e-53,2.745311480876099e-12,3.5161628705206184e-14,2.3135444386566743e-61,0.0008345866782813175,0.005936203353820644,9.799072419698027e-40,1.3477429762709925e-54,6.694144092424103e-20,2.671617651182135e-88,5.533664994372199e-12,3.69415529005184e-40,2.9384009682450047e-40,9.140367420062332e-06,8.913784052462492e-31,5.808010642700289e-40,1.5333268612555247e-60,1.686363831609508e-69,1.1930416976193694e-24,7.694718681996388e-161,2.467854772827574e-35,2.8631843626993253e-78,4.167546037165284e-30,6.257256564659206e-147,1.9236491169458907e-19,0.9916857902788375
sim_strat_0440,36.75294966389248,9.295210021305216,0.18109034167272842,0.40052334915893983,0.10170127904090491,0.005866763784516105,0.015259986777370173,0.1275056004070443,0.029298593470567996,1.3631065439544685e-23,0.10791907145193178,0.07971804035156727,0.11624220355302171,0.07963022572728258,1.9934025755337244e-07,4.971170785311337e-33,0.02702922121930432,2.1480635555372034e-05,5.137299408350253e-83,0.0010450208080253556,9.800720563936599e-18,3.134223730685875e-20,2.521322330415695e-05,0.004068718992530541,1.5214537437303646e-35,2.0634610963818025e-10,0.006466137639610535,1.2537828895110618e-06,6.36835006771597e-05,1.3933154891860471e-22,3.353098930279612e-114,1.7024690359457187e-67,0.00011059422136572838,0.22233061405671015,1.7558262237901545e-07,0.013235105098289597,0.16416209616920951
sim_strat_0441,2.7682812251892126,63.93607424299337,0.37568788705635014,0.5377811270337902,0.04813116081565034,1.5309231420112254e-08,3.646825201812811e-34,2.5780876019934046e-40,1.124908095823658e-30,1.1078415687562112e-35,8.192922537818673e-40,0.0007116540388033696,2.015046560694249e-61,6.3045325398826614e-49,2.6812365493098487e-126,2.7552405226195995e-104,6.452114044606205e-20,9.707295882156155e-08,9.865276025117446e-55,3.0271653274030783e-22,6.640808467023784e-21,3.8813321063206194e-19,3.4113148290339484e-35,3.866526755048561e-46,1.022510011424419e-45,4.1837379389679106e-36,9.430195044573172e-41,2.3058776806941132e-10,1.0707940088434331e-54,2.3185165471932315e-05,6.942754629627998e-07,3.05126153603567e-67,3.4880102733311926e-06,1.9257070156783e-124,4.884079034967283e-60,5.220717733071905e-31,0.9992608658972104
sim_strat_0442,21.935796501651247,17.032229571278712,0.5483807709657663,0.5327120054910531,0.10936157954515428,3.346779348385896e-17,4.107646753809298e-65,1.7479933083452577e-31,4.713241071131964e-65,4.942699254499461e-59,0.5520777253354132,2.6766047374269876e-70,4.47053907653276e-98,2.8888718037855633e-23,1.2939091608035028e-19,1.2569538642675571e-129,4.877943969404096e-79,1.5115468101123181e-05,0.04351025172070669,1.1974321343966767e-51,7.352980507740473e-23,1.5897316666107112e-15,2.537760097235816e-10,0.09615404664119948,0.0811698826584953,1.7495055087955283e-95,2.6792730237984364e-12,5.173513718804304e-78,6.646566261699199e-23,1.5938131196375787e-33,1.2038664434642179e-23,9.179836478467815e-67,7.783677973917357e-126,1.2534829711746368e-27,0.06476645028635232,0.16230652763327513,1.1014789670719463e-213
sim_strat_0443,16.396598797180378,13.933635816680853,0.07052384372000974,0.5074997911016367,0.11488538059881542,0.01972812138566938,0.0048262184380276,0.0004936564721150228,5.907012303944182e-12,8.653771505382368e-57,0.2628702405575572,0.0030108508643851,0.029895608810572655,0.003656587992094241,4.29181793613551e-46,0.050527009236076635,8.516923777990645e-14,4.9810088326300584e-05,0.020367190318702693,0.021597773351589418,0.06040055995535605,3.5784051799761714e-45,7.264153689599104e-08,0.12116078478169809,0.3011398478984877,0.0032817520163672524,0.021771844356966556,0.02907193368617684,1.6214370009881963e-34,9.935693832780843e-06,0.045446284288485156,8.25350903186308e-15,0.0006939171596464989,5.272013749119455e-50,3.2911398980597763e-13,3.8297772795909895e-27,4.56182304311926e-16
sim_strat_0444,17.566765539735023,12.093392568744898,0.061959283835513836,0.4552549567967003,0.10319787645982613,1.857211551065783e-60,6.323626647684218e-05,0.0023899218639906157,0.14752979867336674,5.939616580684322e-24,0.2552797164757519,8.044819896314818e-06,0.0016954602995204236,0.07093210872102126,0.03711736250715238,0.028464158913545805,0.034958119477027094,3.009013316649126e-11,0.05934065939852278,0.0009018270316186243,0.005431336592360912,1.3473642751423087e-67,1.5103135113135523e-20,0.0376753717232632,0.13110112308051036,0.009912003981003732,0.03326318120083491,0.03649035309468043,1.8971270560702595e-90,0.004269943293902675,0.03649450844244286,2.1394716503916537e-05,0.0559279260219533,2.2189632657050412e-05,9.336490711153552e-56,1.9391777241916028e-24,0.010710253741905425
sim_strat_0445,13.037259670519482,14.254443765024067,0.060415734541777545,0.441918973270239,0.1839174634515651,0.05958332297776338,2.1234244639420309e-07,2.687090059419938e-07,0.044886776860647896,4.519048038135694e-12,0.07212388805622878,2.9202770796791486e-11,0.08314078436823151,0.0930669218135856,1.691339494250768e-08,4.935468926325251e-09,2.4153950561195126e-06,0.007902807256240343,1.1777498304850986e-16,0.004115904238030009,0.046812876761747,2.0109729279221994e-09,1.065788531031211e-50,0.03754264338944466,0.36425324842619705,9.781093855994847e-13,0.1156038514628509,1.5655303775590503e-05,3.205246411290396e-18,1.4559762965497719e-127,1.3034576519956444e-06,3.8219765997897895e-08,0.00047095661786089555,0.07040103074368909,6.0109372862629e-53,1.6536552315036563e-14,7.506970522739872e-05
sim_strat_0446,20.789928039389004,28.406536377076193,0.22758922351821487,0.5357305712678702,0.10839865789265495,1.4166261886864238e-39,5.307497594251482e-94,1.2674290370585738e-13,0.5766143107094245,1.7901749227360442e-177,0.303699658997298,1.8225067539464002e-106,0.0508244449776527,0.00900300313058479,1.1777271054348384e-137,5.2647882427613706e-05,3.3643364369240385e-102,2.622373822756486e-75,5.292170580070665e-70,4.13271127552011e-28,1.3149349881045706e-14,3.959284365085923e-10,8.501376626747717e-49,0.026427100005636948,3.669389367208669e-39,2.601271670673833e-17,0.02794514591346877,4.022816267211192e-15,2.1806489093880315e-99,2.0514656804078038e-61,0.005432748324497508,1.7401390360563255e-08,2.8953404145080156e-44,2.8979351148734517e-223,2.0898396921950488e-32,4.961024243452442e-25,9.222615466734163e-07
sim_strat_0447,5.231101368213122,79.39674096175833,0.19554862225202424,0.4500540116780071,0.25524628463551347,1.0425092112123057e-104,3.313268563597291e-68,1.3031466667630701e-06,3.9179431464774475e-17,7.605449492726553e-33,1.0144272416966871e-25,5.687156932057224e-78,0.6394503032459988,1.2613359671368924e-16,7.264204075348063e-29,1.103309655839588e-49,8.141636147705865e-78,4.385997961222887e-12,5.349445804925393e-19,2.279253611586617e-63,0.28454382341062934,0.00032987605975035803,6.954086969562178e-138,1.372694787767297e-78,0.07567128071568065,3.353306110049739e-50,2.7743569199107856e-78,8.148483610964524e-26,1.2402988718310234e-17,3.4134168879642248e-06,3.163899761551467e-209,1.4767249835193858e-18,1.1790639558613893e-17,3.112569985297318e-84,1.513719989648522e-62,2.4751306681399583e-32,8.572897929318399e-24
sim_strat_0448,16.93463865925968,13.390629789165331,0.09562798166998228,0.5137789206417199,0.19463370027083726,2.228244380786867e-51,0.00012290052485155063,9.246767884749561e-19,0.0032946776033883547,1.321288023559164e-27,0.22190438390437608,2.478320351005159e-84,0.16389474440193963,0.02100861433520328,1.455709721765548e-70,1.773832212990857e-13,1.569395784309043e-123,1.9701137827078781e-41,5.8235104564068286e-39,0.046168633445392585,1.6319362090661885e-05,1.2121537795569376e-45,9.741023527867332e-18,0.23021988904893873,0.0525270628388304,4.476488343756347e-35,0.02111108942139725,5.990675724782347e-12,3.053214598864482e-92,0.00951621980136518,0.12289381255733312,3.350475853056345e-23,0.107316539568864,6.504047097112061e-21,4.40060392154501e-40,3.259522776783939e-23,5.11317986108147e-06
sim_strat_0449,186.85156500991476,0.6672057458478162,0.12371370331008638,0.5545768141286508,0.027354140636909587,6.765428935064972e-13,2.433537777989799e-08,1.8582331629285975e-13,2.5968727691382184e-24,8.239617228922284e-18,0.09587996831218405,0.001981915853756505,0.0052712898261038955,0.029376238977937588,9.208831582071304e-31,7.152578964942527e-06,0.0031514101077871758,5.016226946123424e-05,0.010671446153164364,7.3850107568315e-05,0.05466854833249697,4.001892467643389e-12,1.1139410738985357e-07,0.06692900210699954,0.03263865513255831,2.1028957688436108e-12,0.03829255959830879,0.0004835553041290821,1.8725762479393083e-21,4.632039628979553e-20,0.0005885900036084931,5.417052669126861e-10,0.047233977570676856,0.001437854362005249,2.205662232608079e-35,0.6112636870281282,9.600275045300921e-11
sim_strat_0450,16.050724947954436,14.444397023561331,0.22747075906797998,0.4696786908806508,0.15389686489020044,3.55592738217095e-120,8.607148370024983e-23,4.440683431456823e-10,9.338616244617148e-88,0.6493720871428253,8.211016473679792e-05,1.2119448893201517e-69,1.3958028085470644e-25,0.12258102005204868,2.260415934107016e-24,1.7547750501380333e-44,5.302677733932974e-09,9.341977839011681e-28,0.19431340431675898,8.934242575698235e-19,2.810554393976754e-120,8.997423342056171e-21,7.66330855105003e-30,1.8027933175957938e-16,1.0720190984778866e-144,0.032001023216890856,0.0006100760640824918,0.0002744502445126157,1.0958767321893951e-37,1.3552967259781116e-26,1.3381472468870927e-34,1.463762213144124e-88,1.2117778902961301e-42,1.3179290295160452e-06,0.0007645051223682551,9.42229371857268e-17,7.668827520153761e-20
sim_strat_0451,23.428356287726654,11.713744883907895,0.21971790548771852,0.4586617145609685,0.1503985383866222,6.473892601131339e-08,8.963096889938623e-94,5.92486687039039e-42,3.795239129680636e-51,2.1581751683514736e-14,0.8511964404893889,3.444860060670495e-51,0.01991483860628419,8.555098671790484e-47,2.1153547550651043e-33,1.759994572589873e-19,6.35256794932125e-20,6.121093956029391e-17,8.313880922213407e-31,4.2742864607346904e-35,1.9792045192262557e-75,2.2677061373397414e-121,5.980874186507861e-45,4.397156143760545e-10,9.019074100021347e-08,2.3751965157180684e-83,9.340915561836762e-07,5.613244177427024e-26,4.851712963618709e-21,0.10452092857889383,0.02302215176915384,2.5720977240534842e-30,0.0013445510868976478,2.7521073123032885e-23,3.5750578816023063e-12,5.857041166675552e-158,4.845909960797936e-12
sim_strat_0452,9.058099464093184,44.75962994190975,0.26234219733378367,0.5385891834193438,0.11724186761233163,1.1057099779948264e-174,5.146617113160619e-13,1.9588708501117592e-13,0.04459779215334171,1.329834885588543e-25,4.989079183278417e-06,9.646328933940947e-27,3.6388860241189274e-50,6.877503202681785e-31,5.158590345913819e-63,3.067806152052481e-27,6.202464930818962e-38,2.79618349649275e-07,4.619361954956939e-21,3.609297546991825e-25,5.665182405664172e-76,6.740054569268721e-30,2.6743356927716105e-38,1.9988551519237604e-107,0.9541713325603073,5.0075102289222165e-92,3.964927760576974e-70,3.0113630060324933e-53,5.348980146003338e-66,0.0012138307306455596,6.4345699196533285e-21,1.9270585801832718e-97,1.1775857461977412e-05,3.5451081346648423e-22,4.944769113604057e-40,1.8332872898640697e-60,2.8411584217861127e-37
sim_strat_0453,4.8189493021614185,52.134531673967494,0.0630904046059303,0.46214330731737974,0.4557957446221081,2.660430420294752e-35,0.07895632408055671,7.080728817070875e-18,1.0009561961297734e-06,5.991407471705737e-47,0.001434593520750251,4.069546187891925e-115,0.0014577839839590412,1.78112368276327e-27,1.133109318896934e-53,3.4022020166237657e-48,1.8625609482340088e-80,5.491935105142182e-32,0.000853294957864214,6.1669034950013805e-06,2.583516918336851e-33,1.619558625035065e-38,1.12031543853362e-38,0.1577923115631463,0.4510844420086761,2.549893248290035e-40,4.250246043173783e-78,1.883718908933964e-06,1.817246397761178e-36,4.461578975682055e-05,0.26215892061103474,7.343858288063874e-17,0.006597793422129669,2.499845239531536e-130,2.403689092058354e-22,0.03961086848352626,3.3749204484242174e-125
sim_strat_0454,25.906862352743172,9.49307190714729,0.1181938375951484,0.4541881024414735,0.0440195891257158,0.0427708991798256,0.18712862239891975,0.14580821019472473,1.4509903508741752e-08,0.0928056613046285,0.06996809852369748,0.10634969824393377,0.00010913869331337277,0.004462538042843338,6.969832141389242e-26,2.930434353726826e-09,0.18384360594067947,0.04576370513011073,4.61792582552651e-20,8.556235177230401e-13,0.002014341979622596,1.1491545781103656e-27,1.5767297646557e-310,9.6073702050448e-05,0.004073344197070032,1.9033407603650615e-87,0.07387047422092745,0.008825457810908249,1.742322341030646e-26,1.062635575533971e-05,7.714573606518355e-10,2.6719857868120113e-12,9.340252102218366e-64,0.00020522864991271556,0.0003375366789088727,0.03155575124792169,9.692889231982905e-07
sim_strat_0455,7.812940324170318,57.80878255739358,0.07773083917579057,0.47200588416493033,0.07344670966551357,1.3683122199092148e-05,1.8647017484622854e-40,0.06991049768841055,5.637398246014051e-14,2.6714095609933786e-283,0.41833937931102283,7.603654311180476e-06,1.0254498201394825e-05,0.0772390176315618,0.06673504072153365,0.03994665019711149,0.003550044119306061,0.020594244131334188,0.004468605330065317,0.019638940829771145,1.1537782300295863e-68,2.123310298621668e-67,0.027571696375023016,0.002630410192006238,2.083299875132547e-37,3.1664094844148445e-14,0.000517926084598133,0.07874119507556314,2.5863156500196115e-47,0.005765110766987615,0.07450799710818104,0.07183727855842001,1.9319919334712113e-38,4.2361905398126066e-20,2.4416650296830424e-50,1.1946163963133008e-60,0.01797442460430405
sim_strat_0456,17.747768248847535,7.924739616633678,0.0595431375776512,0.4392845380934986,0.18989398283027056,0.2079216481202761,0.012430160890418493,0.019862779656808813,1.8184534664976662e-13,2.7002510786326908e-127,0.10049964805388743,0.01891206244893176,0.013327309723209047,0.0020125970123617077,0.03822136593348791,5.390591357963413e-13,4.434787176333975e-06,0.033388683148171824,0.001613388896659554,0.014258094833750904,0.0019697451110466985,2.888368895051671e-05,4.911199737860813e-38,0.09418454809026702,0.02060542249848319,7.263796129691447e-09,0.00031217125102654295,1.9695393505757002e-10,0.013933687862397856,2.79733085182345e-18,3.549543884294166e-06,0.002281317072241496,1.8441313785155955e-05,0.3725772611155143,0.0027159743566240674,0.0023852839713746432,0.026531533157793226
sim_strat_0457,3.6453249177657283,58.077372290302094,0.02967730800935412,0.5590618668128065,0.1670309700675331,0.023084881010129676,0.03954171789770317,0.014880864413772182,9.578958771382296e-06,2.3205360759209423e-23,0.0004909924398516625,0.06944011420141227,7.923896495217372e-24,1.3834299198229217e-07,0.2212710354582168,0.042229488708711176,1.4752525871330487e-09,0.0459065726764778,7.046223430583423e-09,0.03673061649839612,0.0004371948526679725,0.2462890852035397,8.266277920728227e-06,2.7057690134778723e-05,2.3553726042419988e-08,0.0017249004856816216,2.533844625745254e-06,0.09328736071086358,5.645351975455379e-21,2.1604008237389897e-16,2.0625114277885845e-12,0.06546806868859158,1.1632493461224717e-32,0.03945191333877231,0.058353708679877235,8.122048557696446e-05,0.00128265705804882
sim_strat_0458,5.842399472789046,49.5617158604283,0.31399495606992156,0.4553809894097233,0.09524145791346487,1.0032373104352977e-37,2.0726633112345102e-17,0.00012255587954242855,1.735599590626033e-57,5.339811439024681e-22,2.901986276586353e-25,0.0049902368007537085,0.0020560299778676866,3.1908377897894265e-18,3.086124128850663e-44,2.461068080378829e-18,1.5444213221653177e-18,0.9532455834012934,1.556612514760009e-11,1.552755009901181e-11,1.6416189965051178e-28,0.03956430463849558,5.986433735993517e-08,2.702882225491001e-09,6.285663167349269e-72,2.732277667151807e-08,1.352698856638276e-87,7.90844103229492e-26,1.776437432937561e-39,1.7655584190199495e-79,6.232123469991859e-89,1.6524373461495076e-24,6.999174704704181e-09,1.208800642664399e-93,7.222148138938742e-12,8.011711757840836e-47,2.1192374560435693e-05
sim_strat_0459,20.803640522725388,10.195116544808307,0.0832369875079322,0.4964065260034933,0.0909405030325732,0.08803796216078581,3.953835458499745e-206,4.370744448498545e-87,3.171925390835756e-90,0.00019484648111079244,5.943855278728688e-37,0.047116994277937765,6.783687391773554e-17,1.3532890340880996e-05,2.778823183670894e-30,9.716150544467987e-30,2.8573358718967494e-51,0.009699292713682405,5.286514131646498e-94,2.625962789473583e-06,9.596942474201594e-67,2.2260439219555564e-17,2.6199485213967288e-40,1.8221549143185114e-25,5.1170504981060233e-26,8.189660406013028e-51,0.8537865958584092,0.00026013521621658613,1.1797164149949119e-67,5.578296718976204e-41,6.815569055362615e-73,1.2084245107230147e-44,2.061270071223442e-26,1.8657320327820658e-27,4.796623641062249e-13,1.2145944486863134e-71,0.0008880144382474223
sim_strat_0460,15.83786926530881,20.99278802011286,0.12773233199722947,0.592643787155883,0.09591608812647714,6.370257450913541e-07,1.6472774221837578e-26,3.424257189677782e-32,1.6213426040413787e-131,5.721251385005341e-25,4.1584129790388315e-200,8.20245485179274e-94,8.124732966300378e-40,5.690646722963962e-22,1.2422748935754371e-30,6.291376529311943e-27,8.568649034966644e-111,1.0444882551480924e-22,0.0007170124070564975,0.08999779840666117,4.547521208545479e-153,4.5684231615337684e-24,7.705934386541907e-24,0.009842113272596672,0.27200455389982353,1.0891168196168184e-69,5.983633323309457e-37,8.368217253124069e-09,1.0922767172561492e-33,6.9182642996483906e-37,0.6274373943948344,1.1322439516130585e-30,3.576414622737133e-71,1.0751148695662312e-257,5.902114318050955e-43,8.187905719860108e-141,4.822250654561159e-07
sim_strat_0461,12.133685852540243,19.47118720937824,0.10281762511771811,0.5814877420689175,0.07435842923114318,0.06296306621583038,1.5985235408091267e-126,3.23383782200325e-11,3.618434264478031e-11,1.5907195092194515e-18,0.002594188892389208,0.0037380298755574142,1.9706871756704017e-38,0.011936460858489857,0.00013552270459762258,4.64369335598e-08,0.00011233003540933415,4.300420526170636e-48,0.10093680516739942,0.023703794105815162,0.0013301065719041943,6.0163515297096524e-05,1.1644769067116253e-52,2.3354876667752116e-06,1.9206517472354794e-09,0.040730933716706885,2.6340958226621924e-39,0.10043016132744878,5.978573633971988e-21,0.0001256169795177054,6.620913580680488e-34,0.04313988179373652,4.8851273559407517e-11,0.15555324289386616,0.45250731138340833,4.0055635422985166e-49,8.26370597089451e-20
sim_strat_0462,5.132548054843718,64.2071644485583,0.21444469735524052,0.45467043222080755,0.08859022712077753,0.2437627536363807,0.15927859828459873,5.7056927450928025e-15,1.284704544414161e-53,1.0959933378536293e-24,0.026113347641202447,2.4862044577707262e-33,1.4300896167637814e-17,0.14402426771727156,1.9200177270066437e-50,0.00011626292560330717,0.0008576211477260766,1.8326124960798073e-06,0.03403524319029434,3.2422516278966456e-168,1.3770761607844967e-100,4.2859195480585575e-80,0.0005760673842557199,0.04709571503685183,0.00016085413243084723,0.06331880018623544,1.7329995004994703e-56,3.4031024525381795e-50,0.03998055575307923,2.5236653375186948e-45,2.7647486947156756e-52,4.9148257821559397e-39,0.2390805685291697,0.0015975118223984614,8.323117195559919e-63,1.8802001174497466e-55,2.0321663623439176e-31
sim_strat_0463,13.431260841564066,20.816144654782224,0.16328106956926297,0.467056130338951,0.10923120133806455,8.687672906863915e-23,0.9999999986214684,1.1916761833164818e-32,2.033095762454327e-135,3.3344065281532626e-10,7.851861985008076e-86,2.921962167319258e-116,5.0935557352596364e-173,7.294172112321014e-33,1.9575329127443709e-72,9.992239613092819e-76,8.213349300886169e-72,4.770605505385476e-57,1.9936196202900968e-28,6.687316801222199e-19,3.0033586964952153e-10,2.062663421214502e-28,7.445695703180947e-10,3.627217849203204e-118,1.1966160465016773e-46,1.3270153709669816e-20,7.227732587399732e-19,7.556560116185126e-98,9.88610288653004e-22,1.8522534791190467e-13,1.7610999955889165e-73,9.674214313840532e-32,1.3373007991154339e-40,7.73697261549385e-145,1.3355145837244834e-25,3.616661854182377e-60,1.162699598424058e-16
sim_strat_0464,4.354592140196067,60.83282401865398,0.2014409686776634,0.552923659387249,0.10203329993085349,2.0583176496232488e-70,6.111661507640949e-17,2.090805484381559e-51,2.6778887026596026e-49,5.66838291492452e-54,3.888378031279744e-52,4.210095417814005e-165,2.4160708628153443e-22,2.7509865684971168e-68,1.5939909520815235e-25,7.477167828402787e-58,1.0291388414031932e-06,1.4268123504676939e-39,8.755686009222553e-25,2.878227897238796e-69,4.254490594146407e-26,0.9999900545674617,2.323594699854966e-49,3.098858852130509e-10,1.0549453644623894e-27,1.0139571548518178e-09,5.807558918921435e-54,1.4804506297748718e-14,8.802997855864604e-119,2.1957769221085942e-17,9.525541613674837e-13,5.734890071775718e-28,1.6842240197084314e-18,1.1849224538058309e-18,4.055779035717016e-45,8.914968886563044e-06,2.9066691725423043e-17
sim_strat_0465,16.128409518302007,20.49934415111025,0.21428746899716294,0.46205728429300996,0.11815598559667283,0.0003197063614816246,5.100033446117809e-18,3.691229427663548e-15,0.027656172855524203,1.3290499473507873e-59,0.00047734776271307936,2.4189421970538941e-54,1.8926662519883824e-05,0.1513101808159446,0.08037991942817992,2.1450591259638562e-52,0.031658507690111116,0.000837502500034882,0.04510328187875237,0.06716311794636134,5.5810164510598255e-05,4.486763745827965e-44,3.3090377590212192e-80,1.411193398985084e-15,0.0019474174483186022,0.0066559440556896105,0.3088363827579857,0.14768536644386246,5.6414025796447575e-89,1.6402584458972741e-18,0.07880358773287764,0.016487623930397648,2.5938096362642945e-18,0.0006672361457529116,1.7353456598022698e-11,5.050532401871601e-44,0.033935967401623295
sim_strat_0466,5.445646689863811,20.045496539754655,0.03281552582860731,0.5772279442066831,0.24724917572369587,9.062139504347147e-12,2.9819254612194826e-28,3.833113426404333e-06,7.771601150162867e-11,2.7649330493678085e-64,0.01815018657655223,2.685600312829248e-25,3.1446081273646605e-23,8.95907303065099e-31,1.2708896009211093e-08,1.2086530690352806e-12,1.1331127164410363e-76,9.236006697968868e-63,1.406365764115757e-82,7.833053527827693e-07,5.20532193387642e-07,3.907898988299015e-41,1.227979940668113e-202,0.0030123046114731837,0.872259138358405,1.7895703301483535e-16,4.344447871950959e-09,0.012997786538041697,4.36166786892655e-27,5.063712239814464e-253,0.04448763037686087,7.80547570438554e-24,0.049087799403147094,1.095208236873916e-49,4.321650153724407e-11,1.04072936029321e-68,9.707268937889786e-25
sim_strat_0467,58.50801453345061,7.423291804542042,0.5344953217906452,0.5940070544434707,0.12927940240468216,1.4383011830855985e-155,0.00047929237605322445,8.080563239195052e-49,1.798833988014399e-05,4.553158794111129e-41,4.554857580672399e-32,0.0003627660277069558,2.5588410386878285e-26,5.732230267826903e-51,9.374174605041712e-14,4.243285910999397e-80,1.9758587656078384e-46,0.007640921199674397,0.06823259043222692,1.1447292085143359e-11,0.0015876232192396343,2.4236618939668002e-24,8.845710867355536e-09,0.25746079032849556,0.4313546129333053,1.5109997790102902e-74,9.49862122437732e-28,1.4407741948388603e-10,2.3629959014796203e-23,0.00044428200254517273,0.23075667170051956,5.228123975532154e-18,2.992947691467253e-26,1.273822617326266e-39,0.0016624524390238468,2.753058625712869e-38,1.0970101460468248e-40
sim_strat_0468,39.63137481235728,8.604670432732659,0.5951554451744665,0.4580050412881676,0.09730698690473212,3.586660701498351e-68,1.5321513830001684e-84,3.8418680931866373e-72,3.1707245225691106e-22,0.0,3.323757786732669e-10,4.1525372781736884e-46,3.357395724135346e-79,5.907148727087616e-81,1.2112963993112043e-32,6.026210334812098e-27,3.073261233986117e-39,1.1473865490701967e-07,0.03035203997348981,1.7373121200874427e-61,0.019559298439697635,1.1163491221611404e-91,1.2901669639788887e-80,0.08051083658500453,0.6591204777059256,1.225381622299574e-113,2.4647543842480525e-128,4.9882958831162286e-14,7.29083860433455e-33,2.0037263564488595e-34,0.08792151053658992,1.122756010234814e-16,1.1390367315111939e-07,5.464438710974346e-57,0.12253560778453856,7.665194542318521e-55,1.5763032415049343e-54
sim_strat_0469,51.96323636431599,7.322512528554908,0.6153913094391942,0.48879229808043106,0.11496164189519761,7.316570705406954e-17,3.35963162616575e-57,1.0342618019212361e-44,1.650905568919235e-05,2.560292509569437e-14,8.699044344168046e-63,1.5143133944694147e-10,1.293675759466782e-17,9.452182082186884e-40,6.249369834389026e-11,3.1892232501420663e-09,2.5490027394054347e-67,8.125295046181852e-14,0.3942214995307065,4.7044659797173085e-63,2.2727559472497744e-54,5.045676103548936e-31,1.7916335304075792e-41,0.11202458609485677,0.07424984726127438,3.757596514893051e-20,1.44685223368444e-08,1.3282702405677745e-40,3.430685302999338e-61,5.117851843517253e-51,0.21833550651493394,7.673418322251503e-16,4.481137584937775e-174,8.187263658684663e-36,0.20115203367076098,3.216576878109118e-30,1.2541464083846172e-19
sim_strat_0470,36.51822106618251,8.391297141211455,0.5769902944848074,0.6215155792877411,0.09264042063018951,9.82750153558631e-14,5.424555138088752e-09,4.772952082579076e-20,5.0891705832077846e-55,7.45810778626946e-10,0.23476829133203694,2.745972291570613e-47,7.726131759556034e-31,5.158457170433534e-32,1.08414575878204e-08,3.796763315867134e-145,6.971069627933738e-10,1.0461503038756478e-74,0.22865478382945134,8.092862450493602e-39,7.247726107211006e-24,0.06452635993294191,9.171106812201636e-33,0.07294374224817587,0.15638236342899525,9.716589917685063e-37,5.543260894165505e-09,0.029120005805904455,8.89930963937656e-06,4.266248160778751e-40,4.24740390193944e-37,1.9706041631452174e-78,2.35494762366159e-27,1.657135071400098e-259,0.17829962537895028,0.01768148796992898,0.017614417511686055
sim_strat_0471,8.190940891034415,45.00274036806519,0.21632552519251125,0.42496076437496205,0.11788033352411398,4.635154669793276e-259,2.4214548135545682e-23,1.151646087760442e-06,4.251161878788884e-48,7.974726646267709e-49,4.185189165107561e-11,1.5784669493922332e-39,2.2671197598629087e-94,3.050454113721245e-07,3.3281421599475277e-22,2.5268074274214844e-66,1.947441030865085e-25,2.517725170930084e-192,6.620877377030474e-52,6.741727789226815e-71,1.4884105297637454e-55,1.0022790041453967e-67,1.4530546988762719e-114,3.8941120925341245e-08,2.3659244224110737e-07,1.0467488460643863e-35,9.255423565099275e-16,1.9715060633005694e-10,1.6563973640538603e-51,3.5220015253078233e-141,0.9999982675359342,2.993655085005125e-53,7.906757118913766e-41,1.6062858395487373e-86,7.2138297658866655e-22,8.190015435664753e-83,7.7146757362357e-50
sim_strat_0472,15.269666684079958,18.718896264959998,0.1603895097310589,0.5656139563082526,0.23612938015751028,1.0546034584439443e-52,1.513246774406675e-47,2.5083938402465698e-64,7.539002208225841e-15,1.1856025943842595e-123,1.0007050254849648e-06,2.721156976849462e-32,1.7698308204526296e-87,7.54628772490948e-34,9.533809202272941e-154,4.818511270549347e-27,1.4687699606851693e-18,8.401019907855591e-07,8.473261563953299e-88,1.807651134106802e-07,5.970867795007524e-27,1.7722229387798455e-158,3.0721996314381347e-18,3.3819652838983986e-08,0.16082520335553244,6.264258553121562e-08,5.536744840290296e-58,1.8704645557041984e-06,9.714301981375549e-12,1.4948684480298055e-55,0.021810806324001727,5.522898196314423e-18,0.8173600018118202,3.917786162668712e-139,9.610875770956278e-19,6.205912778634808e-67,1.0121958720109378e-18
sim_strat_0473,20.72883302692171,12.395867782211177,0.126554200569283,0.5151967560091696,0.06077906751840864,8.580918995045716e-34,6.981436116426184e-99,0.016023265910175315,0.05469386805191887,7.904678115523538e-95,5.687168691016e-52,2.8263598400167818e-25,7.49682344556895e-12,1.285535335600053e-06,2.1832661375022645e-49,6.793696779232615e-26,6.803907935889194e-43,0.002306320801931449,1.1561324301222292e-35,4.133699202920931e-163,6.755080560674412e-09,1.0808702766821127e-39,4.983686919427606e-47,2.197875442106633e-21,3.733008315878239e-56,2.8419882089630927e-75,1.583034925147145e-33,1.880756698079184e-06,1.2809398781087836e-22,4.472132164313815e-11,1.0656087419921034e-42,1.6454911430012258e-119,0.045159574428164026,1.0466989386717377e-14,1.1932391334890023e-168,0.05709742786252863,0.8247163698459389
sim_strat_0474,31.155523370768393,8.756057795761135,0.16052043118719633,0.419198193115073,0.09826489537182802,0.2141340347300892,0.006838633009781244,0.09697703135589858,0.024141097212876172,0.0026753780458787777,0.14010397005327185,0.08317845177085743,0.01524314318657538,0.02008267885227275,0.0033351146804176906,2.8386623924608576e-95,0.012202311954337533,0.0013113007356669651,7.063525481031484e-90,0.03283894006545426,6.3037987837951e-05,5.085184329941649e-07,1.599095915526211e-42,0.11226209782511536,1.0109457451075935e-98,5.368435117139895e-88,0.01771467655537812,0.05371188912054295,0.02399700783620872,8.829209502945936e-18,3.3600725690733735e-08,1.9123836452762476e-34,0.05805289857323474,0.0004104626961521197,4.6065198692018106e-07,0.031561159590415055,0.049163681390591435
sim_strat_0475,2.978523912055001,59.154535111662305,0.40470556979926414,0.5560048145462495,0.05707801434865998,5.774646280007438e-61,1.71413601391925e-123,0.00452084173561369,5.939208722152827e-29,0.00029943724910028874,8.418527212193448e-12,1.910370217760683e-07,1.199556214503717e-76,1.7073211700771623e-77,2.8156499991540216e-27,7.463142675956147e-59,5.277072633137343e-11,1.1087413511871953e-20,2.9268934413677066e-45,3.926500496384654e-84,9.882695472747865e-47,4.580116071275959e-24,1.7477026411544232e-85,6.127594849220824e-29,4.177254399806503e-12,6.785466408559082e-33,2.4202406619486413e-44,3.0441454731361224e-181,2.0750532901084204e-31,1.3312851132737431e-12,1.153108769119172e-102,1.8303398950718455e-46,1.2979108062001914e-86,1.538832036985526e-52,3.79908445066992e-09,2.0177644865346744e-92,0.9951795261124818
sim_strat_0476,22.842804979082246,14.015689365304732,0.6027140023285571,0.4986263036928513,0.10483007422642929,5.18532606564792e-82,6.369426799003223e-15,3.210222499912411e-44,1.8202996144171985e-60,8.781956247643878e-18,0.30443945213941176,1.816325037933944e-22,3.49707146785146e-11,3.3298251544444007e-97,2.9595281290393125e-17,5.089825017100474e-12,9.355297072225855e-32,3.1330201897452367e-26,0.43279182256538334,2.123029929649467e-89,1.4596515637293255e-32,2.174028539907442e-05,6.554771358241983e-29,0.0024492291400714503,0.25811294403079627,6.880141602387808e-119,5.983355522614942e-31,3.709771480733783e-13,1.4453002702658794e-42,1.28693500974086e-60,9.269790498515654e-101,8.448310447594338e-104,1.189748409984504e-152,7.086321420826447e-52,0.0021810383324223385,3.773466077846578e-06,1.2226086441697823e-43
sim_strat_0477,15.542394263525674,14.82959834603297,0.06831397632381571,0.5587567346253403,0.09016376432225078,2.8221213611496613e-18,0.0055953855306903845,6.998005378294604e-15,2.3173328117561963e-05,3.249415735626334e-144,3.4813485179991994e-05,0.0001616559358079312,8.264989255602868e-05,0.03385224674759162,4.340365907539602e-22,0.0032193082459751055,4.0616536158277354e-07,0.003393623864845919,0.014122620735477891,0.003635931354290006,0.00033843017842272454,3.0159782709314957e-62,8.523545554488058e-17,0.22533402902138977,0.19286165145358075,0.1401383224172925,0.00019002076599417158,0.0011939636896174776,4.0636687408349655e-45,0.00018098958812683307,0.31099639911235083,1.6560601595254265e-06,0.06464272242716429,1.7413658560989928e-40,6.752593870007865e-23,4.9058238155657284e-21,2.444548840880474e-45
sim_strat_0478,25.118901402130128,9.928284208262149,0.06706260494453599,0.44882329284037814,0.1130998213620143,8.147865344590817e-28,0.10938330532727203,3.849869845247887e-05,0.001882950552309632,7.286350574195397e-67,0.3987718926050768,4.948820468025969e-07,0.03809976663436669,0.0006963712485481608,0.00036654984579025834,0.02361752098290169,0.013670984126912145,7.388364611471488e-24,2.0548860232883767e-05,0.019934683651179574,0.010114489760207901,2.8431430957576914e-225,2.633441185202554e-38,0.007221853820402061,0.20883215761812782,0.009159539283276468,0.029207642567545093,0.0013117860413704564,1.4308133871665833e-22,0.006128993150102605,0.031602269807112233,1.8615341845977744e-05,0.006206726928307554,4.9909527790596e-11,2.4361892735160317e-64,8.584325064573141e-22,0.08371235821670311
sim_strat_0479,13.885834476651851,20.713159312447605,0.05991178105028625,0.44803815232719735,0.21134440051400114,0.24315282718993797,1.1159656727871166e-06,0.0059055327182204,0.055150690778569114,7.120731837980226e-20,0.01233304735532689,7.62738756432944e-05,0.0052364319196597535,0.06387548073554812,8.947154900489494e-20,9.237294747229275e-06,0.002775179584265741,0.0004024492369712843,0.04625486910854013,0.31281572793106943,0.04110453564382694,3.989493935826813e-08,8.405993336460812e-37,0.0062522942764887965,0.029903326478069907,0.008767689523514272,0.0021989834280625857,3.241112005483326e-07,2.985884774987624e-16,1.4504793629316984e-41,9.385646379987531e-06,0.0004823091412068411,4.0402852235871206e-05,0.004842155235028274,1.5357006617775423e-61,0.00027549612672203143,0.15813419394815215
sim_strat_0480,13.39055274166489,24.12726886454189,0.1786211470257057,0.5147962049704762,0.08511509493615851,1.842650174147811e-09,9.591112563526567e-40,1.1293703188429361e-24,0.9235614496043063,4.032324756432834e-38,0.07563962982867718,9.948178990561085e-27,3.242876064721934e-26,2.3274232748231652e-05,1.6821428147139008e-46,3.3565448157420376e-132,0.0002267303850852542,3.953559168776549e-10,7.595125568123991e-27,4.1177136341114616e-11,2.7025292637881213e-72,5.315289588006445e-82,2.3920685136963643e-10,2.1381360345856175e-37,7.011212054107554e-88,8.62111954291417e-33,1.100307554551055e-103,0.0002810226643574378,6.209001010418199e-35,1.0593318746938822e-76,1.5633062267108696e-69,6.433133889858541e-19,2.4566220798262945e-55,8.711335311716057e-13,2.655544498281024e-103,3.001522763915986e-19,0.00026789076556438235
sim_strat_0481,6.111800481651271,66.3143634794414,0.22747954480639593,0.6081710472283093,0.25170861089101776,6.402904864661808e-23,3.5413047701789406e-120,2.402296378844645e-38,2.4986695896059804e-20,5.95541477886214e-17,2.9026927041039694e-92,0.0019997683517627247,0.683554852547979,3.5047318589614183e-130,9.474013682041274e-34,6.509026286901275e-11,1.290576093184625e-59,3.6082186449114974e-81,1.596219574718531e-92,2.6259508385683697e-49,0.16036138074090256,0.1056767118819775,9.95401801023407e-09,2.1804407667375043e-61,0.046058978966057075,6.515471960191478e-79,7.392930106030792e-23,1.1802048455180995e-33,1.99046621807431e-18,1.3419872984039074e-20,3.2174945312716e-57,4.522581120949208e-16,6.528721318880771e-22,1.8408126293588262e-08,1.349927135757472e-24,5.063645841390146e-79,0.00234827908408611
sim_strat_0482,18.497805041535646,14.799127597065091,0.08570218854022883,0.4698089645446678,0.2154271447202782,2.5629735527548125e-48,0.016002103587428533,4.862334315289814e-16,3.4364869762103844e-07,4.910915743229821e-14,0.4034036712636553,5.358520009517246e-26,0.027555828719637056,0.0017774791057205393,2.3959062087928925e-08,8.809139811136349e-37,2.2576910514210813e-05,9.025186874412146e-69,4.0543186227970745e-50,0.027930311695155766,0.0339732137153074,6.975302687293452e-08,1.7438681089102817e-67,0.23565148654594212,0.06374964619362673,9.888531261590214e-53,0.002457921122071302,8.201758549337786e-19,3.771384693415279e-63,0.05717422381911659,0.09555644770825213,2.0365327201442726e-10,0.03473956817938807,3.989105818408825e-112,6.094177294819366e-20,1.550804166516239e-13,5.083869539841108e-06
sim_strat_0483,175.27886784515798,0.5419416683227732,0.0814302112202111,0.5398901827315926,0.033228184720906634,0.001642066796983185,0.12994801607621412,3.378632160752446e-08,0.0015105337828577486,2.248603149644831e-22,0.004441742387922483,3.3068197630103974e-06,7.538298452787699e-24,9.143770969162478e-07,7.931302957830751e-08,0.0014510287081055974,8.859858400015927e-06,9.603944621610521e-14,0.002407045356459561,0.08732853772328544,4.848862668511486e-08,6.015452953964493e-154,5.0035856214958366e-08,2.3077657335215627e-05,0.22756930505301085,2.7943390420661484e-11,2.336892778139142e-10,0.0004316468734458356,1.9167778103966098e-31,2.7211651722595535e-59,2.000792950427852e-06,0.00045907611535148725,1.8188895871419478e-09,1.599374424368259e-07,3.1022336044885466e-08,0.5426078907064664,0.0001645462501208395
sim_strat_0484,16.86133706472884,19.18266909191288,0.20073734355058695,0.44939267157752255,0.15754955594834194,2.1983589504219943e-12,0.0001605962971919944,1.5674965868066112e-17,5.250700779069951e-19,0.7487018027671671,0.003505078630464847,1.2830647174749463e-11,8.339035431149802e-15,0.0034074842321826127,3.377504095782019e-67,6.201587642462792e-23,2.310491220919747e-46,2.4795939976221577e-72,0.24185227973407117,6.519303024172722e-92,2.6930902193110984e-96,4.2500188073297635e-69,4.921878128281393e-30,3.261929691500997e-72,7.268188749555708e-138,0.0023727347650861707,3.5839027053219647e-50,2.7443240066558236e-60,7.68568432022247e-176,6.325477963542174e-23,3.673118384848851e-17,2.3557286642352365e-08,1.8315292872755267e-35,1.5121336008591642e-12,3.3634767201933517e-31,5.784400477787932e-37,8.864259451312246e-32
sim_strat_0485,27.053109925592,12.593244394420092,0.20917429406540297,0.582817467349521,0.15328944509049347,2.8794067688390676e-22,5.273281202919317e-68,1.863266195154322e-30,0.11994938662231755,1.8033005410735744e-08,0.822769051785691,1.082313231108965e-38,8.232190167093677e-32,1.2445702380481465e-12,1.7952134431290288e-05,6.143598031638535e-151,3.0721992998709656e-66,2.69276254933552e-11,2.0984450933656376e-05,3.397321354378626e-11,6.271503989195833e-77,6.736475024450746e-42,0.00026176973302588204,2.4547983975064715e-55,1.6153226643755815e-08,1.0294976537553502e-23,4.0951554592347543e-13,9.075210858315234e-27,4.630137724040081e-70,0.046601201066802996,0.00811768227500023,1.7191892982107942e-17,7.447736971152318e-64,8.854722668361041e-80,1.0926193017850954e-40,1.9679312774232817e-78,0.002261937683010524
sim_strat_0486,7.576591018197635,50.44782996385534,0.22859237001139382,0.5421401627530474,0.12123890899735232,1.870978079007208e-67,0.009938281888581793,3.630945060709328e-60,7.407389360625948e-18,4.2724906766125447e-16,4.4291693221187366e-23,1.1329730497674426e-82,5.667374318146097e-25,1.1479516489197304e-54,9.028661971412724e-33,1.7019089652270635e-13,2.1444732845654234e-31,9.515580900872054e-71,2.7212542358501456e-39,1.3321942251439214e-40,5.813562772289973e-78,1.6292125315179583e-60,5.8228042699614215e-05,5.6734813123284794e-96,0.8800817949628847,6.309990306277982e-58,5.764168423008741e-98,0.004409005995655868,6.210069725281074e-07,2.140050132230922e-115,2.893107353627231e-30,2.4285908117502553e-39,1.1358919085464954e-96,2.256273487096929e-69,0.10551206784197378,7.667258286753092e-87,2.6106104963966125e-10
sim_strat_0487,3.436153411583467,62.794787478038856,0.0654877123365048,0.627597164128049,0.4403066873956133,6.73329768220551e-31,0.12805816938260248,1.1856612672534041e-32,2.6847211354027574e-15,2.1483976296799684e-08,0.1855913461500718,9.380547706252078e-14,7.6278335955668404e-06,2.0820944459523237e-05,4.9659284814160996e-11,1.0524847093323124e-64,1.4162634867218783e-18,1.2699785207068243e-139,1.0456118435674553e-10,0.00010566069829842481,8.610343304660394e-40,0.009262246680937253,0.0001515472934540493,0.02171838559745439,0.18286620458767083,8.106064426601163e-62,1.086295717841103e-31,0.0007196473571969055,2.0737600068990593e-61,0.13151202610331542,0.33115099238997303,2.4698656640843186e-06,0.006083319268309516,3.30548391284867e-29,6.532366549061747e-35,0.002749514208703426,8.021001340565028e-43
sim_strat_0488,23.939028900403045,10.985174483277081,0.12291362702372083,0.5179375299109664,0.04843477728084285,0.24281718077842457,0.008735911918765741,5.615486802320503e-05,9.132491397489254e-09,2.9699181677638256e-54,0.03009214002959007,0.0397589368310128,1.1252330586513814e-105,0.01398831673241499,1.3706002527590363e-44,3.126398315944197e-23,0.07350680114210181,0.20966424033645367,8.506137915799963e-82,3.433141415145634e-101,0.11770733241586431,2.5264981615836266e-62,9.553108013312662e-277,2.111989190234039e-05,4.09690653448697e-12,4.2545512955866524e-05,0.04475106238537638,0.13034800368651447,5.946022648438845e-65,1.8147980820619205e-59,0.00046877844856636156,2.190300896037047e-227,1.741050845882422e-32,2.5496355803971753e-12,0.07843705707451028,0.00437929606848483,0.005225112739900335
sim_strat_0489,6.256202295958515,91.74986780552148,0.08256302525906432,0.6211770765964487,0.0888315666581875,5.2884623206873714e-06,2.8251896838325023e-52,0.008284878312492685,5.9003637720819885e-28,6.410426831339004e-29,0.05927570401492164,0.03421545912792241,2.5374419326167573e-25,0.2810861463283465,0.0003027614998271092,0.004316109595232441,0.00022380061635013875,0.0614529880445264,2.3536847615238614e-08,0.12826415215098588,1.2403279981689673e-34,7.111959298651367e-24,0.02484640708843183,0.03175116476170842,6.167766861535508e-39,0.0005522938402077151,0.03831600021327624,0.015308765040638495,2.681590359530474e-28,2.5091409553697914e-10,0.003416447629582761,0.30668561073623724,2.763600374410606e-67,1.3201312319802177e-57,3.413263691852899e-28,4.3411181594320845e-08,0.001695955338048056
sim_strat_0490,20.41937430193813,6.289684953819323,0.07134889240532212,0.4798829366063145,0.17565518689263504,0.2033327798552854,1.8890543601813703e-05,0.10972758316918285,7.522539006058877e-06,7.091736195410186e-35,0.21529948953039824,0.009737689864498807,0.05456781843006809,0.027056502505798802,7.520980117841021e-05,5.761618474097593e-07,0.031531506471812354,0.033108168883896616,0.02504756895173933,0.01392114614252351,0.0245026305921964,0.009607090443852747,0.08418332106476459,0.0033315453563183884,0.04545374839681959,0.0533470327227273,5.256752307712771e-07,3.2903897123346265e-06,5.850592681358393e-07,1.2527467559904787e-37,0.008803307569335068,3.437855760165064e-10,1.425570128957804e-06,0.013491348470075612,0.00019526172831618618,0.0005015977761374119,0.03314483599049363
sim_strat_0491,3.766772287151342,66.69854818343514,0.03244855061408125,0.41950717057465164,0.20752449108995993,0.0023262834769399014,0.013706289841286978,0.012815405344939752,2.083490806826779e-17,3.509925219217115e-08,0.10433386435739855,0.1137016267168654,1.1259357464163804e-08,0.0018565738209543141,0.16171976337244026,4.301198889673285e-06,2.860636341737018e-14,0.03554428314713229,1.365227568156827e-12,0.001892029533777614,2.8727258916068156e-05,0.030351370400330036,1.8271274720223343e-10,1.4519199905479152e-08,0.0011828877178212357,0.17166231740110519,1.8048639292265065e-05,0.09532415356002702,0.007162585062192714,2.5266661565265154e-07,1.5010028532318738e-07,0.05448178628514817,2.513143375614469e-76,0.030744967934146793,0.1017227461496972,0.014270072647216888,0.04514945230466422
sim_strat_0492,5.429192757226043,48.820909646531916,0.29116871547321094,0.36754571033424616,0.10081642572398579,5.684830477205544e-61,2.4097564365925735e-31,0.012007291436308068,1.3142838701118185e-33,1.171429392544435e-34,3.9025247914438097e-28,0.004552138528771644,3.6618210160947145e-65,1.6180554716685716e-30,2.8201564543173287e-32,4.8293892023357735e-08,4.6454986893770894e-217,0.9833642474502295,2.1872490796878425e-08,2.944450090156139e-72,4.137708943707361e-10,4.785243362124822e-38,3.278996347237662e-83,1.7155052551539464e-100,1.3898048395346082e-64,1.008727834947218e-135,7.625077921993778e-05,1.2525377920911564e-21,3.762327091928244e-52,6.089399515603447e-138,2.033483643107498e-27,1.2253171983471207e-09,1.7956557707539195e-57,1.0267844699814094e-62,3.0495499175509497e-94,7.846505709127153e-64,5.8305366358236005e-78
sim_strat_0493,23.73464427002887,12.045444107326455,0.0750405509971864,0.5026905381071982,0.08911443053693016,0.4088279033085093,2.4112066088900314e-83,2.0798392580980355e-16,1.029831041213008e-08,6.933681334950279e-07,3.469371750315577e-183,0.00024265685119206077,1.2574898417960807e-74,2.930739787983697e-137,0.00026523943402006095,2.3609417433725525e-29,2.4757478101469543e-14,0.0334503675481071,2.7302348337451122e-21,1.9540358660743866e-34,4.5766704688000436e-06,0.04411395722267372,4.452519472780516e-48,1.7004069813199996e-148,6.081514103952475e-65,1.5044526842968127e-05,0.5109673516259398,1.1779165628107307e-08,2.9318094798573554e-46,2.7381068696188094e-20,7.749415530616227e-13,1.077869338897247e-56,2.451333043069475e-22,4.2479463025504427e-100,4.1005251693246814e-51,3.0028110200013055e-78,0.0021121873658367777
sim_strat_0494,16.76109835756272,18.29299994859647,0.16842577334951503,0.5181013553024691,0.11458583369704696,2.091543074917515e-26,0.00012425408314231957,7.846105217144314e-18,2.231963375643442e-50,7.812156668127674e-05,1.3352954218215522e-30,1.281830862161345e-100,7.769900584308231e-30,3.146012730534191e-139,2.439654721433606e-14,6.903918678214141e-25,1.663307841882473e-45,2.5852837951348567e-15,7.814181949303711e-39,0.5591369225548881,3.701524968186636e-12,8.769737497067285e-30,8.560950333753343e-46,1.0113458433541677e-23,0.3724327797167711,2.0792210095059127e-82,1.2286343287188245e-23,2.4748075263958414e-43,1.1885885121479388e-49,3.074830859519326e-62,0.06822792207478857,0.0,4.0315951545653106e-69,4.1897315109572476e-46,9.632438697230346e-18,1.4488163797187813e-85,1.9251608977960067e-195
sim_strat_0495,17.048010301379,17.58302532470952,0.07742743708805955,0.5976942083404418,0.0791668850278887,0.016257993298668234,0.05178255634947674,3.788156730176143e-05,0.0034067738770353967,8.920671027786225e-79,5.986023179531639e-06,0.00016309445514386546,3.85655034580847e-117,0.0231977293647163,2.2495473458670445e-12,4.219452049635933e-08,0.22712822831122795,3.7692228000220906e-40,0.0011697676978728846,0.034961865198398785,0.052180614730708806,4.606410617825692e-11,1.7879326925612635e-79,7.962395676549079e-05,2.5980112755849786e-13,1.3746320137920352e-08,3.385292220980022e-07,0.03295558137858332,3.682892182346511e-10,0.0002958981427847191,2.851236624831549e-14,0.001519093518075978,1.0043276583946777e-66,0.34853916172357147,0.20631775551953482,1.7203733650525608e-26,9.810729723473705e-27
sim_strat_0496,6.920386380399446,54.82873105578215,0.21544251089491814,0.5338801354904471,0.08763567232789617,0.21913995528334027,0.026727335972205616,6.773404304803688e-23,6.511705341643094e-27,7.587353797461501e-36,0.20037287755164532,1.4323884174669415e-19,4.071647891676283e-10,0.31913653200759745,6.17869974860798e-38,0.03148994030071111,0.00019171090763417145,5.890992823663846e-07,0.16430314240481877,1.1765113577790391e-26,1.017309892866895e-65,2.530158957580062e-56,9.849730745557208e-32,0.011229850710365637,7.469694722543534e-06,0.006898276161213928,4.445677792622331e-06,3.779422616170916e-31,3.665033324300942e-10,5.721309261800323e-22,3.0008431706765137e-33,4.1025434489272854e-16,0.020464272870865986,2.635105671601453e-07,3.333707342726984e-05,2.6715899672009408e-96,1.413469636209081e-13
sim_strat_0497,14.762192328955486,19.387000133962925,0.13846974539197143,0.4255882161774262,0.13511229602531982,5.731900459914323e-27,0.9969040847075094,1.4980612293807443e-27,5.948059403026599e-44,2.0387576283593043e-05,2.2016719084965616e-25,6.49006533393995e-07,4.3639875069139876e-67,3.3618971486258727e-23,1.2794486388646075e-59,2.037350154172049e-40,1.2750746195788123e-11,3.1365933328628837e-75,1.326172801309744e-27,5.016296490319589e-14,7.622163726728225e-64,7.978637449229407e-10,7.923981474832426e-56,5.642659729024748e-65,3.6150727512473717e-35,5.297359964007751e-190,3.7300646865264653e-19,1.1363619058849503e-25,5.136427326405983e-47,2.140998090409215e-77,3.152964631893406e-93,9.309244788143237e-34,6.929055212549198e-50,1.0867544855734342e-24,3.3360628448377575e-62,5.321160149741342e-75,0.003074877899009182
sim_strat_0498,3.8376445597073636,64.60765609205214,0.1862587447494354,0.5290606988058469,0.10645964091445127,1.069859369433363e-18,2.1053321252099703e-85,5.149711519542819e-48,1.8843088714724044e-86,1.3279281013976434e-09,1.4360859222844938e-90,4.045957462847503e-10,1.3634694873535963e-97,4.4372641462181826e-20,2.7371397375410363e-33,1.9318677180626263e-62,2.1871294765982498e-61,8.920572458842786e-31,5.14438894479125e-60,1.3361583109358485e-45,1.747800177536997e-165,0.9999980964981924,9.67029112819449e-69,3.730628312114777e-52,1.3588659935051816e-25,1.89286690076134e-58,7.920304132976061e-15,2.0432090681390237e-33,4.137563587517043e-12,1.6820779063198017e-83,1.621095157398058e-40,8.116812327667087e-61,1.767327094479866e-06,1.3772448918327317e-24,1.6885701138792025e-76,5.731034546983722e-39,1.3443804382891086e-07
sim_strat_0499,14.95269595397642,24.73752217619842,0.1648899596428955,0.47193283351048454,0.10106976924412446,2.807254470485342e-07,1.5471128443866052e-90,1.4327641382682012e-66,0.011848480220850523,1.1262000204024307e-53,0.010575162480526864,2.0571030729682215e-32,3.9547802622824655e-17,0.0018165824921512503,0.033455544445254254,2.4838414079358886e-110,0.023501922681326257,0.11456275022908292,0.1683585015801848,0.10290640535049651,9.01911080642665e-09,2.1555430717895993e-58,1.7157099742965914e-45,1.1552808665516902e-89,3.246308666199853e-05,0.15474592044077937,0.015586578282911928,0.19810830669842106,1.2522647799250857e-15,0.0003998429838366226,0.0336587872968745,0.11943528124574312,9.436868539702515e-25,8.33555407326807e-69,7.326264563256725e-99,3.152441751761985e-39,0.011007180740338794
